[
{
    "fields": {
        "code": "abk",
        "display": "Abkhazian"
    },
    "model": "core.language",
    "pk": 1
},
{
    "fields": {
        "github": "ajrbyers",
        "middle_name": "",
        "roles": [
            1,
            2,
            3,
            4,
            5,
            6,
            7,
            8,
            9
        ],
        "confirmation_code": "",
        "date_confirmed": null,
        "country": "GB",
        "twitter": "ajrbyers",
        "profile_image": "profile_images/7c017716-9896-4f0d-bd5f-84a16daa8af3. (1)",
        "linkedin": "ajrbyers",
        "email_sent": null,
        "orcid": "0000-0002-4669-4330",
        "department": "Technical",
        "facebook": "ajrbyers",
        "user": 1,
        "impactstory": "sdfsdfds",
        "signature": "Tech @ UP.",
        "salutation": "Mr",
        "activation_code": "",
        "institution": "Ubiquity Press",
        "biography": "Technical Account for Ubiquity Press."
    },
    "model": "core.profile",
    "pk": 1
},
{
    "fields": {
        "github": "",
        "middle_name": "",
        "roles": [
            4
        ],
        "confirmation_code": "",
        "date_confirmed": null,
        "country": "DZ",
        "twitter": "",
        "profile_image": "",
        "linkedin": "",
        "email_sent": null,
        "orcid": "",
        "department": "Technical",
        "facebook": "",
        "user": 2,
        "impactstory": "",
        "signature": "dsfsdf",
        "salutation": "Mr",
        "activation_code": "",
        "institution": "Ubiquity Press",
        "biography": "dfsdffsdf"
    },
    "model": "core.profile",
    "pk": 2
},
{
    "fields": {
        "github": null,
        "middle_name": null,
        "roles": [],
        "confirmation_code": null,
        "date_confirmed": null,
        "country": "",
        "twitter": null,
        "profile_image": "",
        "linkedin": null,
        "email_sent": null,
        "orcid": null,
        "department": null,
        "facebook": null,
        "user": 3,
        "impactstory": null,
        "signature": null,
        "salutation": null,
        "activation_code": "4abcb044-37bc-4416-8dd1-6e632ed27371",
        "institution": "",
        "biography": null
    },
    "model": "core.profile",
    "pk": 3
},
{
    "fields": {
        "github": null,
        "middle_name": null,
        "roles": [],
        "confirmation_code": null,
        "date_confirmed": null,
        "country": "",
        "twitter": null,
        "profile_image": "",
        "linkedin": null,
        "email_sent": null,
        "orcid": null,
        "department": null,
        "facebook": null,
        "user": 4,
        "impactstory": null,
        "signature": null,
        "salutation": null,
        "activation_code": "239d3b30-873e-4c90-a030-88c3a7f09c44",
        "institution": "",
        "biography": null
    },
    "model": "core.profile",
    "pk": 4
},
{
    "fields": {
        "github": null,
        "middle_name": null,
        "roles": [],
        "confirmation_code": null,
        "date_confirmed": null,
        "country": "",
        "twitter": null,
        "profile_image": "",
        "linkedin": null,
        "email_sent": null,
        "orcid": null,
        "department": null,
        "facebook": null,
        "user": 5,
        "impactstory": null,
        "signature": null,
        "salutation": null,
        "activation_code": "d0bea6f3-f971-47de-9f1c-2c5aa9983c46",
        "institution": "",
        "biography": null
    },
    "model": "core.profile",
    "pk": 5
},
{
    "fields": {
        "github": null,
        "middle_name": null,
        "roles": [],
        "confirmation_code": null,
        "date_confirmed": null,
        "country": "",
        "twitter": null,
        "profile_image": "",
        "linkedin": null,
        "email_sent": null,
        "orcid": null,
        "department": null,
        "facebook": null,
        "user": 6,
        "impactstory": null,
        "signature": null,
        "salutation": null,
        "activation_code": "cca9ad46-f3ce-45c8-ae99-d1fd39d6e7f8",
        "institution": "",
        "biography": null
    },
    "model": "core.profile",
    "pk": 6
},
{
    "fields": {
        "github": null,
        "middle_name": null,
        "roles": [],
        "confirmation_code": null,
        "date_confirmed": null,
        "country": "",
        "twitter": null,
        "profile_image": "",
        "linkedin": null,
        "email_sent": null,
        "orcid": null,
        "department": null,
        "facebook": null,
        "user": 7,
        "impactstory": null,
        "signature": null,
        "salutation": null,
        "activation_code": "725be1fb-3a47-4154-8ae3-2fb055cfafeb",
        "institution": "",
        "biography": null
    },
    "model": "core.profile",
    "pk": 7
},
{
    "fields": {
        "github": "",
        "middle_name": "",
        "roles": [],
        "confirmation_code": null,
        "date_confirmed": null,
        "country": "US",
        "twitter": "sloan_sabbath",
        "profile_image": "profile_images/7ea6a629-d0cc-4ed7-b60c-75c9d7107baa.jpg",
        "linkedin": "",
        "email_sent": null,
        "orcid": "1234-1234-1234-1234",
        "department": "Economics",
        "facebook": "",
        "user": 11,
        "impactstory": "",
        "signature": "Sloane Sabbath<p>Economics Anchor</p>",
        "salutation": "Miss",
        "activation_code": null,
        "institution": "ACN",
        "biography": "Economics Anchor at ACN."
    },
    "model": "core.profile",
    "pk": 10
},
{
    "fields": {
        "github": "",
        "middle_name": "",
        "roles": [],
        "confirmation_code": null,
        "date_confirmed": null,
        "country": "AF",
        "twitter": "",
        "profile_image": "",
        "linkedin": "",
        "email_sent": null,
        "orcid": "",
        "department": "qsdlkj",
        "facebook": "",
        "user": 13,
        "impactstory": "",
        "signature": "adfadf",
        "salutation": "Miss",
        "activation_code": null,
        "institution": "asdj",
        "biography": "aslkjda"
    },
    "model": "core.profile",
    "pk": 11
},
{
    "fields": {
        "first_name": "Andrew",
        "last_name": "Byers",
        "middle_name": "",
        "sequence": 1,
        "author_email": "andy.byers@ubiquitypress.com",
        "country": "GB",
        "twitter": "ajrbyers",
        "linkedin": "ajrbyers",
        "department": "Technical",
        "facebook": "ajrbyers",
        "salutation": "Mr",
        "orcid": "0000-0002-4669-4330",
        "institution": "Ubiquity Press",
        "biography": "Lead Software Developer at Ubiquity Press."
    },
    "model": "core.author",
    "pk": 1
},
{
    "fields": {
        "first_name": "Andrew",
        "last_name": "Byers",
        "middle_name": "",
        "sequence": 1,
        "author_email": "andy.byers@ubiquitypress.com",
        "country": "GB",
        "twitter": "ajrbyers",
        "linkedin": "ajrbyers",
        "department": "Technical",
        "facebook": "ajrbyers",
        "salutation": "Mr",
        "orcid": "0000-0002-4669-4330",
        "institution": "Ubiquity Press",
        "biography": "Lead Software Developer at Ubiquity Press."
    },
    "model": "core.author",
    "pk": 2
},
{
    "fields": {
        "first_name": "Andrew",
        "last_name": "Byers",
        "middle_name": "",
        "sequence": 1,
        "author_email": "andy.byers@ubiquitypress.com",
        "country": "GB",
        "twitter": "ajrbyers",
        "linkedin": "ajrbyers",
        "department": "Technical",
        "facebook": "ajrbyers",
        "salutation": "Mr",
        "orcid": "0000-0002-4669-4330",
        "institution": "Ubiquity Press",
        "biography": "Lead Software Developer at Ubiquity Press."
    },
    "model": "core.author",
    "pk": 3
},
{
    "fields": {
        "first_name": "Andrew",
        "last_name": "Byers",
        "middle_name": "",
        "sequence": 1,
        "author_email": "andy.byers@ubiquitypress.com",
        "country": "GB",
        "twitter": "ajrbyers",
        "linkedin": "ajrbyers",
        "department": "Technical",
        "facebook": "ajrbyers",
        "salutation": "Mr",
        "orcid": "0000-0002-4669-4330",
        "institution": "Ubiquity Press",
        "biography": "Lead Software Developer at Ubiquity Press."
    },
    "model": "core.author",
    "pk": 4
},
{
    "fields": {
        "first_name": "Andrew",
        "last_name": "Byers",
        "middle_name": "",
        "sequence": 1,
        "author_email": "andy.byers@ubiquitypress.com",
        "country": "GB",
        "twitter": "ajrbyers",
        "linkedin": "ajrbyers",
        "department": "Technical",
        "facebook": "ajrbyers",
        "salutation": "Mr",
        "orcid": "0000-0002-4669-4330",
        "institution": "Ubiquity Press",
        "biography": "Lead Software Developer at Ubiquity Press."
    },
    "model": "core.author",
    "pk": 5
},
{
    "fields": {
        "first_name": "Andrew",
        "last_name": "Byers",
        "middle_name": "",
        "sequence": 1,
        "author_email": "andy.byers@ubiquitypress.com",
        "country": "GB",
        "twitter": "ajrbyers",
        "linkedin": "ajrbyers",
        "department": "Technical",
        "facebook": "ajrbyers",
        "salutation": "Mr",
        "orcid": "0000-0002-4669-4330",
        "institution": "Ubiquity Press",
        "biography": "Lead Software Developer at Ubiquity Press."
    },
    "model": "core.author",
    "pk": 6
},
{
    "fields": {
        "first_name": "Andrew",
        "last_name": "Byers",
        "middle_name": "",
        "sequence": 1,
        "author_email": "andy.byers@ubiquitypress.com",
        "country": "GB",
        "twitter": "ajrbyers",
        "linkedin": "ajrbyers",
        "department": "Technical",
        "facebook": "ajrbyers",
        "salutation": "Mr",
        "orcid": "0000-0002-4669-4330",
        "institution": "Ubiquity Press",
        "biography": "Lead Software Developer at Ubiquity Press."
    },
    "model": "core.author",
    "pk": 7
},
{
    "fields": {
        "first_name": "Andrew",
        "last_name": "Byers",
        "middle_name": "",
        "sequence": 1,
        "author_email": "andy.byers@ubiquitypress.com",
        "country": "GB",
        "twitter": "ajrbyers",
        "linkedin": "ajrbyers",
        "department": "Technical",
        "facebook": "ajrbyers",
        "salutation": "Mr",
        "orcid": "0000-0002-4669-4330",
        "institution": "Ubiquity Press",
        "biography": "Lead Software Developer at Ubiquity Press."
    },
    "model": "core.author",
    "pk": 8
},
{
    "fields": {
        "first_name": "Andrew",
        "last_name": "Byers",
        "middle_name": "",
        "sequence": 1,
        "author_email": "andy.byers@ubiquitypress.com",
        "country": "GB",
        "twitter": "ajrbyers",
        "linkedin": "ajrbyers",
        "department": "Technical",
        "facebook": "ajrbyers",
        "salutation": "Mr",
        "orcid": "0000-0002-4669-4330",
        "institution": "Ubiquity Press",
        "biography": "Lead Software Developer at Ubiquity Press."
    },
    "model": "core.author",
    "pk": 9
},
{
    "fields": {
        "first_name": "Andrew",
        "last_name": "Byers",
        "middle_name": "",
        "sequence": 1,
        "author_email": "andy.byers@ubiquitypress.com",
        "country": "GB",
        "twitter": "ajrbyers",
        "linkedin": "ajrbyers",
        "department": "Technical",
        "facebook": "ajrbyers",
        "salutation": "Mr",
        "orcid": "0000-0002-4669-4330",
        "institution": "Ubiquity Press",
        "biography": "Lead Software Developer at Ubiquity Press."
    },
    "model": "core.author",
    "pk": 10
},
{
    "fields": {
        "first_name": "Andrew",
        "last_name": "Byers",
        "middle_name": "",
        "sequence": 1,
        "author_email": "andy.byers@ubiquitypress.com",
        "country": "GB",
        "twitter": "ajrbyers",
        "linkedin": "ajrbyers",
        "department": "Technical",
        "facebook": "ajrbyers",
        "salutation": "Mr",
        "orcid": "0000-0002-4669-4330",
        "institution": "Ubiquity Press",
        "biography": "Lead Software Developer at Ubiquity Press."
    },
    "model": "core.author",
    "pk": 11
},
{
    "fields": {
        "first_name": "Andrew",
        "last_name": "Byers",
        "middle_name": "",
        "sequence": 1,
        "author_email": "andy.byers@ubiquitypress.com",
        "country": "GB",
        "twitter": "ajrbyers",
        "linkedin": "ajrbyers",
        "department": "Technical",
        "facebook": "ajrbyers",
        "salutation": "Mr",
        "orcid": "0000-0002-4669-4330",
        "institution": "Ubiquity Press",
        "biography": "Lead Software Developer at Ubiquity Press."
    },
    "model": "core.author",
    "pk": 12
},
{
    "fields": {
        "first_name": "Andrew",
        "last_name": "Byers",
        "middle_name": "",
        "sequence": 1,
        "author_email": "andy.byers@ubiquitypress.com",
        "country": "GB",
        "twitter": "ajrbyers",
        "linkedin": "ajrbyers",
        "department": "Technical",
        "facebook": "ajrbyers",
        "salutation": "Mr",
        "orcid": "0000-0002-4669-4330",
        "institution": "Ubiquity Press",
        "biography": "Lead Software Developer at Ubiquity Press."
    },
    "model": "core.author",
    "pk": 13
},
{
    "fields": {
        "first_name": "Andrew",
        "last_name": "Byers",
        "middle_name": "",
        "sequence": 1,
        "author_email": "andy.byers@ubiquitypress.com",
        "country": "GB",
        "twitter": "ajrbyers",
        "linkedin": "ajrbyers",
        "department": "Technical",
        "facebook": "ajrbyers",
        "salutation": "Mr",
        "orcid": "0000-0002-4669-4330",
        "institution": "Ubiquity Press",
        "biography": "Lead Software Developer at Ubiquity Press."
    },
    "model": "core.author",
    "pk": 14
},
{
    "fields": {
        "first_name": "Andrew",
        "last_name": "Byers",
        "middle_name": "",
        "sequence": 1,
        "author_email": "andy.byers@ubiquitypress.com",
        "country": "GB",
        "twitter": "ajrbyers",
        "linkedin": "ajrbyers",
        "department": "Technical",
        "facebook": "ajrbyers",
        "salutation": "Mr",
        "orcid": "0000-0002-4669-4330",
        "institution": "Ubiquity Press",
        "biography": "Lead Software Developer at Ubiquity Press."
    },
    "model": "core.author",
    "pk": 15
},
{
    "fields": {
        "first_name": "Andrew",
        "last_name": "Byers",
        "middle_name": "",
        "sequence": 1,
        "author_email": "andy.byers@ubiquitypress.com",
        "country": "GB",
        "twitter": "ajrbyers",
        "linkedin": "ajrbyers",
        "department": "Technical",
        "facebook": "ajrbyers",
        "salutation": "Mr",
        "orcid": "0000-0002-4669-4330",
        "institution": "Ubiquity Press",
        "biography": "Lead Software Developer at Ubiquity Press."
    },
    "model": "core.author",
    "pk": 16
},
{
    "fields": {
        "first_name": "Andrew",
        "last_name": "Byers",
        "middle_name": "",
        "sequence": 1,
        "author_email": "andy.byers@ubiquitypress.com",
        "country": "GB",
        "twitter": "ajrbyers",
        "linkedin": "ajrbyers",
        "department": "Technical",
        "facebook": "ajrbyers",
        "salutation": "Mr",
        "orcid": "0000-0002-4669-4330",
        "institution": "Ubiquity Press",
        "biography": "Lead Software Developer at Ubiquity Press."
    },
    "model": "core.author",
    "pk": 17
},
{
    "fields": {
        "first_name": "Andrew",
        "last_name": "Byers",
        "middle_name": "",
        "sequence": 1,
        "author_email": "andy.byers@ubiquitypress.com",
        "country": "GB",
        "twitter": "ajrbyers",
        "linkedin": "ajrbyers",
        "department": "Technical",
        "facebook": "ajrbyers",
        "salutation": "Mr",
        "orcid": "0000-0002-4669-4330",
        "institution": "Ubiquity Press",
        "biography": "Lead Software Developer at Ubiquity Press."
    },
    "model": "core.author",
    "pk": 18
},
{
    "fields": {
        "first_name": "Andrew",
        "last_name": "Byers",
        "middle_name": "",
        "sequence": 1,
        "author_email": "andy.byers@ubiquitypress.com",
        "country": "GB",
        "twitter": "ajrbyers",
        "linkedin": "ajrbyers",
        "department": "Technical",
        "facebook": "ajrbyers",
        "salutation": "Mr",
        "orcid": "0000-0002-4669-4330",
        "institution": "Ubiquity Press",
        "biography": "Lead Software Developer at Ubiquity Press."
    },
    "model": "core.author",
    "pk": 19
},
{
    "fields": {
        "first_name": "Andrew",
        "last_name": "Byers",
        "middle_name": "",
        "sequence": 1,
        "author_email": "andy.byers@ubiquitypress.com",
        "country": "GB",
        "twitter": "ajrbyers",
        "linkedin": "ajrbyers",
        "department": "Technical",
        "facebook": "ajrbyers",
        "salutation": "Mr",
        "orcid": "0000-0002-4669-4330",
        "institution": "Ubiquity Press",
        "biography": "Lead Software Developer at Ubiquity Press."
    },
    "model": "core.author",
    "pk": 20
},
{
    "fields": {
        "first_name": "Andrew",
        "last_name": "Byers",
        "middle_name": "",
        "sequence": 1,
        "author_email": "andy.byers@ubiquitypress.com",
        "country": "GB",
        "twitter": "ajrbyers",
        "linkedin": "ajrbyers",
        "department": "Technical",
        "facebook": "ajrbyers",
        "salutation": "Mr",
        "orcid": "0000-0002-4669-4330",
        "institution": "Ubiquity Press",
        "biography": "Lead Software Developer at Ubiquity Press."
    },
    "model": "core.author",
    "pk": 21
},
{
    "fields": {
        "first_name": "fsdfds",
        "last_name": "dfsdf",
        "middle_name": "fsdf",
        "sequence": 0,
        "author_email": "paige.mackay@ubiquitypress.com",
        "country": "CI",
        "twitter": "dsfsdf",
        "linkedin": "fsdfsdf",
        "department": "dsfsdfds",
        "facebook": "sdfds",
        "salutation": "Mrs",
        "orcid": "sdfsdfsdf",
        "institution": "sdfsdf",
        "biography": "dfdsfdf"
    },
    "model": "core.author",
    "pk": 22
},
{
    "fields": {
        "first_name": "Andrew",
        "last_name": "Byers",
        "middle_name": "",
        "sequence": 1,
        "author_email": "andy.byers@ubiquitypress.com",
        "country": "GB",
        "twitter": "ajrbyers",
        "linkedin": "ajrbyers",
        "department": "Technical",
        "facebook": "ajrbyers",
        "salutation": "Mr",
        "orcid": "0000-0002-4669-4330",
        "institution": "Ubiquity Press",
        "biography": "Lead Software Developer at Ubiquity Press."
    },
    "model": "core.author",
    "pk": 23
},
{
    "fields": {
        "first_name": "Andrew",
        "last_name": "Byers",
        "middle_name": "",
        "sequence": 1,
        "author_email": "andy.byers@ubiquitypress.com",
        "country": "GB",
        "twitter": "ajrbyers",
        "linkedin": "ajrbyers",
        "department": "Technical",
        "facebook": "ajrbyers",
        "salutation": "Mr",
        "orcid": "0000-0002-4669-4330",
        "institution": "Ubiquity Press",
        "biography": "Lead Software Developer at Ubiquity Press."
    },
    "model": "core.author",
    "pk": 24
},
{
    "fields": {
        "first_name": "fdsfdsf",
        "last_name": "fsdffsd",
        "middle_name": "dsfdsfsd",
        "sequence": 1,
        "author_email": "paige.mackay@ubiquitypress.com",
        "country": "DZ",
        "twitter": "dsfsdfsf",
        "linkedin": "",
        "department": "fsfsd",
        "facebook": "dsfsdf",
        "salutation": "Miss",
        "orcid": "sf",
        "institution": "dsfsd",
        "biography": "dsfsdffd"
    },
    "model": "core.author",
    "pk": 25
},
{
    "fields": {
        "first_name": "Andrew",
        "last_name": "Byers",
        "middle_name": "",
        "sequence": 1,
        "author_email": "andy.byers@ubiquitypress.com",
        "country": "GB",
        "twitter": "ajrbyers",
        "linkedin": "ajrbyers",
        "department": "Technical",
        "facebook": "ajrbyers",
        "salutation": "Mr",
        "orcid": "0000-0002-4669-4330",
        "institution": "Ubiquity Press",
        "biography": "Lead Software Developer at Ubiquity Press."
    },
    "model": "core.author",
    "pk": 26
},
{
    "fields": {
        "first_name": "Andrew",
        "last_name": "Byers",
        "middle_name": "",
        "sequence": 1,
        "author_email": "andy.byers@ubiquitypress.com",
        "country": "GB",
        "twitter": "ajrbyers",
        "linkedin": "ajrbyers",
        "department": "Technical",
        "facebook": "ajrbyers",
        "salutation": "Mr",
        "orcid": "0000-0002-4669-4330",
        "institution": "Ubiquity Press",
        "biography": "Lead Software Developer at Ubiquity Press."
    },
    "model": "core.author",
    "pk": 27
},
{
    "fields": {
        "first_name": "Andrew",
        "last_name": "Byers",
        "middle_name": "",
        "sequence": 1,
        "author_email": "andy.byers@ubiquitypress.com",
        "country": "GB",
        "twitter": "ajrbyers",
        "linkedin": "ajrbyers",
        "department": "Technical",
        "facebook": "ajrbyers",
        "salutation": "Mr",
        "orcid": "0000-0002-4669-4330",
        "institution": "Ubiquity Press",
        "biography": "Lead Software Developer at Ubiquity Press."
    },
    "model": "core.author",
    "pk": 28
},
{
    "fields": {
        "first_name": "Daniele",
        "last_name": "Toninelli",
        "middle_name": "",
        "sequence": 1,
        "author_email": "paige.mackay@ubiquitypress.com",
        "country": "DZ",
        "twitter": "",
        "linkedin": "",
        "department": "sdfdsfsdf",
        "facebook": "",
        "salutation": "Ms",
        "orcid": "",
        "institution": "sdfdsfsdf",
        "biography": "sdfsdfdfdsfsdffsfsdfdsfsdfdsfds"
    },
    "model": "core.author",
    "pk": 29
},
{
    "fields": {
        "first_name": "Robert",
        "last_name": "Pinter",
        "middle_name": "",
        "sequence": 1,
        "author_email": "emmaanila@gmail.com",
        "country": "AX",
        "twitter": "",
        "linkedin": "",
        "department": "dfsdfs",
        "facebook": "",
        "salutation": "Mrs",
        "orcid": "",
        "institution": "fdsfsdf",
        "biography": "dsfsdfdsfsfd"
    },
    "model": "core.author",
    "pk": 30
},
{
    "fields": {
        "first_name": "Andrew",
        "last_name": "Byers",
        "middle_name": "",
        "sequence": 1,
        "author_email": "andy.byers@ubiquitypress.com",
        "country": "GB",
        "twitter": "ajrbyers",
        "linkedin": "ajrbyers",
        "department": "Technical",
        "facebook": "ajrbyers",
        "salutation": "Mr",
        "orcid": "0000-0002-4669-4330",
        "institution": "Ubiquity Press",
        "biography": "Lead Software Developer at Ubiquity Press."
    },
    "model": "core.author",
    "pk": 31
},
{
    "fields": {
        "first_name": "Andrew",
        "last_name": "Byers",
        "middle_name": "",
        "sequence": null,
        "author_email": "andy.byers@ubiquitypress.com",
        "country": "GB",
        "twitter": "ajrbyers",
        "linkedin": "ajrbyers",
        "department": "Technical",
        "facebook": "ajrbyers",
        "salutation": "Mr",
        "orcid": "0000-0002-4669-4330",
        "institution": "Ubiquity Press",
        "biography": "Lead Software Developer at Ubiquity Press."
    },
    "model": "core.author",
    "pk": 32
},
{
    "fields": {
        "first_name": "Andrew",
        "last_name": "Byers",
        "middle_name": "James",
        "sequence": 1,
        "author_email": "andy.byers@ubiquitypress.com",
        "country": "GB",
        "twitter": "ajrbyers",
        "linkedin": "ajrbyers",
        "department": "Technical",
        "facebook": "ajrbyers",
        "salutation": "Mr",
        "orcid": "0000-0002-4669-4330",
        "institution": "Ubiquity Press",
        "biography": "Lead Software Developer at Ubiquity Press."
    },
    "model": "core.author",
    "pk": 33
},
{
    "fields": {
        "first_name": "Andrew",
        "last_name": "Byers",
        "middle_name": "James",
        "sequence": 1,
        "author_email": "andy.byers@ubiquitypress.com",
        "country": "GB",
        "twitter": "ajrbyers",
        "linkedin": "ajrbyers",
        "department": "Technical",
        "facebook": "ajrbyers",
        "salutation": "Mr",
        "orcid": "0000-0002-4669-4330",
        "institution": "Ubiquity Press",
        "biography": "Lead Software Developer at Ubiquity Press."
    },
    "model": "core.author",
    "pk": 35
},
{
    "fields": {
        "first_name": "Andrew",
        "last_name": "Byers",
        "middle_name": "James",
        "sequence": 1,
        "author_email": "andy.byers@ubiquitypress.com",
        "country": "GB",
        "twitter": "ajrbyers",
        "linkedin": "ajrbyers",
        "department": "Technical",
        "facebook": "ajrbyers",
        "salutation": "Mr",
        "orcid": "0000-0002-4669-4330",
        "institution": "Ubiquity Press",
        "biography": "Lead Software Developer at Ubiquity Press."
    },
    "model": "core.author",
    "pk": 36
},
{
    "fields": {
        "first_name": "Andrew",
        "last_name": "Byers",
        "middle_name": "James",
        "sequence": 1,
        "author_email": "andy.byers@ubiquitypress.com",
        "country": "GB",
        "twitter": "ajrbyers",
        "linkedin": "ajrbyers",
        "department": "Technical",
        "facebook": "ajrbyers",
        "salutation": "Mr",
        "orcid": "0000-0002-4669-4330",
        "institution": "Ubiquity Press",
        "biography": "Lead Software Developer at Ubiquity Press."
    },
    "model": "core.author",
    "pk": 37
},
{
    "fields": {
        "first_name": "Andrew",
        "last_name": "Byers",
        "middle_name": "James",
        "sequence": 1,
        "author_email": "andy.byers@ubiquitypress.com",
        "country": "GB",
        "twitter": "ajrbyers",
        "linkedin": "ajrbyers",
        "department": "Technical",
        "facebook": "ajrbyers",
        "salutation": "Mr",
        "orcid": "0000-0002-4669-4330",
        "institution": "Ubiquity Press",
        "biography": "Lead Software Developer at Ubiquity Press."
    },
    "model": "core.author",
    "pk": 38
},
{
    "fields": {
        "first_name": "Andrew",
        "last_name": "Byers",
        "middle_name": "James",
        "sequence": 1,
        "author_email": "andy.byers@ubiquitypress.com",
        "country": "GB",
        "twitter": "ajrbyers",
        "linkedin": "ajrbyers",
        "department": "Technical",
        "facebook": "ajrbyers",
        "salutation": "Mr",
        "orcid": "0000-0002-4669-4330",
        "institution": "Ubiquity Press",
        "biography": "Lead Software Developer at Ubiquity Press."
    },
    "model": "core.author",
    "pk": 39
},
{
    "fields": {
        "first_name": "Andrew",
        "last_name": "Byers",
        "middle_name": "James",
        "sequence": 1,
        "author_email": "andy.byers@ubiquitypress.com",
        "country": "GB",
        "twitter": "ajrbyers",
        "linkedin": "ajrbyers",
        "department": "Technical",
        "facebook": "ajrbyers",
        "salutation": "Mr",
        "orcid": "0000-0002-4669-4330",
        "institution": "Ubiquity Press",
        "biography": "Lead Software Developer at Ubiquity Press."
    },
    "model": "core.author",
    "pk": 40
},
{
    "fields": {
        "first_name": "Andrew",
        "last_name": "Byers",
        "middle_name": "James",
        "sequence": 1,
        "author_email": "andy.byers@ubiquitypress.com",
        "country": "GB",
        "twitter": "ajrbyers",
        "linkedin": "ajrbyers",
        "department": "Technical",
        "facebook": "ajrbyers",
        "salutation": "Mr",
        "orcid": "0000-0002-4669-4330",
        "institution": "Ubiquity Press",
        "biography": "Lead Software Developer at Ubiquity Press."
    },
    "model": "core.author",
    "pk": 41
},
{
    "fields": {
        "first_name": "Andrew",
        "last_name": "Byers",
        "middle_name": "James",
        "sequence": 1,
        "author_email": "andy.byers@ubiquitypress.com",
        "country": "GB",
        "twitter": "ajrbyers",
        "linkedin": "ajrbyers",
        "department": "Technical",
        "facebook": "ajrbyers",
        "salutation": "Mr",
        "orcid": "0000-0002-4669-4330",
        "institution": "Ubiquity Press",
        "biography": "Lead Software Developer at Ubiquity Press."
    },
    "model": "core.author",
    "pk": 42
},
{
    "fields": {
        "first_name": "Andrew",
        "last_name": "Byers",
        "middle_name": "James",
        "sequence": 1,
        "author_email": "andy.byers@ubiquitypress.com",
        "country": "GB",
        "twitter": "ajrbyers",
        "linkedin": "ajrbyers",
        "department": "Technical",
        "facebook": "ajrbyers",
        "salutation": "Mr",
        "orcid": "0000-0002-4669-4330",
        "institution": "Ubiquity Press",
        "biography": "Lead Software Developer at Ubiquity Press."
    },
    "model": "core.author",
    "pk": 43
},
{
    "fields": {
        "first_name": "Andrew",
        "last_name": "Byers",
        "middle_name": "James",
        "sequence": 1,
        "author_email": "andy.byers@ubiquitypress.com",
        "country": "GB",
        "twitter": "ajrbyers",
        "linkedin": "ajrbyers",
        "department": "Technical",
        "facebook": "ajrbyers",
        "salutation": "Mr",
        "orcid": "0000-0002-4669-4330",
        "institution": "Ubiquity Press",
        "biography": "Lead Software Developer at Ubiquity Press."
    },
    "model": "core.author",
    "pk": 44
},
{
    "fields": {
        "first_name": "Rachel",
        "last_name": "Woodward",
        "middle_name": "",
        "sequence": 1,
        "author_email": "rachel.woodward@newcastle.ac.uk",
        "country": "GB",
        "twitter": "",
        "linkedin": "",
        "department": "",
        "facebook": "",
        "salutation": "Ms",
        "orcid": "",
        "institution": "Newcastle University",
        "biography": ""
    },
    "model": "core.author",
    "pk": 45
},
{
    "fields": {
        "first_name": "K",
        "last_name": "Jenkings",
        "middle_name": "Neil",
        "sequence": 1,
        "author_email": "noreply@ubiquitypress.com",
        "country": "GB",
        "twitter": "",
        "linkedin": "",
        "department": "",
        "facebook": "",
        "salutation": "Mr",
        "orcid": "",
        "institution": "N/A",
        "biography": ""
    },
    "model": "core.author",
    "pk": 46
},
{
    "fields": {
        "first_name": "Alison",
        "last_name": "Williams",
        "middle_name": "J",
        "sequence": 1,
        "author_email": "noreply@ubiquitypress.com",
        "country": "GB",
        "twitter": "",
        "linkedin": "",
        "department": "",
        "facebook": "",
        "salutation": "Ms",
        "orcid": "",
        "institution": "N/A",
        "biography": ""
    },
    "model": "core.author",
    "pk": 47
},
{
    "fields": {
        "first_name": "UP",
        "last_name": "Tech",
        "middle_name": "",
        "sequence": 1,
        "author_email": "tech@ubiquitypress.com",
        "country": "GB",
        "twitter": "ajrbyers",
        "linkedin": "ajrbyers",
        "department": "Technical",
        "facebook": "ajrbyers",
        "salutation": "Mr",
        "orcid": "0000-0002-4669-4330",
        "institution": "Ubiquity Press",
        "biography": "Technical Account for Ubiquity Press."
    },
    "model": "core.author",
    "pk": 48
},
{
    "fields": {
        "first_name": "Paige",
        "last_name": "Mackay",
        "middle_name": "Tiberius",
        "sequence": 0,
        "author_email": "paige.mackay@ubiquitypress.com",
        "country": "GB",
        "twitter": "",
        "linkedin": "",
        "department": "Doctor Dept",
        "facebook": "",
        "salutation": "Miss",
        "orcid": "",
        "institution": "Doctor Place",
        "biography": "Dr Paige."
    },
    "model": "core.author",
    "pk": 49
},
{
    "fields": {
        "first_name": "UP",
        "last_name": "Tech",
        "middle_name": "",
        "sequence": 1,
        "author_email": "tech@ubiquitypress.com",
        "country": "GB",
        "twitter": "ajrbyers",
        "linkedin": "ajrbyers",
        "department": "Technical",
        "facebook": "ajrbyers",
        "salutation": "Mr",
        "orcid": "0000-0002-4669-4330",
        "institution": "Ubiquity Press",
        "biography": "Technical Account for Ubiquity Press."
    },
    "model": "core.author",
    "pk": 50
},
{
    "fields": {
        "first_name": "UP",
        "last_name": "Tech",
        "middle_name": "",
        "sequence": 1,
        "author_email": "tech@ubiquitypress.com",
        "country": "GB",
        "twitter": "ajrbyers",
        "linkedin": "ajrbyers",
        "department": "Technical",
        "facebook": "ajrbyers",
        "salutation": "Mr",
        "orcid": "0000-0002-4669-4330",
        "institution": "Ubiquity Press",
        "biography": "Technical Account for Ubiquity Press."
    },
    "model": "core.author",
    "pk": 51
},
{
    "fields": {
        "files": [
            264,
            265,
            266,
            267,
            268,
            269,
            270,
            271,
            272,
            273,
            274
        ],
        "subtitle": "Subtitle",
        "series": 1,
        "competing_interests": "Test Interests.",
        "prefix": "Prefix",
        "external_review_files": [],
        "owner": 1,
        "internal_review_files": [],
        "subject": [],
        "review_form": null,
        "title": "Title",
        "pages": null,
        "languages": [],
        "editor": [],
        "review_type": "closed",
        "submission_date": "2015-10-29",
        "description": "Description description description. Description description description. Description description description. Description description description. Description description description. Description description description. Description description description. Description description description. Description description description. Description description description. Description description description. Description description description. Description description description. Description description description. \r\n\r\nDescription description description. Description description description. Description description description. Description description description. Description description description. Description description description. Description description description. Description description description. Description description description. Description description description. \r\n\r\nDescription description description. Description description description. Description description description. Description description description. Description description description. Description description description. Description description description. Description description description. Description description description. Description description description. Description description description. Description description description. Description description description. Description description description. Description description description. Description description description. Description description description. Description description description. Description description description. Description description description. ",
        "reviewer_suggestions": "Test Reviewer.",
        "misc_files": [],
        "review_assignments": [],
        "book_type": "monograph",
        "publication_date": null,
        "slug": "title",
        "stage": 25,
        "cover_letter": "Test cover letter.",
        "license": 2,
        "author": [
            49,
            48
        ],
        "cover": "",
        "contract": null,
        "press_editors": [],
        "submission_stage": 6,
        "keywords": []
    },
    "model": "core.book",
    "pk": 42
},
{
    "fields": {
        "files": [
            275,
            277,
            278
        ],
        "subtitle": "How We Won",
        "series": 1,
        "competing_interests": "Test",
        "prefix": "The",
        "external_review_files": [],
        "owner": 1,
        "internal_review_files": [],
        "subject": [],
        "review_form": null,
        "title": "Battle For Open",
        "pages": null,
        "languages": [],
        "editor": [],
        "review_type": "closed",
        "submission_date": "2015-10-29",
        "description": "Description.",
        "reviewer_suggestions": "Test",
        "misc_files": [],
        "review_assignments": [],
        "book_type": "monograph",
        "publication_date": null,
        "slug": "battle-for-open",
        "stage": 26,
        "cover_letter": "Test",
        "license": 4,
        "author": [
            50
        ],
        "cover": "",
        "contract": null,
        "press_editors": [],
        "submission_stage": 6,
        "keywords": []
    },
    "model": "core.book",
    "pk": 43
},
{
    "fields": {
        "files": [
            279
        ],
        "subtitle": "",
        "series": 1,
        "competing_interests": "dsfsdf",
        "prefix": "Some",
        "external_review_files": [],
        "owner": 1,
        "internal_review_files": [],
        "subject": [],
        "review_form": null,
        "title": "Research Data Issues",
        "pages": null,
        "languages": [],
        "editor": [
            2
        ],
        "review_type": "closed",
        "submission_date": "2015-10-29",
        "description": "dslkfjsd",
        "reviewer_suggestions": "sdfsdf",
        "misc_files": [],
        "review_assignments": [],
        "book_type": "edited_volume",
        "publication_date": null,
        "slug": "research-data-issues",
        "stage": 27,
        "cover_letter": "dfsfds",
        "license": 7,
        "author": [],
        "cover": "",
        "contract": null,
        "press_editors": [],
        "submission_stage": 6,
        "keywords": []
    },
    "model": "core.book",
    "pk": 44
},
{
    "fields": {
        "files": [
            280,
            281
        ],
        "subtitle": "Are they valuable?",
        "series": null,
        "competing_interests": "fb;lsf;kfs;fld",
        "prefix": "",
        "external_review_files": [],
        "owner": 1,
        "internal_review_files": [],
        "subject": [],
        "review_form": null,
        "title": "Armed Services Unit",
        "pages": null,
        "languages": [],
        "editor": [],
        "review_type": "closed",
        "submission_date": "2015-10-29",
        "description": "sdlfkjsdlkfj",
        "reviewer_suggestions": "wjeflk;wdjg;q",
        "misc_files": [],
        "review_assignments": [],
        "book_type": "monograph",
        "publication_date": null,
        "slug": "armed-services-unit",
        "stage": 28,
        "cover_letter": "'sefjel",
        "license": 2,
        "author": [
            51
        ],
        "cover": "",
        "contract": null,
        "press_editors": [],
        "submission_stage": 6,
        "keywords": []
    },
    "model": "core.book",
    "pk": 45
},
{
    "fields": {
        "editor_signed_off": "2015-10-02",
        "title": "dfsfsf",
        "notes": "sdfsdfds",
        "editor_file": 121,
        "author_signed_off": "2015-10-02",
        "author_file": 128
    },
    "model": "core.contract",
    "pk": 1
},
{
    "fields": {
        "editor_signed_off": "2015-10-31",
        "title": "dsfdsfsf",
        "notes": "dfsdfdsff",
        "editor_file": 129,
        "author_signed_off": "2015-10-02",
        "author_file": null
    },
    "model": "core.contract",
    "pk": 2
},
{
    "fields": {
        "editor_signed_off": "2015-10-21",
        "title": "dfdsffdsf",
        "notes": "dsfdsf",
        "editor_file": 143,
        "author_signed_off": null,
        "author_file": null
    },
    "model": "core.contract",
    "pk": 3
},
{
    "fields": {
        "editor_signed_off": "2015-10-22",
        "title": "fsdfsdf",
        "notes": "sdfdsf",
        "editor_file": 180,
        "author_signed_off": "2015-10-12",
        "author_file": null
    },
    "model": "core.contract",
    "pk": 4
},
{
    "fields": {
        "date_started": "2015-10-29T21:32:41.834Z",
        "book": 43,
        "round_number": 1
    },
    "model": "core.reviewround",
    "pk": 44
},
{
    "fields": {
        "date_started": "2015-10-29T21:33:00.236Z",
        "book": 44,
        "round_number": 1
    },
    "model": "core.reviewround",
    "pk": 45
},
{
    "fields": {
        "date_started": "2015-10-29T21:33:20.844Z",
        "book": 42,
        "round_number": 1
    },
    "model": "core.reviewround",
    "pk": 46
},
{
    "fields": {
        "code": "cc-4-by",
        "name": "Creative Commons Attribution",
        "short_name": "CC-BY",
        "url": "http://creativecommons.org/licenses/by/4.0/",
        "version": "4.0",
        "description": "This license lets others distribute, remix, tweak, and build upon your work, even commercially, as long as they credit you for the original creation. This is the most accommodating of licenses offered. Recommended for maximum dissemination and use of licensed materials.\r\n"
    },
    "model": "core.license",
    "pk": 2
},
{
    "fields": {
        "code": "cc-4-by-sa",
        "name": "Creative Commons Attribution-ShareAlike",
        "short_name": "CC-BY-SA",
        "url": "http://creativecommons.org/licenses/by-sa/4.0/",
        "version": "4.0",
        "description": "This license lets others remix, tweak, and build upon your work even for commercial purposes, as long as they credit you and license their new creations under the identical terms. This license is often compared to \u201ccopyleft\u201d free and open source software licenses. All new works based on yours will carry the same license, so any derivatives will also allow commercial use. This is the license used by Wikipedia, and is recommended for materials that would benefit from incorporating content from Wikipedia and similarly licensed projects."
    },
    "model": "core.license",
    "pk": 3
},
{
    "fields": {
        "code": "cc-4-by-nd",
        "name": "Creative Commons Attribution-NoDerivs",
        "short_name": "CC-BY-ND",
        "url": "http://creativecommons.org/licenses/by-nd/4.0/",
        "version": "4.0",
        "description": "This license allows for redistribution, commercial and non-commercial, as long as it is passed along unchanged and in whole, with credit to you."
    },
    "model": "core.license",
    "pk": 4
},
{
    "fields": {
        "code": "cc-4-by-nc",
        "name": "Creative Commons Attribution-NonCommercial ",
        "short_name": "CC-BY-NC",
        "url": "http://creativecommons.org/licenses/by-nc/4.0/",
        "version": "4.0",
        "description": "This license lets others remix, tweak, and build upon your work non-commercially, and although their new works must also acknowledge you and be non-commercial, they don\u2019t have to license their derivative works on the same terms."
    },
    "model": "core.license",
    "pk": 5
},
{
    "fields": {
        "code": "cc-4-by-nc-nd",
        "name": "Creative Commons Attribution-NonCommercial-NoDerivs ",
        "short_name": "CC-BY-NC-ND",
        "url": "http://creativecommons.org/licenses/by-nc-nd/4.0/",
        "version": "4.0",
        "description": "This license is the most restrictive of our six main licenses, only allowing others to download your works and share them with others as long as they credit you, but they can\u2019t change them in any way or use them commercially."
    },
    "model": "core.license",
    "pk": 6
},
{
    "fields": {
        "code": "cc-4-by-nd-sa",
        "name": "Creative Commons Attribution-NonCommercial-ShareAlike ",
        "short_name": "CC-BY-NC-SA",
        "url": "http://creativecommons.org/licenses/by-nc-sa/4.0/",
        "version": "4.0",
        "description": "This license lets others remix, tweak, and build upon your work non-commercially, as long as they credit you and license their new creations under the identical terms."
    },
    "model": "core.license",
    "pk": 7
},
{
    "fields": {
        "url": "",
        "description": "This is a series.",
        "issn": "1234-123X",
        "name": "First Time Authors",
        "editor": 1
    },
    "model": "core.series",
    "pk": 1
},
{
    "fields": {
        "first_name": "Samuel",
        "last_name": "Moore",
        "middle_name": "",
        "sequence": 1,
        "author_email": "tech@ubiquitypress.com",
        "country": "GB",
        "twitter": "",
        "linkedin": "",
        "department": "Editorial",
        "facebook": "",
        "salutation": "Mr",
        "orcid": "0000-0002-4669-4330",
        "institution": "Ubiquity Press",
        "biography": "Managing Editor at Ubiquity Press"
    },
    "model": "core.editor",
    "pk": 1
},
{
    "fields": {
        "first_name": "UP",
        "last_name": "Tech",
        "middle_name": "",
        "sequence": 1,
        "author_email": "tech@ubiquitypress.com",
        "country": "GB",
        "twitter": "ajrbyers",
        "linkedin": "ajrbyers",
        "department": "Technical",
        "facebook": "ajrbyers",
        "salutation": "Mr",
        "orcid": "0000-0002-4669-4330",
        "institution": "Ubiquity Press",
        "biography": "Technical Account for Ubiquity Press."
    },
    "model": "core.editor",
    "pk": 2
},
{
    "fields": {
        "kind": "manuscript",
        "description": null,
        "date_modified": "2015-10-08T11:53:20.111Z",
        "sequence": 1,
        "uuid_filename": "ed079c1f-ebfb-434b-9a1f-36dc62fa06e8..epub",
        "label": "Full text",
        "stage_uploaded": 1,
        "mime_type": "application/epub+zip",
        "original_filename": "Untitled 2.epub",
        "owner": 1,
        "date_uploaded": "2015-09-28T13:26:20.539Z"
    },
    "model": "core.file",
    "pk": 1
},
{
    "fields": {
        "kind": "manuscript",
        "description": null,
        "date_modified": "2015-10-08T11:53:20.111Z",
        "sequence": 1,
        "uuid_filename": "fe116f02-74e5-4b15-a419-4733cff1b710..html",
        "label": "dfsd",
        "stage_uploaded": 1,
        "mime_type": "text/html",
        "original_filename": "email.html",
        "owner": 1,
        "date_uploaded": "2015-09-28T16:38:06.798Z"
    },
    "model": "core.file",
    "pk": 2
},
{
    "fields": {
        "kind": "copyedit",
        "description": null,
        "date_modified": "2015-10-08T11:53:20.111Z",
        "sequence": 1,
        "uuid_filename": "7cbe9582-3113-40c5-8d82-8ea742753e27.html",
        "label": "dsfsdf",
        "stage_uploaded": 1,
        "mime_type": "text/html",
        "original_filename": "email.html",
        "owner": 1,
        "date_uploaded": "2015-09-28T16:39:18.580Z"
    },
    "model": "core.file",
    "pk": 3
},
{
    "fields": {
        "kind": "copyedit",
        "description": null,
        "date_modified": "2015-10-08T11:53:20.111Z",
        "sequence": 1,
        "uuid_filename": "8dc28bb6-2532-4e11-bab2-b67f1414c089.html",
        "label": null,
        "stage_uploaded": 1,
        "mime_type": "text/html",
        "original_filename": "email.html",
        "owner": 1,
        "date_uploaded": "2015-09-28T16:40:08.478Z"
    },
    "model": "core.file",
    "pk": 4
},
{
    "fields": {
        "kind": "misc",
        "description": null,
        "date_modified": "2015-10-10T12:21:30.848Z",
        "sequence": 1,
        "uuid_filename": "04b58223-0780-436d-89f5-a45e918fad17.png",
        "label": "a label",
        "stage_uploaded": 1,
        "mime_type": "image/png",
        "original_filename": "Screen Shot 2015-09-29 at 17.10.01.png",
        "owner": 1,
        "date_uploaded": "2015-09-30T12:33:27.875Z"
    },
    "model": "core.file",
    "pk": 5
},
{
    "fields": {
        "kind": "misc",
        "description": null,
        "date_modified": "2015-10-10T12:21:34.704Z",
        "sequence": 1,
        "uuid_filename": "1d61e6f4-697a-4589-9ffc-37d6a67e26dd.png",
        "label": "another label",
        "stage_uploaded": 1,
        "mime_type": "image/png",
        "original_filename": "Screen Shot 2015-09-29 at 17.10.01.png",
        "owner": 1,
        "date_uploaded": "2015-09-30T12:34:00.146Z"
    },
    "model": "core.file",
    "pk": 6
},
{
    "fields": {
        "kind": "misc",
        "description": null,
        "date_modified": "2015-10-08T11:53:20.111Z",
        "sequence": 1,
        "uuid_filename": "69bcef07-fcb9-49c0-a1b5-556e5c4712f5.png",
        "label": null,
        "stage_uploaded": 1,
        "mime_type": "image/png",
        "original_filename": "Screen Shot 2015-09-29 at 17.10.01.png",
        "owner": 1,
        "date_uploaded": "2015-09-30T12:35:09.872Z"
    },
    "model": "core.file",
    "pk": 7
},
{
    "fields": {
        "kind": "misc",
        "description": null,
        "date_modified": "2015-10-08T11:53:20.111Z",
        "sequence": 1,
        "uuid_filename": "645e2e7c-3a36-40e0-a941-cfd84b4eee0f.png",
        "label": null,
        "stage_uploaded": 1,
        "mime_type": "image/png",
        "original_filename": "Screen Shot 2015-09-29 at 17.10.01.png",
        "owner": 1,
        "date_uploaded": "2015-09-30T12:36:31.786Z"
    },
    "model": "core.file",
    "pk": 8
},
{
    "fields": {
        "kind": "misc",
        "description": null,
        "date_modified": "2015-10-08T11:53:20.111Z",
        "sequence": 1,
        "uuid_filename": "93863a77-472c-4d2c-beb2-9eab6c01aeb0.png",
        "label": null,
        "stage_uploaded": 1,
        "mime_type": "image/png",
        "original_filename": "Screen Shot 2015-09-29 at 17.10.01.png",
        "owner": 1,
        "date_uploaded": "2015-09-30T12:36:46.092Z"
    },
    "model": "core.file",
    "pk": 9
},
{
    "fields": {
        "kind": "misc",
        "description": null,
        "date_modified": "2015-10-08T11:53:20.111Z",
        "sequence": 1,
        "uuid_filename": "c61c2cc1-b0b7-426f-b1ff-37ce10a2c662.jpg",
        "label": null,
        "stage_uploaded": 1,
        "mime_type": "image/jpeg",
        "original_filename": "293150_10151860151160276_823353647_n.jpg",
        "owner": 1,
        "date_uploaded": "2015-09-30T12:54:54.570Z"
    },
    "model": "core.file",
    "pk": 10
},
{
    "fields": {
        "kind": "manuscript",
        "description": null,
        "date_modified": "2015-10-08T11:53:20.111Z",
        "sequence": 1,
        "uuid_filename": "c570514c-97c3-476f-bf6e-eb723c30ac4a..jpg",
        "label": "sadsad",
        "stage_uploaded": 1,
        "mime_type": "image/jpeg",
        "original_filename": "293150_10151860151160276_823353647_n.jpg",
        "owner": 1,
        "date_uploaded": "2015-09-30T12:55:41.361Z"
    },
    "model": "core.file",
    "pk": 11
},
{
    "fields": {
        "kind": "marketing",
        "description": null,
        "date_modified": "2015-10-08T11:53:20.111Z",
        "sequence": 1,
        "uuid_filename": "973c17aa-ad7c-4f42-aad9-73d4220c0484.jpg",
        "label": "dfdsdfsff",
        "stage_uploaded": 1,
        "mime_type": "image/jpeg",
        "original_filename": "293150_10151860151160276_823353647_n.jpg",
        "owner": 1,
        "date_uploaded": "2015-09-30T12:56:12.155Z"
    },
    "model": "core.file",
    "pk": 12
},
{
    "fields": {
        "kind": "misc",
        "description": null,
        "date_modified": "2015-10-08T11:53:20.111Z",
        "sequence": 1,
        "uuid_filename": "9e6240e6-f0bb-4509-80c0-b9188f116c87.jpg",
        "label": null,
        "stage_uploaded": 1,
        "mime_type": "image/jpeg",
        "original_filename": "293150_10151860151160276_823353647_n.jpg",
        "owner": 1,
        "date_uploaded": "2015-09-30T13:35:50.575Z"
    },
    "model": "core.file",
    "pk": 13
},
{
    "fields": {
        "kind": "misc",
        "description": null,
        "date_modified": "2015-10-08T11:53:20.111Z",
        "sequence": 1,
        "uuid_filename": "bcbe0275-0922-476a-8fa9-c4362f3fee56.jpg",
        "label": null,
        "stage_uploaded": 1,
        "mime_type": "image/jpeg",
        "original_filename": "293150_10151860151160276_823353647_n.jpg",
        "owner": 1,
        "date_uploaded": "2015-09-30T13:37:08.577Z"
    },
    "model": "core.file",
    "pk": 14
},
{
    "fields": {
        "kind": "misc",
        "description": null,
        "date_modified": "2015-10-08T11:53:20.111Z",
        "sequence": 1,
        "uuid_filename": "32b03060-9b45-46d4-824d-31877bf0b4e4.bz2",
        "label": null,
        "stage_uploaded": 1,
        "mime_type": "unknown",
        "original_filename": "FileZilla_3.14.0_macosx-x86.app.tar.bz2",
        "owner": 1,
        "date_uploaded": "2015-09-30T13:37:23.543Z"
    },
    "model": "core.file",
    "pk": 15
},
{
    "fields": {
        "kind": "misc",
        "description": null,
        "date_modified": "2015-10-08T11:53:20.111Z",
        "sequence": 1,
        "uuid_filename": "1710bda5-a339-4185-af72-58cc823f0c26.docx",
        "label": null,
        "stage_uploaded": 1,
        "mime_type": "application/vnd.openxmlformats-officedocument.wordprocessingml.document",
        "original_filename": "Untitled 2.docx",
        "owner": 1,
        "date_uploaded": "2015-09-30T13:42:39.570Z"
    },
    "model": "core.file",
    "pk": 16
},
{
    "fields": {
        "kind": "misc",
        "description": null,
        "date_modified": "2015-10-08T11:53:20.111Z",
        "sequence": 1,
        "uuid_filename": "922e7d0a-312b-475d-a159-8c8beb6a7c85.docx",
        "label": null,
        "stage_uploaded": 1,
        "mime_type": "application/vnd.openxmlformats-officedocument.wordprocessingml.document",
        "original_filename": "Untitled 2.docx",
        "owner": 1,
        "date_uploaded": "2015-09-30T13:42:49.232Z"
    },
    "model": "core.file",
    "pk": 17
},
{
    "fields": {
        "kind": "misc",
        "description": null,
        "date_modified": "2015-10-08T11:53:20.111Z",
        "sequence": 1,
        "uuid_filename": "2e766f22-00f9-4ed2-8d03-2c2cb81f0e59.docx",
        "label": null,
        "stage_uploaded": 1,
        "mime_type": "application/vnd.openxmlformats-officedocument.wordprocessingml.document",
        "original_filename": "Untitled 2.docx",
        "owner": 1,
        "date_uploaded": "2015-09-30T13:43:06.101Z"
    },
    "model": "core.file",
    "pk": 18
},
{
    "fields": {
        "kind": "misc",
        "description": null,
        "date_modified": "2015-10-08T11:53:20.111Z",
        "sequence": 1,
        "uuid_filename": "ef0cfa11-7b51-4000-b2d9-1c4608c52702.pdf",
        "label": null,
        "stage_uploaded": 1,
        "mime_type": "application/pdf",
        "original_filename": "Untitled 2.pdf",
        "owner": 1,
        "date_uploaded": "2015-09-30T13:44:26.313Z"
    },
    "model": "core.file",
    "pk": 19
},
{
    "fields": {
        "kind": "misc",
        "description": null,
        "date_modified": "2015-10-08T11:53:20.111Z",
        "sequence": 1,
        "uuid_filename": "695b40f6-3703-4147-85fb-d393ca49149d.pdf",
        "label": null,
        "stage_uploaded": 1,
        "mime_type": "application/pdf",
        "original_filename": "Untitled 2.pdf",
        "owner": 1,
        "date_uploaded": "2015-09-30T13:45:24.099Z"
    },
    "model": "core.file",
    "pk": 20
},
{
    "fields": {
        "kind": "misc",
        "description": null,
        "date_modified": "2015-10-08T11:53:20.111Z",
        "sequence": 1,
        "uuid_filename": "def6c019-5642-4e7c-bec0-f652d8711428.pdf",
        "label": null,
        "stage_uploaded": 1,
        "mime_type": "application/pdf",
        "original_filename": "Untitled 2.pdf",
        "owner": 1,
        "date_uploaded": "2015-09-30T13:45:40.360Z"
    },
    "model": "core.file",
    "pk": 21
},
{
    "fields": {
        "kind": "misc",
        "description": null,
        "date_modified": "2015-10-08T11:53:20.111Z",
        "sequence": 1,
        "uuid_filename": "8cd7ca6f-6b90-482a-9635-8a619637dde3.pdf",
        "label": null,
        "stage_uploaded": 1,
        "mime_type": "application/pdf",
        "original_filename": "Untitled 2.pdf",
        "owner": 1,
        "date_uploaded": "2015-09-30T13:46:12.869Z"
    },
    "model": "core.file",
    "pk": 22
},
{
    "fields": {
        "kind": "misc",
        "description": null,
        "date_modified": "2015-10-08T11:53:20.111Z",
        "sequence": 1,
        "uuid_filename": "a768c428-f43e-4f96-86b7-c52cd84b0312.pdf",
        "label": null,
        "stage_uploaded": 1,
        "mime_type": "application/pdf",
        "original_filename": "Untitled 2.pdf",
        "owner": 1,
        "date_uploaded": "2015-09-30T13:46:34.252Z"
    },
    "model": "core.file",
    "pk": 23
},
{
    "fields": {
        "kind": "format",
        "description": null,
        "date_modified": "2015-10-08T11:53:20.111Z",
        "sequence": 1,
        "uuid_filename": "cb74a8f2-d474-4636-ba67-536d5a98fdf7.pdf",
        "label": null,
        "stage_uploaded": 1,
        "mime_type": "application/pdf",
        "original_filename": "Untitled 2.pdf",
        "owner": 1,
        "date_uploaded": "2015-09-30T13:58:16.740Z"
    },
    "model": "core.file",
    "pk": 24
},
{
    "fields": {
        "kind": "misc",
        "description": null,
        "date_modified": "2015-10-08T11:53:20.111Z",
        "sequence": 1,
        "uuid_filename": "be455560-89ab-493a-be3d-4055826ef1d8.jpg",
        "label": null,
        "stage_uploaded": 1,
        "mime_type": "image/jpeg",
        "original_filename": "293150_10151860151160276_823353647_n.jpg",
        "owner": 1,
        "date_uploaded": "2015-09-30T14:10:47.164Z"
    },
    "model": "core.file",
    "pk": 25
},
{
    "fields": {
        "kind": "misc",
        "description": null,
        "date_modified": "2015-10-08T11:53:20.111Z",
        "sequence": 1,
        "uuid_filename": "819d9122-88cd-4d45-abf6-40f9c9c7d5f2.jpg",
        "label": null,
        "stage_uploaded": 1,
        "mime_type": "image/jpeg",
        "original_filename": "293150_10151860151160276_823353647_n.jpg",
        "owner": 1,
        "date_uploaded": "2015-09-30T14:12:17.750Z"
    },
    "model": "core.file",
    "pk": 26
},
{
    "fields": {
        "kind": "misc",
        "description": null,
        "date_modified": "2015-10-08T11:53:20.111Z",
        "sequence": 1,
        "uuid_filename": "2194ce60-cf2d-445b-b8e9-417259e847be.docx",
        "label": null,
        "stage_uploaded": 1,
        "mime_type": "application/vnd.openxmlformats-officedocument.wordprocessingml.document",
        "original_filename": "Untitled 2.docx",
        "owner": 1,
        "date_uploaded": "2015-09-30T14:12:34.856Z"
    },
    "model": "core.file",
    "pk": 27
},
{
    "fields": {
        "kind": "misc",
        "description": null,
        "date_modified": "2015-10-08T11:53:20.111Z",
        "sequence": 1,
        "uuid_filename": "46c1dc14-880f-4041-8234-91561ea2c639.epub",
        "label": null,
        "stage_uploaded": 1,
        "mime_type": "application/epub+zip",
        "original_filename": "Untitled 2.epub",
        "owner": 1,
        "date_uploaded": "2015-09-30T14:14:55.616Z"
    },
    "model": "core.file",
    "pk": 28
},
{
    "fields": {
        "kind": "copyedit",
        "description": null,
        "date_modified": "2015-10-08T11:53:20.111Z",
        "sequence": 1,
        "uuid_filename": "5a212797-4f74-4303-896d-d5ae36e12ba2.docx",
        "label": "dsfdsf",
        "stage_uploaded": 1,
        "mime_type": "application/vnd.openxmlformats-officedocument.wordprocessingml.document",
        "original_filename": "Untitled 2.docx",
        "owner": 1,
        "date_uploaded": "2015-09-30T14:15:19.896Z"
    },
    "model": "core.file",
    "pk": 29
},
{
    "fields": {
        "kind": "copyedit",
        "description": null,
        "date_modified": "2015-10-08T11:53:20.111Z",
        "sequence": 1,
        "uuid_filename": "1f324f6a-5c57-44bb-8b4c-e92df637276c.epub",
        "label": null,
        "stage_uploaded": 1,
        "mime_type": "application/epub+zip",
        "original_filename": "Untitled 2.epub",
        "owner": 1,
        "date_uploaded": "2015-09-30T14:15:46.030Z"
    },
    "model": "core.file",
    "pk": 30
},
{
    "fields": {
        "kind": "misc",
        "description": null,
        "date_modified": "2015-10-08T11:53:20.111Z",
        "sequence": 1,
        "uuid_filename": "6d515199-621a-48c7-a356-71c5e5ec989c.epub",
        "label": null,
        "stage_uploaded": 1,
        "mime_type": "application/epub+zip",
        "original_filename": "Untitled 2.epub",
        "owner": 1,
        "date_uploaded": "2015-09-30T14:27:33.502Z"
    },
    "model": "core.file",
    "pk": 31
},
{
    "fields": {
        "kind": "misc",
        "description": null,
        "date_modified": "2015-10-08T11:53:20.111Z",
        "sequence": 1,
        "uuid_filename": "19fa769a-a45b-4d8b-a852-3b051cce45cd.epub",
        "label": null,
        "stage_uploaded": 1,
        "mime_type": "application/epub+zip",
        "original_filename": "Untitled 2.epub",
        "owner": 1,
        "date_uploaded": "2015-09-30T14:27:58.145Z"
    },
    "model": "core.file",
    "pk": 32
},
{
    "fields": {
        "kind": "misc",
        "description": null,
        "date_modified": "2015-10-08T11:53:20.111Z",
        "sequence": 1,
        "uuid_filename": "3ac7dc03-92c4-422b-a291-f9d28b67f461.epub",
        "label": null,
        "stage_uploaded": 1,
        "mime_type": "application/epub+zip",
        "original_filename": "Untitled 2.epub",
        "owner": 1,
        "date_uploaded": "2015-09-30T14:28:08.903Z"
    },
    "model": "core.file",
    "pk": 33
},
{
    "fields": {
        "kind": "misc",
        "description": null,
        "date_modified": "2015-10-08T11:53:20.111Z",
        "sequence": 1,
        "uuid_filename": "c0e2d432-2d72-464a-a1fa-e7424748da18.docx",
        "label": null,
        "stage_uploaded": 1,
        "mime_type": "application/vnd.openxmlformats-officedocument.wordprocessingml.document",
        "original_filename": "Untitled 2.docx",
        "owner": 1,
        "date_uploaded": "2015-09-30T14:28:17.994Z"
    },
    "model": "core.file",
    "pk": 34
},
{
    "fields": {
        "kind": "manuscript",
        "description": null,
        "date_modified": "2015-10-08T11:53:20.111Z",
        "sequence": 1,
        "uuid_filename": "5473334f-f2b4-4855-a7fb-b707c60bc489..png",
        "label": "dsfds",
        "stage_uploaded": 1,
        "mime_type": "image/png",
        "original_filename": "Screen Shot 2015-09-30 at 16.38.05.png",
        "owner": 1,
        "date_uploaded": "2015-09-30T16:48:10.190Z"
    },
    "model": "core.file",
    "pk": 35
},
{
    "fields": {
        "kind": "manuscript",
        "description": null,
        "date_modified": "2015-10-08T11:53:20.111Z",
        "sequence": 1,
        "uuid_filename": "06e0bf25-98a9-4c72-8de9-5ea2e08b99ad..png",
        "label": null,
        "stage_uploaded": 1,
        "mime_type": "image/png",
        "original_filename": "Screen Shot 2015-09-30 at 16.38.05.png",
        "owner": 1,
        "date_uploaded": "2015-10-01T11:18:14.083Z"
    },
    "model": "core.file",
    "pk": 36
},
{
    "fields": {
        "kind": "manuscript",
        "description": null,
        "date_modified": "2015-10-08T11:53:20.111Z",
        "sequence": 1,
        "uuid_filename": "8d539239-0f94-4515-b57d-da67af5b14b1..png",
        "label": null,
        "stage_uploaded": 1,
        "mime_type": "image/png",
        "original_filename": "Screen Shot 2015-09-30 at 16.18.06.png",
        "owner": 1,
        "date_uploaded": "2015-10-01T11:18:54.776Z"
    },
    "model": "core.file",
    "pk": 37
},
{
    "fields": {
        "kind": "manuscript",
        "description": null,
        "date_modified": "2015-10-08T11:53:20.111Z",
        "sequence": 1,
        "uuid_filename": "329418f7-8310-47a0-a872-9b350a2158d3..png",
        "label": null,
        "stage_uploaded": 1,
        "mime_type": "image/png",
        "original_filename": "Screen Shot 2015-09-30 at 16.18.06.png",
        "owner": 1,
        "date_uploaded": "2015-10-01T11:23:24.584Z"
    },
    "model": "core.file",
    "pk": 39
},
{
    "fields": {
        "kind": "manuscript",
        "description": null,
        "date_modified": "2015-10-08T11:53:20.111Z",
        "sequence": 1,
        "uuid_filename": "b2f3523c-0cfc-444d-8cc6-3a00aef574de..png",
        "label": null,
        "stage_uploaded": 1,
        "mime_type": "image/png",
        "original_filename": "Screen Shot 2015-09-30 at 16.38.05.png",
        "owner": 1,
        "date_uploaded": "2015-10-01T11:23:24.586Z"
    },
    "model": "core.file",
    "pk": 40
},
{
    "fields": {
        "kind": "manuscript",
        "description": null,
        "date_modified": "2015-10-08T11:53:20.111Z",
        "sequence": 1,
        "uuid_filename": "e449bc7d-7ba6-46d5-8658-8660110ee6cc..png",
        "label": null,
        "stage_uploaded": 1,
        "mime_type": "image/png",
        "original_filename": "Screen Shot 2015-09-30 at 16.39.15.png",
        "owner": 1,
        "date_uploaded": "2015-10-01T11:23:24.595Z"
    },
    "model": "core.file",
    "pk": 41
},
{
    "fields": {
        "kind": "manuscript",
        "description": null,
        "date_modified": "2015-10-08T11:53:20.111Z",
        "sequence": 1,
        "uuid_filename": "c3752972-7476-4b9a-82f9-e6336196e211..png",
        "label": null,
        "stage_uploaded": 1,
        "mime_type": "image/png",
        "original_filename": "Screen Shot 2015-09-30 at 16.38.05.png",
        "owner": 1,
        "date_uploaded": "2015-10-01T11:23:53.567Z"
    },
    "model": "core.file",
    "pk": 42
},
{
    "fields": {
        "kind": "manuscript",
        "description": null,
        "date_modified": "2015-10-08T11:53:20.111Z",
        "sequence": 1,
        "uuid_filename": "3b931ec3-ca87-41d5-9124-f1646fabb486..png",
        "label": null,
        "stage_uploaded": 1,
        "mime_type": "image/png",
        "original_filename": "Screen Shot 2015-09-30 at 19.00.38.png",
        "owner": 1,
        "date_uploaded": "2015-10-01T11:24:12.121Z"
    },
    "model": "core.file",
    "pk": 46
},
{
    "fields": {
        "kind": "manuscript",
        "description": null,
        "date_modified": "2015-10-08T11:53:20.111Z",
        "sequence": 1,
        "uuid_filename": "fdac51aa-d70e-422b-9cb1-b97a5ca5298b..png",
        "label": null,
        "stage_uploaded": 1,
        "mime_type": "image/png",
        "original_filename": "Screen Shot 2015-09-30 at 16.16.00.png",
        "owner": 1,
        "date_uploaded": "2015-10-01T11:26:16.908Z"
    },
    "model": "core.file",
    "pk": 48
},
{
    "fields": {
        "kind": "manuscript",
        "description": null,
        "date_modified": "2015-10-08T11:53:20.111Z",
        "sequence": 1,
        "uuid_filename": "7786f588-0fae-4463-8db3-944769474771..png",
        "label": null,
        "stage_uploaded": 1,
        "mime_type": "image/png",
        "original_filename": "editordash_1024.png",
        "owner": 1,
        "date_uploaded": "2015-10-01T11:26:16.909Z"
    },
    "model": "core.file",
    "pk": 49
},
{
    "fields": {
        "kind": "manuscript",
        "description": null,
        "date_modified": "2015-10-08T11:53:20.111Z",
        "sequence": 1,
        "uuid_filename": "269376b3-4b55-49d3-b2eb-fef18b7f2efa..png",
        "label": null,
        "stage_uploaded": 1,
        "mime_type": "image/png",
        "original_filename": "Screen Shot 2015-09-30 at 16.18.06.png",
        "owner": 1,
        "date_uploaded": "2015-10-01T11:26:16.927Z"
    },
    "model": "core.file",
    "pk": 50
},
{
    "fields": {
        "kind": "manuscript",
        "description": null,
        "date_modified": "2015-10-08T11:53:20.111Z",
        "sequence": 1,
        "uuid_filename": "e7790949-7f11-4aeb-be6d-c6e53be068cc..png",
        "label": null,
        "stage_uploaded": 1,
        "mime_type": "image/png",
        "original_filename": "Screen Shot 2015-09-30 at 16.38.05.png",
        "owner": 1,
        "date_uploaded": "2015-10-01T11:26:16.938Z"
    },
    "model": "core.file",
    "pk": 51
},
{
    "fields": {
        "kind": "manuscript",
        "description": null,
        "date_modified": "2015-10-08T11:53:20.111Z",
        "sequence": 1,
        "uuid_filename": "5403ef84-c99a-48e1-b0a5-76d4c6a89dd8..png",
        "label": null,
        "stage_uploaded": 1,
        "mime_type": "image/png",
        "original_filename": "Screen Shot 2015-09-30 at 16.39.15.png",
        "owner": 1,
        "date_uploaded": "2015-10-01T11:26:16.943Z"
    },
    "model": "core.file",
    "pk": 52
},
{
    "fields": {
        "kind": "manuscript",
        "description": null,
        "date_modified": "2015-10-08T11:53:20.111Z",
        "sequence": 1,
        "uuid_filename": "728b22f7-f414-41d6-bc7d-ecc616d933c2..png",
        "label": null,
        "stage_uploaded": 1,
        "mime_type": "image/png",
        "original_filename": "Screen Shot 2015-09-30 at 16.18.06.png",
        "owner": 1,
        "date_uploaded": "2015-10-01T11:31:04.831Z"
    },
    "model": "core.file",
    "pk": 56
},
{
    "fields": {
        "kind": "manuscript",
        "description": null,
        "date_modified": "2015-10-08T11:53:20.111Z",
        "sequence": 1,
        "uuid_filename": "8c824e58-698a-4c7d-b5e2-fd98644209f8..png",
        "label": null,
        "stage_uploaded": 1,
        "mime_type": "image/png",
        "original_filename": "Screen Shot 2015-09-30 at 16.18.06.png",
        "owner": 1,
        "date_uploaded": "2015-10-01T11:35:12.442Z"
    },
    "model": "core.file",
    "pk": 57
},
{
    "fields": {
        "kind": "manuscript",
        "description": null,
        "date_modified": "2015-10-08T11:53:20.111Z",
        "sequence": 1,
        "uuid_filename": "ea6a7f61-7f95-472f-a580-492df83d9375..png",
        "label": null,
        "stage_uploaded": 1,
        "mime_type": "image/png",
        "original_filename": "Screen Shot 2015-09-30 at 16.38.05.png",
        "owner": 1,
        "date_uploaded": "2015-10-01T11:36:12.490Z"
    },
    "model": "core.file",
    "pk": 58
},
{
    "fields": {
        "kind": "manuscript",
        "description": null,
        "date_modified": "2015-10-08T11:53:20.111Z",
        "sequence": 1,
        "uuid_filename": "14c255b5-226a-4814-8162-a8bbe6632292..png",
        "label": null,
        "stage_uploaded": 1,
        "mime_type": "image/png",
        "original_filename": "Screen Shot 2015-09-30 at 16.39.15.png",
        "owner": 1,
        "date_uploaded": "2015-10-01T11:36:12.495Z"
    },
    "model": "core.file",
    "pk": 59
},
{
    "fields": {
        "kind": "manuscript",
        "description": null,
        "date_modified": "2015-10-08T11:53:20.111Z",
        "sequence": 1,
        "uuid_filename": "edaa6150-ec93-4519-a84b-2e5e496fedab..png",
        "label": null,
        "stage_uploaded": 1,
        "mime_type": "image/png",
        "original_filename": "Screen Shot 2015-09-30 at 16.38.05.png",
        "owner": 1,
        "date_uploaded": "2015-10-01T11:37:20.063Z"
    },
    "model": "core.file",
    "pk": 60
},
{
    "fields": {
        "kind": "manuscript",
        "description": null,
        "date_modified": "2015-10-08T11:53:20.111Z",
        "sequence": 1,
        "uuid_filename": "d60e0ad2-c33b-40d7-ae9c-03f98cff7246..png",
        "label": null,
        "stage_uploaded": 1,
        "mime_type": "image/png",
        "original_filename": "Screen Shot 2015-09-30 at 19.00.38.png",
        "owner": 1,
        "date_uploaded": "2015-10-01T11:37:20.074Z"
    },
    "model": "core.file",
    "pk": 61
},
{
    "fields": {
        "kind": "manuscript",
        "description": null,
        "date_modified": "2015-10-08T11:53:20.111Z",
        "sequence": 1,
        "uuid_filename": "c2920e50-8fad-429b-8dc3-ea2874166481..png",
        "label": null,
        "stage_uploaded": 1,
        "mime_type": "image/png",
        "original_filename": "Screen Shot 2015-09-30 at 19.08.07.png",
        "owner": 1,
        "date_uploaded": "2015-10-01T11:37:20.078Z"
    },
    "model": "core.file",
    "pk": 62
},
{
    "fields": {
        "kind": "manuscript",
        "description": null,
        "date_modified": "2015-10-08T11:53:20.111Z",
        "sequence": 1,
        "uuid_filename": "03f8f4f8-88d3-40d8-b1a9-7cd7de754a11..png",
        "label": null,
        "stage_uploaded": 1,
        "mime_type": "image/png",
        "original_filename": "Screen Shot 2015-09-30 at 16.39.15.png",
        "owner": 1,
        "date_uploaded": "2015-10-01T11:37:20.075Z"
    },
    "model": "core.file",
    "pk": 63
},
{
    "fields": {
        "kind": "manuscript",
        "description": null,
        "date_modified": "2015-10-08T11:53:20.111Z",
        "sequence": 1,
        "uuid_filename": "c5473189-1d5f-479a-b519-9c1718699981..png",
        "label": null,
        "stage_uploaded": 1,
        "mime_type": "image/png",
        "original_filename": "upress.png",
        "owner": 1,
        "date_uploaded": "2015-10-01T11:40:06.523Z"
    },
    "model": "core.file",
    "pk": 64
},
{
    "fields": {
        "kind": "manuscript",
        "description": null,
        "date_modified": "2015-10-08T11:53:20.111Z",
        "sequence": 1,
        "uuid_filename": "850169f5-90c0-4e45-a423-9b0cb3d1eac9..png",
        "label": null,
        "stage_uploaded": 1,
        "mime_type": "image/png",
        "original_filename": "Screen Shot 2015-09-30 at 16.16.00.png",
        "owner": 1,
        "date_uploaded": "2015-10-01T11:46:32.125Z"
    },
    "model": "core.file",
    "pk": 67
},
{
    "fields": {
        "kind": "manuscript",
        "description": null,
        "date_modified": "2015-10-08T11:53:20.111Z",
        "sequence": 1,
        "uuid_filename": "5496279d-efde-4f8e-9521-410f777c1d9b..png",
        "label": null,
        "stage_uploaded": 1,
        "mime_type": "image/png",
        "original_filename": "Screen Shot 2015-09-30 at 16.18.06.png",
        "owner": 1,
        "date_uploaded": "2015-10-01T11:46:32.134Z"
    },
    "model": "core.file",
    "pk": 68
},
{
    "fields": {
        "kind": "manuscript",
        "description": null,
        "date_modified": "2015-10-08T11:53:20.111Z",
        "sequence": 1,
        "uuid_filename": "8d3708e6-a4f8-4a13-a23f-63d6391300a0..png",
        "label": null,
        "stage_uploaded": 1,
        "mime_type": "image/png",
        "original_filename": "Screen Shot 2015-09-30 at 19.00.38.png",
        "owner": 1,
        "date_uploaded": "2015-10-01T11:46:32.195Z"
    },
    "model": "core.file",
    "pk": 70
},
{
    "fields": {
        "kind": "manuscript",
        "description": null,
        "date_modified": "2015-10-08T11:53:20.111Z",
        "sequence": 1,
        "uuid_filename": "42a34784-7a53-4af5-b048-aa8cde5a36c6..docx",
        "label": null,
        "stage_uploaded": 1,
        "mime_type": "application/vnd.openxmlformats-officedocument.wordprocessingml.document",
        "original_filename": "Untitled 2.docx",
        "owner": 1,
        "date_uploaded": "2015-10-01T11:53:56.513Z"
    },
    "model": "core.file",
    "pk": 73
},
{
    "fields": {
        "kind": "manuscript",
        "description": null,
        "date_modified": "2015-10-08T11:53:20.111Z",
        "sequence": 1,
        "uuid_filename": "8ce0ade8-acd5-40fd-a24d-26ffb06cf4ef..pdf",
        "label": null,
        "stage_uploaded": 1,
        "mime_type": "application/pdf",
        "original_filename": "74-779-1-PB.pdf",
        "owner": 1,
        "date_uploaded": "2015-10-01T12:00:58.609Z"
    },
    "model": "core.file",
    "pk": 79
},
{
    "fields": {
        "kind": "manuscript",
        "description": null,
        "date_modified": "2015-10-08T11:53:20.111Z",
        "sequence": 1,
        "uuid_filename": "adb54c0c-f397-448a-9deb-35779509d618..docx",
        "label": null,
        "stage_uploaded": 1,
        "mime_type": "application/vnd.openxmlformats-officedocument.wordprocessingml.document",
        "original_filename": "8726-15488-1-PB.docx",
        "owner": 1,
        "date_uploaded": "2015-10-01T12:29:11.703Z"
    },
    "model": "core.file",
    "pk": 88
},
{
    "fields": {
        "kind": "manuscript",
        "description": null,
        "date_modified": "2015-10-08T11:53:20.111Z",
        "sequence": 1,
        "uuid_filename": "4c2043f3-41fe-4677-b8e4-9cf802b482de..pdf",
        "label": null,
        "stage_uploaded": 1,
        "mime_type": "application/pdf",
        "original_filename": "74-779-1-PB (4).pdf",
        "owner": 1,
        "date_uploaded": "2015-10-01T12:29:44.340Z"
    },
    "model": "core.file",
    "pk": 91
},
{
    "fields": {
        "kind": "manuscript",
        "description": null,
        "date_modified": "2015-10-08T11:53:20.111Z",
        "sequence": 1,
        "uuid_filename": "e61d10af-7a2a-4593-958f-c4abd0fcec8a..pdf",
        "label": null,
        "stage_uploaded": 1,
        "mime_type": "application/pdf",
        "original_filename": "456-390-1-PB.pdf",
        "owner": 1,
        "date_uploaded": "2015-10-01T12:29:44.349Z"
    },
    "model": "core.file",
    "pk": 92
},
{
    "fields": {
        "kind": "manuscript",
        "description": null,
        "date_modified": "2015-10-08T11:53:20.111Z",
        "sequence": 1,
        "uuid_filename": "08282528-fedb-46c7-8185-0fcbc3501649..pdf",
        "label": null,
        "stage_uploaded": 1,
        "mime_type": "application/pdf",
        "original_filename": "74-779-1-PB.pdf",
        "owner": 1,
        "date_uploaded": "2015-10-01T12:29:44.352Z"
    },
    "model": "core.file",
    "pk": 93
},
{
    "fields": {
        "kind": "manuscript",
        "description": null,
        "date_modified": "2015-10-08T11:53:20.111Z",
        "sequence": 1,
        "uuid_filename": "5d5694af-1e06-49a2-886a-0f895ca1590a..jpg",
        "label": null,
        "stage_uploaded": 1,
        "mime_type": "image/jpeg",
        "original_filename": "973c17aa-ad7c-4f42-aad9-73d4220c0484.jpg",
        "owner": 1,
        "date_uploaded": "2015-10-01T12:29:44.365Z"
    },
    "model": "core.file",
    "pk": 94
},
{
    "fields": {
        "kind": "manuscript",
        "description": null,
        "date_modified": "2015-10-08T11:53:20.111Z",
        "sequence": 1,
        "uuid_filename": "81dec2ab-2e66-438a-8259-d56349c837c2..pdf",
        "label": null,
        "stage_uploaded": 1,
        "mime_type": "application/pdf",
        "original_filename": "74ee083c-99b0-4c5d-bf35-7334ee7285df..pdf",
        "owner": 1,
        "date_uploaded": "2015-10-01T12:29:44.360Z"
    },
    "model": "core.file",
    "pk": 95
},
{
    "fields": {
        "kind": "manuscript",
        "description": null,
        "date_modified": "2015-10-08T11:53:20.111Z",
        "sequence": 1,
        "uuid_filename": "17006cf5-b729-4706-8d5b-d3f816eb6483..jpg",
        "label": null,
        "stage_uploaded": 1,
        "mime_type": "image/jpeg",
        "original_filename": "c570514c-97c3-476f-bf6e-eb723c30ac4a..jpg",
        "owner": 1,
        "date_uploaded": "2015-10-01T12:30:02.287Z"
    },
    "model": "core.file",
    "pk": 96
},
{
    "fields": {
        "kind": "additional",
        "description": null,
        "date_modified": "2015-10-08T11:53:20.111Z",
        "sequence": 1,
        "uuid_filename": "cd3d68a7-258a-4969-bc6e-5beeb1a7661e..pdf",
        "label": null,
        "stage_uploaded": 1,
        "mime_type": "application/pdf",
        "original_filename": "74-779-1-PB.pdf",
        "owner": 1,
        "date_uploaded": "2015-10-01T12:42:06.348Z"
    },
    "model": "core.file",
    "pk": 97
},
{
    "fields": {
        "kind": "additional",
        "description": null,
        "date_modified": "2015-10-08T11:53:20.111Z",
        "sequence": 1,
        "uuid_filename": "5c01b0bb-8045-4c8a-918c-941d4d41c5bc..pdf",
        "label": null,
        "stage_uploaded": 1,
        "mime_type": "application/pdf",
        "original_filename": "74-779-1-PB (4).pdf",
        "owner": 1,
        "date_uploaded": "2015-10-01T12:42:06.354Z"
    },
    "model": "core.file",
    "pk": 98
},
{
    "fields": {
        "kind": "additional",
        "description": null,
        "date_modified": "2015-10-08T11:53:20.111Z",
        "sequence": 1,
        "uuid_filename": "d41a44b1-cdf1-4645-a453-60ca517b9585..pdf",
        "label": null,
        "stage_uploaded": 1,
        "mime_type": "application/pdf",
        "original_filename": "74-779-1-PB (4).pdf",
        "owner": 1,
        "date_uploaded": "2015-10-01T12:43:44.557Z"
    },
    "model": "core.file",
    "pk": 99
},
{
    "fields": {
        "kind": "manuscript",
        "description": null,
        "date_modified": "2015-10-08T11:53:20.111Z",
        "sequence": 1,
        "uuid_filename": "09728745-3c5c-47f9-a04b-37f915180c82..pdf",
        "label": null,
        "stage_uploaded": 1,
        "mime_type": "application/pdf",
        "original_filename": "74-779-1-PB (3).pdf",
        "owner": 1,
        "date_uploaded": "2015-10-01T13:02:07.401Z"
    },
    "model": "core.file",
    "pk": 103
},
{
    "fields": {
        "kind": "additional",
        "description": null,
        "date_modified": "2015-10-08T11:53:20.111Z",
        "sequence": 1,
        "uuid_filename": "ba09a56a-d053-48d2-ad92-bdca469bcaef..pdf",
        "label": null,
        "stage_uploaded": 1,
        "mime_type": "application/pdf",
        "original_filename": "74-779-1-PB (3).pdf",
        "owner": 1,
        "date_uploaded": "2015-10-01T13:02:39.072Z"
    },
    "model": "core.file",
    "pk": 104
},
{
    "fields": {
        "kind": "manuscript",
        "description": null,
        "date_modified": "2015-10-08T11:53:20.111Z",
        "sequence": 1,
        "uuid_filename": "2fce0611-4216-46bd-a08a-b8f3816a9cdd..pdf",
        "label": null,
        "stage_uploaded": 1,
        "mime_type": "application/pdf",
        "original_filename": "74-779-1-PB (3).pdf",
        "owner": 1,
        "date_uploaded": "2015-10-01T13:04:31.309Z"
    },
    "model": "core.file",
    "pk": 106
},
{
    "fields": {
        "kind": "manuscript",
        "description": null,
        "date_modified": "2015-10-08T11:53:20.111Z",
        "sequence": 1,
        "uuid_filename": "f341a378-5c4d-444f-a091-bf52ef02254d..dmg",
        "label": null,
        "stage_uploaded": 1,
        "mime_type": "application/x-apple-diskimage",
        "original_filename": "googlechrome.dmg",
        "owner": 1,
        "date_uploaded": "2015-10-01T13:04:49.347Z"
    },
    "model": "core.file",
    "pk": 107
},
{
    "fields": {
        "kind": "additional",
        "description": null,
        "date_modified": "2015-10-08T11:53:20.111Z",
        "sequence": 1,
        "uuid_filename": "75142b19-18d7-4dab-824f-bb55354a94b5..pdf",
        "label": null,
        "stage_uploaded": 1,
        "mime_type": "application/pdf",
        "original_filename": "74ee083c-99b0-4c5d-bf35-7334ee7285df..pdf",
        "owner": 1,
        "date_uploaded": "2015-10-01T13:04:59.264Z"
    },
    "model": "core.file",
    "pk": 108
},
{
    "fields": {
        "kind": "manuscript",
        "description": null,
        "date_modified": "2015-10-08T11:53:20.111Z",
        "sequence": 1,
        "uuid_filename": "ff2dbbe8-9fa2-4798-ad95-f13162fdedbc..pdf",
        "label": null,
        "stage_uploaded": 1,
        "mime_type": "application/pdf",
        "original_filename": "74ee083c-99b0-4c5d-bf35-7334ee7285df..pdf",
        "owner": 1,
        "date_uploaded": "2015-10-01T13:08:11.708Z"
    },
    "model": "core.file",
    "pk": 109
},
{
    "fields": {
        "kind": "manuscript",
        "description": null,
        "date_modified": "2015-10-08T11:53:20.111Z",
        "sequence": 1,
        "uuid_filename": "4665e6bb-41f2-4e1a-b2a1-fcfc28762a43..pdf",
        "label": null,
        "stage_uploaded": 1,
        "mime_type": "application/pdf",
        "original_filename": "456-390-1-PB.pdf",
        "owner": 1,
        "date_uploaded": "2015-10-01T13:08:12.516Z"
    },
    "model": "core.file",
    "pk": 110
},
{
    "fields": {
        "kind": "additional",
        "description": null,
        "date_modified": "2015-10-08T11:53:20.111Z",
        "sequence": 1,
        "uuid_filename": "3a6f630c-c150-484b-bf5d-4719a5bab728..pdf",
        "label": null,
        "stage_uploaded": 1,
        "mime_type": "application/pdf",
        "original_filename": "74-779-1-PB (3).pdf",
        "owner": 1,
        "date_uploaded": "2015-10-01T13:08:20.677Z"
    },
    "model": "core.file",
    "pk": 111
},
{
    "fields": {
        "kind": "additional",
        "description": null,
        "date_modified": "2015-10-08T11:53:20.111Z",
        "sequence": 1,
        "uuid_filename": "7c927f59-7241-4be8-981e-c3b498af0a02..pdf",
        "label": null,
        "stage_uploaded": 1,
        "mime_type": "application/pdf",
        "original_filename": "74-779-1-PB (4).pdf",
        "owner": 1,
        "date_uploaded": "2015-10-01T13:08:20.679Z"
    },
    "model": "core.file",
    "pk": 112
},
{
    "fields": {
        "kind": "misc",
        "description": null,
        "date_modified": "2015-10-08T11:53:20.111Z",
        "sequence": 1,
        "uuid_filename": "d5789274-4c01-44ce-b56d-9fedd83bb70b.pdf",
        "label": null,
        "stage_uploaded": 1,
        "mime_type": "application/pdf",
        "original_filename": "74-779-1-PB (3).pdf",
        "owner": 1,
        "date_uploaded": "2015-10-01T17:05:06.131Z"
    },
    "model": "core.file",
    "pk": 113
},
{
    "fields": {
        "kind": "copyedit",
        "description": null,
        "date_modified": "2015-10-08T11:53:20.111Z",
        "sequence": 1,
        "uuid_filename": "fe9882f2-5a78-4957-b152-8765d05c453c.pdf",
        "label": "sdfdsf",
        "stage_uploaded": 1,
        "mime_type": "application/pdf",
        "original_filename": "74-779-1-PB.pdf",
        "owner": 1,
        "date_uploaded": "2015-10-01T17:05:16.979Z"
    },
    "model": "core.file",
    "pk": 114
},
{
    "fields": {
        "kind": "manuscript",
        "description": null,
        "date_modified": "2015-10-08T11:53:20.111Z",
        "sequence": 1,
        "uuid_filename": "338f8135-e794-4deb-9f27-4ef569d0421d..pdf",
        "label": null,
        "stage_uploaded": 1,
        "mime_type": "application/pdf",
        "original_filename": "74-779-1-PB (2).pdf",
        "owner": 1,
        "date_uploaded": "2015-10-02T13:24:15.336Z"
    },
    "model": "core.file",
    "pk": 116
},
{
    "fields": {
        "kind": "manuscript",
        "description": null,
        "date_modified": "2015-10-08T11:53:20.111Z",
        "sequence": 1,
        "uuid_filename": "5df20ee2-67a7-4cfe-b71e-912b83cc1312.epub",
        "label": null,
        "stage_uploaded": 1,
        "mime_type": "application/epub+zip",
        "original_filename": "e10c070b-cea9-408d-9b42-a28aee213968 (1).epub",
        "owner": 1,
        "date_uploaded": "2015-10-05T15:26:35.327Z"
    },
    "model": "core.file",
    "pk": 117
},
{
    "fields": {
        "kind": "manuscript",
        "description": null,
        "date_modified": "2015-10-08T11:53:20.111Z",
        "sequence": 1,
        "uuid_filename": "3653a499-f58a-4177-a202-62e1bf917a1d..pdf",
        "label": null,
        "stage_uploaded": 1,
        "mime_type": "application/pdf",
        "original_filename": "74-779-1-PB (4).pdf",
        "owner": 1,
        "date_uploaded": "2015-10-02T13:24:17.087Z"
    },
    "model": "core.file",
    "pk": 118
},
{
    "fields": {
        "kind": "additional",
        "description": null,
        "date_modified": "2015-10-08T11:53:20.111Z",
        "sequence": 1,
        "uuid_filename": "9f41a17f-094b-4cb4-acb9-3671d04f2670.dmg",
        "label": null,
        "stage_uploaded": 1,
        "mime_type": "application/x-apple-diskimage",
        "original_filename": "1926bbf8-a55f-4611-8b5b-2a06bd02435f (1).dmg",
        "owner": 1,
        "date_uploaded": "2015-10-07T14:01:46.061Z"
    },
    "model": "core.file",
    "pk": 119
},
{
    "fields": {
        "kind": "additional",
        "description": null,
        "date_modified": "2015-10-08T11:53:20.111Z",
        "sequence": 1,
        "uuid_filename": "9b727b2a-b7f1-430a-8e16-413739d0739f..jpg",
        "label": null,
        "stage_uploaded": 1,
        "mime_type": "image/jpeg",
        "original_filename": "c570514c-97c3-476f-bf6e-eb723c30ac4a..jpg",
        "owner": 1,
        "date_uploaded": "2015-10-02T13:24:32.877Z"
    },
    "model": "core.file",
    "pk": 120
},
{
    "fields": {
        "kind": "contract",
        "description": null,
        "date_modified": "2015-10-08T11:53:20.111Z",
        "sequence": 1,
        "uuid_filename": "cf2293b4-0617-404f-a187-25f010581ff8.epub",
        "label": null,
        "stage_uploaded": 1,
        "mime_type": "application/epub+zip",
        "original_filename": "Untitled 2.epub",
        "owner": 1,
        "date_uploaded": "2015-10-02T14:38:53.878Z"
    },
    "model": "core.file",
    "pk": 121
},
{
    "fields": {
        "kind": "marketing",
        "description": null,
        "date_modified": "2015-10-08T11:53:20.111Z",
        "sequence": 1,
        "uuid_filename": "11a8b718-f19c-4ac6-8bf0-e468a1e78add.epub",
        "label": "bfbfdb",
        "stage_uploaded": 1,
        "mime_type": "application/epub+zip",
        "original_filename": "Untitled 2.epub",
        "owner": 1,
        "date_uploaded": "2015-10-02T14:45:27.907Z"
    },
    "model": "core.file",
    "pk": 122
},
{
    "fields": {
        "kind": "misc",
        "description": null,
        "date_modified": "2015-10-08T11:53:20.111Z",
        "sequence": 1,
        "uuid_filename": "8e473acf-3e2e-4845-bf34-2fe29da81d91.epub",
        "label": null,
        "stage_uploaded": 1,
        "mime_type": "application/epub+zip",
        "original_filename": "Untitled 2.epub",
        "owner": 1,
        "date_uploaded": "2015-10-02T14:50:54.856Z"
    },
    "model": "core.file",
    "pk": 123
},
{
    "fields": {
        "kind": "reviewer",
        "description": null,
        "date_modified": "2015-10-08T11:53:20.111Z",
        "sequence": 1,
        "uuid_filename": "d7b6dbf0-119a-420e-8df5-857906b85976.docx",
        "label": null,
        "stage_uploaded": 1,
        "mime_type": "application/vnd.openxmlformats-officedocument.wordprocessingml.document",
        "original_filename": "Untitled 2.docx",
        "owner": 1,
        "date_uploaded": "2015-10-02T14:51:28.325Z"
    },
    "model": "core.file",
    "pk": 124
},
{
    "fields": {
        "kind": "misc",
        "description": null,
        "date_modified": "2015-10-08T11:53:20.111Z",
        "sequence": 1,
        "uuid_filename": "784166eb-ad83-4b6a-a0fa-c8231a568d63.docx",
        "label": null,
        "stage_uploaded": 1,
        "mime_type": "application/vnd.openxmlformats-officedocument.wordprocessingml.document",
        "original_filename": "Untitled 2.docx",
        "owner": 1,
        "date_uploaded": "2015-10-02T14:51:46.194Z"
    },
    "model": "core.file",
    "pk": 125
},
{
    "fields": {
        "kind": "copyedit",
        "description": null,
        "date_modified": "2015-10-08T11:53:20.111Z",
        "sequence": 1,
        "uuid_filename": "f3104144-ff8e-4477-8d13-fcb71a223998.epub",
        "label": "fsdfdsf",
        "stage_uploaded": 1,
        "mime_type": "application/epub+zip",
        "original_filename": "Untitled 2.epub",
        "owner": 1,
        "date_uploaded": "2015-10-02T14:52:17.028Z"
    },
    "model": "core.file",
    "pk": 126
},
{
    "fields": {
        "kind": "copyedit",
        "description": null,
        "date_modified": "2015-10-08T11:53:20.111Z",
        "sequence": 1,
        "uuid_filename": "15f2e331-14c1-4853-9602-c97ed850961d.docx",
        "label": "fsdfds",
        "stage_uploaded": 1,
        "mime_type": "application/vnd.openxmlformats-officedocument.wordprocessingml.document",
        "original_filename": "Untitled 2.docx",
        "owner": 1,
        "date_uploaded": "2015-10-02T14:52:17.029Z"
    },
    "model": "core.file",
    "pk": 127
},
{
    "fields": {
        "kind": "contract",
        "description": null,
        "date_modified": "2015-10-08T11:53:20.111Z",
        "sequence": 1,
        "uuid_filename": "81614bab-f0ed-45bd-b8b7-5c5c99165127.epub",
        "label": null,
        "stage_uploaded": 1,
        "mime_type": "application/epub+zip",
        "original_filename": "Untitled 2.epub",
        "owner": 1,
        "date_uploaded": "2015-10-02T15:35:20.184Z"
    },
    "model": "core.file",
    "pk": 128
},
{
    "fields": {
        "kind": "contract",
        "description": null,
        "date_modified": "2015-10-08T11:53:20.111Z",
        "sequence": 1,
        "uuid_filename": "370690f2-2494-453c-9a7c-5be53dc3c5b7.epub",
        "label": null,
        "stage_uploaded": 1,
        "mime_type": "application/epub+zip",
        "original_filename": "Untitled 2.epub",
        "owner": 1,
        "date_uploaded": "2015-10-02T15:39:54.156Z"
    },
    "model": "core.file",
    "pk": 129
},
{
    "fields": {
        "kind": "manuscript",
        "description": null,
        "date_modified": "2015-10-08T11:53:20.111Z",
        "sequence": 1,
        "uuid_filename": "4d8a3171-8322-4747-a73c-5db68eb3b78b..docx",
        "label": null,
        "stage_uploaded": 1,
        "mime_type": "application/vnd.openxmlformats-officedocument.wordprocessingml.document",
        "original_filename": "Untitled 2.docx",
        "owner": 1,
        "date_uploaded": "2015-10-05T10:10:42.505Z"
    },
    "model": "core.file",
    "pk": 131
},
{
    "fields": {
        "kind": "manuscript",
        "description": null,
        "date_modified": "2015-10-08T11:53:20.111Z",
        "sequence": 1,
        "uuid_filename": "e12ed2b2-2dca-4b68-918e-e454b753ede2..pdf",
        "label": null,
        "stage_uploaded": 1,
        "mime_type": "application/pdf",
        "original_filename": "Untitled 2.pdf",
        "owner": 1,
        "date_uploaded": "2015-10-05T10:10:43.744Z"
    },
    "model": "core.file",
    "pk": 132
},
{
    "fields": {
        "kind": "reviewer",
        "description": null,
        "date_modified": "2015-10-08T11:53:20.111Z",
        "sequence": 1,
        "uuid_filename": "ba536e2b-2acd-4750-bd32-73492a47fdb4.bz2",
        "label": null,
        "stage_uploaded": 1,
        "mime_type": "unknown",
        "original_filename": "FileZilla_3.11.0.2_macosx-x86.app.tar.bz2",
        "owner": 1,
        "date_uploaded": "2015-10-06T14:01:08.284Z"
    },
    "model": "core.file",
    "pk": 133
},
{
    "fields": {
        "kind": "index",
        "description": null,
        "date_modified": "2015-10-08T11:53:20.111Z",
        "sequence": 1,
        "uuid_filename": "a79002d0-45a3-4add-b9df-87ef1b2d8250.epub",
        "label": "dsfsdf",
        "stage_uploaded": 1,
        "mime_type": "application/epub+zip",
        "original_filename": "7984bcdd-569b-4588-8374-3afb5b79e0ac.epub",
        "owner": 1,
        "date_uploaded": "2015-10-06T14:28:17.287Z"
    },
    "model": "core.file",
    "pk": 134
},
{
    "fields": {
        "kind": "copyedit",
        "description": null,
        "date_modified": "2015-10-08T11:53:20.111Z",
        "sequence": 1,
        "uuid_filename": "57f17d8d-6b93-4605-b988-6f452988ea29.dmg",
        "label": null,
        "stage_uploaded": 1,
        "mime_type": "application/x-apple-diskimage",
        "original_filename": "1926bbf8-a55f-4611-8b5b-2a06bd02435f.dmg",
        "owner": 1,
        "date_uploaded": "2015-10-06T14:43:22.227Z"
    },
    "model": "core.file",
    "pk": 135
},
{
    "fields": {
        "kind": "copyedit",
        "description": null,
        "date_modified": "2015-10-08T11:53:20.111Z",
        "sequence": 1,
        "uuid_filename": "b4a1d6d6-f6a2-4233-a2a0-70a56d6eee74.dmg",
        "label": null,
        "stage_uploaded": 1,
        "mime_type": "application/x-apple-diskimage",
        "original_filename": "1926bbf8-a55f-4611-8b5b-2a06bd02435f.dmg",
        "owner": 1,
        "date_uploaded": "2015-10-06T14:44:34.487Z"
    },
    "model": "core.file",
    "pk": 136
},
{
    "fields": {
        "kind": "copyedit",
        "description": null,
        "date_modified": "2015-10-08T11:53:20.111Z",
        "sequence": 1,
        "uuid_filename": "f1f1241a-be8e-4d58-b5dc-f10a0ffdfa02.bz2",
        "label": null,
        "stage_uploaded": 1,
        "mime_type": "unknown",
        "original_filename": "FileZilla_3.11.0.2_macosx-x86.app.tar.bz2",
        "owner": 1,
        "date_uploaded": "2015-10-07T09:51:38.944Z"
    },
    "model": "core.file",
    "pk": 137
},
{
    "fields": {
        "kind": "typeset",
        "description": null,
        "date_modified": "2015-10-08T11:53:20.111Z",
        "sequence": 1,
        "uuid_filename": "dbfe3c0c-408f-41f6-995a-99d8d22caec8.dmg",
        "label": null,
        "stage_uploaded": 1,
        "mime_type": "application/x-apple-diskimage",
        "original_filename": "googlechrome.dmg",
        "owner": 2,
        "date_uploaded": "2015-10-07T10:10:45.987Z"
    },
    "model": "core.file",
    "pk": 138
},
{
    "fields": {
        "kind": "manuscript",
        "description": null,
        "date_modified": "2015-10-16T10:47:28.506Z",
        "sequence": 1,
        "uuid_filename": "4f561e4e-8ffb-41af-8baa-bd21cdae2376.jpg",
        "label": "dfsdfdsfsdf",
        "stage_uploaded": 1,
        "mime_type": "image/jpeg",
        "original_filename": "20151016031747.jpg",
        "owner": 1,
        "date_uploaded": "2015-10-16T10:47:28.506Z"
    },
    "model": "core.file",
    "pk": 139
},
{
    "fields": {
        "kind": "manuscript",
        "description": null,
        "date_modified": "2015-10-12T11:25:29.687Z",
        "sequence": 1,
        "uuid_filename": "b33a17bd-a007-407a-816d-e66d5c00bc74.png",
        "label": "dsfsdfsd",
        "stage_uploaded": 1,
        "mime_type": "image/png",
        "original_filename": "editorproduction.png",
        "owner": 1,
        "date_uploaded": "2015-10-12T11:25:29.687Z"
    },
    "model": "core.file",
    "pk": 140
},
{
    "fields": {
        "kind": "manuscript",
        "description": null,
        "date_modified": "2015-10-08T11:53:20.111Z",
        "sequence": 1,
        "uuid_filename": "a8140f61-08da-4ac8-ab1f-d194202dd887..dmg",
        "label": null,
        "stage_uploaded": 1,
        "mime_type": "application/x-apple-diskimage",
        "original_filename": "SourceTree_2.0.5.3.dmg",
        "owner": 1,
        "date_uploaded": "2015-10-07T11:16:45.716Z"
    },
    "model": "core.file",
    "pk": 141
},
{
    "fields": {
        "kind": "marketing",
        "description": null,
        "date_modified": "2015-10-08T11:53:20.111Z",
        "sequence": 1,
        "uuid_filename": "1478b8d3-487d-4b5f-b5a3-ac36317764bb.bz2",
        "label": "dsfsdfdfs",
        "stage_uploaded": 1,
        "mime_type": "unknown",
        "original_filename": "FileZilla_3.11.0.2_macosx-x86.app.tar.bz2",
        "owner": 1,
        "date_uploaded": "2015-10-07T14:18:06.247Z"
    },
    "model": "core.file",
    "pk": 142
},
{
    "fields": {
        "kind": "contract",
        "description": null,
        "date_modified": "2015-10-08T11:53:20.111Z",
        "sequence": 1,
        "uuid_filename": "83f43e7b-c1ba-47b3-af8a-5933fb502882.dmg",
        "label": null,
        "stage_uploaded": 1,
        "mime_type": "application/x-apple-diskimage",
        "original_filename": "1926bbf8-a55f-4611-8b5b-2a06bd02435f (3).dmg",
        "owner": 1,
        "date_uploaded": "2015-10-07T14:21:37.940Z"
    },
    "model": "core.file",
    "pk": 143
},
{
    "fields": {
        "kind": "misc",
        "description": null,
        "date_modified": "2015-10-08T13:53:15.675Z",
        "sequence": 1,
        "uuid_filename": "f1a735fc-0299-48cd-8f56-783acf23f628.pdf",
        "label": null,
        "stage_uploaded": 1,
        "mime_type": "application/pdf",
        "original_filename": "One Page CV.pdf",
        "owner": 1,
        "date_uploaded": "2015-10-08T13:53:15.675Z"
    },
    "model": "core.file",
    "pk": 144
},
{
    "fields": {
        "kind": "marketing",
        "description": null,
        "date_modified": "2015-10-08T15:00:57.532Z",
        "sequence": 1,
        "uuid_filename": "21fba1fd-81a2-471e-b9ea-278414104434.docx",
        "label": "dsfdfdf",
        "stage_uploaded": 1,
        "mime_type": "application/vnd.openxmlformats-officedocument.wordprocessingml.document",
        "original_filename": "One Page CV.docx",
        "owner": 1,
        "date_uploaded": "2015-10-08T15:00:57.532Z"
    },
    "model": "core.file",
    "pk": 145
},
{
    "fields": {
        "kind": "format",
        "description": null,
        "date_modified": "2015-10-09T13:38:14.616Z",
        "sequence": 1,
        "uuid_filename": "c8c2ac1d-1d00-406a-9ef0-a7beb22b03aa.docx",
        "label": "sfsdffsdffs",
        "stage_uploaded": 1,
        "mime_type": "application/vnd.openxmlformats-officedocument.wordprocessingml.document",
        "original_filename": "One Page CV.docx",
        "owner": 1,
        "date_uploaded": "2015-10-09T13:38:14.616Z"
    },
    "model": "core.file",
    "pk": 148
},
{
    "fields": {
        "kind": "chapter",
        "description": null,
        "date_modified": "2015-10-09T13:38:05.081Z",
        "sequence": 1,
        "uuid_filename": "a9a71068-c27f-4a45-84de-fd0c46d0614b.epub",
        "label": "Noneasdfdsfsd",
        "stage_uploaded": 1,
        "mime_type": "application/epub+zip",
        "original_filename": "Untitled 2.epub",
        "owner": 1,
        "date_uploaded": "2015-10-09T13:38:05.081Z"
    },
    "model": "core.file",
    "pk": 149
},
{
    "fields": {
        "kind": "copyedit",
        "description": null,
        "date_modified": "2015-10-09T15:06:02.125Z",
        "sequence": 1,
        "uuid_filename": "be62bda3-736b-4f93-8cc5-663d7dc89e2c.pdf",
        "label": "dsfdsfsdff",
        "stage_uploaded": 1,
        "mime_type": "application/pdf",
        "original_filename": "One Page CV.pdf",
        "owner": 1,
        "date_uploaded": "2015-10-09T15:05:54.530Z"
    },
    "model": "core.file",
    "pk": 152
},
{
    "fields": {
        "kind": "copyedit",
        "description": null,
        "date_modified": "2015-10-09T15:06:04.064Z",
        "sequence": 1,
        "uuid_filename": "b159e447-1f1b-4d0e-a364-02cad10d593c.docx",
        "label": "fdsfdf",
        "stage_uploaded": 1,
        "mime_type": "application/vnd.openxmlformats-officedocument.wordprocessingml.document",
        "original_filename": "One Page CV.docx",
        "owner": 1,
        "date_uploaded": "2015-10-09T15:05:54.535Z"
    },
    "model": "core.file",
    "pk": 153
},
{
    "fields": {
        "kind": "copyedit",
        "description": null,
        "date_modified": "2015-10-09T15:08:08.871Z",
        "sequence": 1,
        "uuid_filename": "0a5197ab-ecaa-423e-94d9-9e41eea21617.pdf",
        "label": null,
        "stage_uploaded": 1,
        "mime_type": "application/pdf",
        "original_filename": "One Page CV.pdf",
        "owner": 1,
        "date_uploaded": "2015-10-09T15:08:08.871Z"
    },
    "model": "core.file",
    "pk": 154
},
{
    "fields": {
        "kind": "typeset",
        "description": null,
        "date_modified": "2015-10-09T15:09:07.189Z",
        "sequence": 1,
        "uuid_filename": "2ba7f487-f70d-45cb-a1b9-cf32ce3cab01.docx",
        "label": "dsfsdf",
        "stage_uploaded": 1,
        "mime_type": "application/vnd.openxmlformats-officedocument.wordprocessingml.document",
        "original_filename": "One Page CV.docx",
        "owner": 1,
        "date_uploaded": "2015-10-09T15:09:02.446Z"
    },
    "model": "core.file",
    "pk": 155
},
{
    "fields": {
        "kind": "typeset",
        "description": null,
        "date_modified": "2015-10-09T15:09:36.129Z",
        "sequence": 1,
        "uuid_filename": "52a72002-efb5-4e72-ae3b-7d679017b83f.docx",
        "label": "sdf",
        "stage_uploaded": 1,
        "mime_type": "application/vnd.openxmlformats-officedocument.wordprocessingml.document",
        "original_filename": "One Page CV.docx",
        "owner": 1,
        "date_uploaded": "2015-10-09T15:09:33.419Z"
    },
    "model": "core.file",
    "pk": 156
},
{
    "fields": {
        "kind": "chapter",
        "description": null,
        "date_modified": "2015-10-09T15:15:04.151Z",
        "sequence": 1,
        "uuid_filename": "6a4c0a0f-76f4-4b90-8dfa-021cc618516a.bz2",
        "label": null,
        "stage_uploaded": 1,
        "mime_type": "unknown",
        "original_filename": "FileZilla_3.14.0_macosx-x86.app.tar.bz2",
        "owner": 1,
        "date_uploaded": "2015-10-09T15:15:04.151Z"
    },
    "model": "core.file",
    "pk": 157
},
{
    "fields": {
        "kind": "copyedit",
        "description": null,
        "date_modified": "2015-10-09T19:33:33.931Z",
        "sequence": 1,
        "uuid_filename": "b11068b0-df48-4aed-935d-e85a206416e3.pdf",
        "label": "dsfsdf",
        "stage_uploaded": 1,
        "mime_type": "application/pdf",
        "original_filename": "One Page CV.pdf",
        "owner": 1,
        "date_uploaded": "2015-10-09T19:33:30.924Z"
    },
    "model": "core.file",
    "pk": 158
},
{
    "fields": {
        "kind": "other",
        "description": null,
        "date_modified": "2015-10-10T12:21:14.439Z",
        "sequence": 1,
        "uuid_filename": "00e37ca3-e177-4514-a1d4-37f4cf5ca8b0.pdf",
        "label": "Attachment: Uploaded by andy",
        "stage_uploaded": 1,
        "mime_type": "application/pdf",
        "original_filename": "Untitled 2.pdf",
        "owner": 1,
        "date_uploaded": "2015-10-10T12:21:14.439Z"
    },
    "model": "core.file",
    "pk": 159
},
{
    "fields": {
        "kind": "index",
        "description": null,
        "date_modified": "2015-10-10T14:30:07.310Z",
        "sequence": 1,
        "uuid_filename": "fe3905ed-ecf7-4482-b2b4-3b366bf6ab00.docx",
        "label": "ddfsf",
        "stage_uploaded": 1,
        "mime_type": "application/vnd.openxmlformats-officedocument.wordprocessingml.document",
        "original_filename": "Untitled 2.docx",
        "owner": 1,
        "date_uploaded": "2015-10-10T14:30:04.079Z"
    },
    "model": "core.file",
    "pk": 160
},
{
    "fields": {
        "kind": "index",
        "description": null,
        "date_modified": "2015-10-10T14:30:19.354Z",
        "sequence": 1,
        "uuid_filename": "3b51984d-5189-46cc-becd-b7ec4a19fe32.docx",
        "label": "sddsf",
        "stage_uploaded": 1,
        "mime_type": "application/vnd.openxmlformats-officedocument.wordprocessingml.document",
        "original_filename": "One Page CV.docx",
        "owner": 1,
        "date_uploaded": "2015-10-10T14:30:17.768Z"
    },
    "model": "core.file",
    "pk": 161
},
{
    "fields": {
        "kind": "copyedit",
        "description": null,
        "date_modified": "2015-10-10T14:32:09.937Z",
        "sequence": 1,
        "uuid_filename": "eb4ca340-9f70-4ac9-9852-b3489940d0fd.bz2",
        "label": null,
        "stage_uploaded": 1,
        "mime_type": "unknown",
        "original_filename": "FileZilla_3.14.0_macosx-x86.app.tar.bz2",
        "owner": 1,
        "date_uploaded": "2015-10-10T14:32:09.937Z"
    },
    "model": "core.file",
    "pk": 162
},
{
    "fields": {
        "kind": "index",
        "description": null,
        "date_modified": "2015-10-10T14:35:54.636Z",
        "sequence": 1,
        "uuid_filename": "24dfa55b-8a68-427b-a5e2-444040e9ecf6.pdf",
        "label": "sd",
        "stage_uploaded": 1,
        "mime_type": "application/pdf",
        "original_filename": "Untitled 2.pdf",
        "owner": 1,
        "date_uploaded": "2015-10-10T14:35:51.657Z"
    },
    "model": "core.file",
    "pk": 163
},
{
    "fields": {
        "kind": "typeset",
        "description": null,
        "date_modified": "2015-10-10T22:53:09.605Z",
        "sequence": 1,
        "uuid_filename": "4c08ddae-3396-45f6-936b-372483ce87b5.pages",
        "label": null,
        "stage_uploaded": 1,
        "mime_type": "unknown",
        "original_filename": "One Page CV-paige-comments.pages",
        "owner": 1,
        "date_uploaded": "2015-10-10T22:53:09.605Z"
    },
    "model": "core.file",
    "pk": 164
},
{
    "fields": {
        "kind": "typeset",
        "description": null,
        "date_modified": "2015-10-10T23:14:11.029Z",
        "sequence": 1,
        "uuid_filename": "c38b8e8f-ca33-42bd-917d-852832e3ad76.docx",
        "label": "dfdsfd",
        "stage_uploaded": 1,
        "mime_type": "application/vnd.openxmlformats-officedocument.wordprocessingml.document",
        "original_filename": "One Page CV.docx",
        "owner": 1,
        "date_uploaded": "2015-10-10T23:14:07.814Z"
    },
    "model": "core.file",
    "pk": 165
},
{
    "fields": {
        "kind": "typeset",
        "description": null,
        "date_modified": "2015-10-10T23:16:14.508Z",
        "sequence": 1,
        "uuid_filename": "cfbbd77b-aad9-4161-af3d-af3a9c9ecac4.pdf",
        "label": "sdfsdf",
        "stage_uploaded": 1,
        "mime_type": "application/pdf",
        "original_filename": "Untitled 2.pdf",
        "owner": 1,
        "date_uploaded": "2015-10-10T23:14:52.379Z"
    },
    "model": "core.file",
    "pk": 166
},
{
    "fields": {
        "kind": "typeset",
        "description": null,
        "date_modified": "2015-10-10T23:16:12.378Z",
        "sequence": 1,
        "uuid_filename": "0726d4ba-3183-46f9-9208-0ab9045a98d8.pdf",
        "label": null,
        "stage_uploaded": 1,
        "mime_type": "application/pdf",
        "original_filename": "Untitled 2.pdf",
        "owner": 1,
        "date_uploaded": "2015-10-10T23:16:12.378Z"
    },
    "model": "core.file",
    "pk": 167
},
{
    "fields": {
        "kind": "manuscript",
        "description": null,
        "date_modified": "2015-10-12T11:50:04.942Z",
        "sequence": 1,
        "uuid_filename": "414d7b5e-44f2-4685-9f2b-5f7dcf3ffc35..png",
        "label": null,
        "stage_uploaded": 1,
        "mime_type": "image/png",
        "original_filename": "copyeditormidprocess.png",
        "owner": 1,
        "date_uploaded": "2015-10-12T11:50:04.942Z"
    },
    "model": "core.file",
    "pk": 168
},
{
    "fields": {
        "kind": "manuscript",
        "description": null,
        "date_modified": "2015-10-12T11:50:06.128Z",
        "sequence": 1,
        "uuid_filename": "4ee1bd73-5d02-430e-92d0-f7e0d356411f..psd",
        "label": null,
        "stage_uploaded": 1,
        "mime_type": "image/vnd.adobe.photoshop",
        "original_filename": "editormockups.psd",
        "owner": 1,
        "date_uploaded": "2015-10-12T11:50:06.128Z"
    },
    "model": "core.file",
    "pk": 169
},
{
    "fields": {
        "kind": "additional",
        "description": null,
        "date_modified": "2015-10-12T11:50:15.929Z",
        "sequence": 1,
        "uuid_filename": "91392375-0f3b-4959-82ce-044d0eb12d2a..png",
        "label": null,
        "stage_uploaded": 1,
        "mime_type": "image/png",
        "original_filename": "copyeditormidprocess.png",
        "owner": 1,
        "date_uploaded": "2015-10-12T11:50:15.929Z"
    },
    "model": "core.file",
    "pk": 170
},
{
    "fields": {
        "kind": "additional",
        "description": null,
        "date_modified": "2015-10-12T11:50:16.686Z",
        "sequence": 1,
        "uuid_filename": "cd7a77d2-f84a-4411-bedd-9cee18979765..png",
        "label": null,
        "stage_uploaded": 1,
        "mime_type": "image/png",
        "original_filename": "copyeditormidprocess.png",
        "owner": 1,
        "date_uploaded": "2015-10-12T11:50:16.686Z"
    },
    "model": "core.file",
    "pk": 171
},
{
    "fields": {
        "kind": "additional",
        "description": null,
        "date_modified": "2015-10-12T11:50:17.564Z",
        "sequence": 1,
        "uuid_filename": "5ef7b0f5-0b54-458f-ab34-7a2a1a019a36..png",
        "label": null,
        "stage_uploaded": 1,
        "mime_type": "image/png",
        "original_filename": "editorcatalog.png",
        "owner": 1,
        "date_uploaded": "2015-10-12T11:50:17.564Z"
    },
    "model": "core.file",
    "pk": 172
},
{
    "fields": {
        "kind": "additional",
        "description": null,
        "date_modified": "2015-10-12T11:50:18.556Z",
        "sequence": 1,
        "uuid_filename": "2bd4886d-73b3-49e5-8916-485086b1e91e..png",
        "label": null,
        "stage_uploaded": 1,
        "mime_type": "image/png",
        "original_filename": "editorcopyedit.png",
        "owner": 1,
        "date_uploaded": "2015-10-12T11:50:18.556Z"
    },
    "model": "core.file",
    "pk": 173
},
{
    "fields": {
        "kind": "additional",
        "description": null,
        "date_modified": "2015-10-12T11:50:19.341Z",
        "sequence": 1,
        "uuid_filename": "1d66084e-610e-441d-81bf-1cc38ef88efa..png",
        "label": null,
        "stage_uploaded": 1,
        "mime_type": "image/png",
        "original_filename": "editorcurrentstatus.png",
        "owner": 1,
        "date_uploaded": "2015-10-12T11:50:19.341Z"
    },
    "model": "core.file",
    "pk": 174
},
{
    "fields": {
        "kind": "additional",
        "description": null,
        "date_modified": "2015-10-12T11:50:19.875Z",
        "sequence": 1,
        "uuid_filename": "160cf3e5-7291-421e-8dff-732cb01c2569..png",
        "label": null,
        "stage_uploaded": 1,
        "mime_type": "image/png",
        "original_filename": "editordash.png",
        "owner": 1,
        "date_uploaded": "2015-10-12T11:50:19.875Z"
    },
    "model": "core.file",
    "pk": 175
},
{
    "fields": {
        "kind": "additional",
        "description": null,
        "date_modified": "2015-10-12T11:50:20.485Z",
        "sequence": 1,
        "uuid_filename": "acd93ad7-ef39-4918-b376-d39913e9e5f3..psd",
        "label": null,
        "stage_uploaded": 1,
        "mime_type": "image/vnd.adobe.photoshop",
        "original_filename": "editormockups.psd",
        "owner": 1,
        "date_uploaded": "2015-10-12T11:50:20.485Z"
    },
    "model": "core.file",
    "pk": 176
},
{
    "fields": {
        "kind": "additional",
        "description": null,
        "date_modified": "2015-10-12T11:50:20.829Z",
        "sequence": 1,
        "uuid_filename": "f0e8e230-4a19-4b03-9506-17fe2ce043c9..png",
        "label": null,
        "stage_uploaded": 1,
        "mime_type": "image/png",
        "original_filename": "editorproduction.png",
        "owner": 1,
        "date_uploaded": "2015-10-12T11:50:20.829Z"
    },
    "model": "core.file",
    "pk": 177
},
{
    "fields": {
        "kind": "additional",
        "description": null,
        "date_modified": "2015-10-12T11:50:21.509Z",
        "sequence": 1,
        "uuid_filename": "206d843f-932f-40df-a634-4f58b4f3a523..png",
        "label": null,
        "stage_uploaded": 1,
        "mime_type": "image/png",
        "original_filename": "editorprojectdetail.png",
        "owner": 1,
        "date_uploaded": "2015-10-12T11:50:21.509Z"
    },
    "model": "core.file",
    "pk": 178
},
{
    "fields": {
        "kind": "additional",
        "description": null,
        "date_modified": "2015-10-12T11:50:22.388Z",
        "sequence": 1,
        "uuid_filename": "f52d2b39-df43-4e9f-a111-f80c999b3c03..png",
        "label": null,
        "stage_uploaded": 1,
        "mime_type": "image/png",
        "original_filename": "Screen Shot 2015-10-12 at 11.54.19.png",
        "owner": 1,
        "date_uploaded": "2015-10-12T11:50:22.388Z"
    },
    "model": "core.file",
    "pk": 179
},
{
    "fields": {
        "kind": "contract",
        "description": null,
        "date_modified": "2015-10-12T14:45:05.444Z",
        "sequence": 1,
        "uuid_filename": "9a554f88-785d-4fd3-9a50-732b43d52636.png",
        "label": null,
        "stage_uploaded": 1,
        "mime_type": "image/png",
        "original_filename": "editorcurrentstatus.png",
        "owner": 1,
        "date_uploaded": "2015-10-12T14:45:05.444Z"
    },
    "model": "core.file",
    "pk": 180
},
{
    "fields": {
        "kind": "manuscript",
        "description": null,
        "date_modified": "2015-10-13T12:34:27.012Z",
        "sequence": 1,
        "uuid_filename": "f19082ce-0bde-4d9d-b9aa-bfe3e6194610..png",
        "label": null,
        "stage_uploaded": 1,
        "mime_type": "image/png",
        "original_filename": "Screen Shot 2015-10-12 at 17.59.41.png",
        "owner": 1,
        "date_uploaded": "2015-10-13T12:34:27.012Z"
    },
    "model": "core.file",
    "pk": 182
},
{
    "fields": {
        "kind": "manuscript",
        "description": null,
        "date_modified": "2015-10-13T12:34:27.917Z",
        "sequence": 1,
        "uuid_filename": "54568d30-e0bb-4576-9da1-edf0cda72b87..png",
        "label": null,
        "stage_uploaded": 1,
        "mime_type": "image/png",
        "original_filename": "Screen Shot 2015-10-13 at 13.04.36.png",
        "owner": 1,
        "date_uploaded": "2015-10-13T12:34:27.917Z"
    },
    "model": "core.file",
    "pk": 183
},
{
    "fields": {
        "kind": "additional",
        "description": null,
        "date_modified": "2015-10-13T12:34:35.567Z",
        "sequence": 1,
        "uuid_filename": "c455ba4f-b580-40d7-b0f9-e95710fc3b1e..png",
        "label": null,
        "stage_uploaded": 1,
        "mime_type": "image/png",
        "original_filename": "editoroverview_1024.png",
        "owner": 1,
        "date_uploaded": "2015-10-13T12:34:35.567Z"
    },
    "model": "core.file",
    "pk": 184
},
{
    "fields": {
        "kind": "additional",
        "description": null,
        "date_modified": "2015-10-13T12:34:36.404Z",
        "sequence": 1,
        "uuid_filename": "81c6e100-56ea-40e5-979b-eb5aa6817915..txt",
        "label": null,
        "stage_uploaded": 1,
        "mime_type": "text/plain",
        "original_filename": "fr_FR.txt",
        "owner": 1,
        "date_uploaded": "2015-10-13T12:34:36.404Z"
    },
    "model": "core.file",
    "pk": 185
},
{
    "fields": {
        "kind": "additional",
        "description": null,
        "date_modified": "2015-10-13T12:34:37.129Z",
        "sequence": 1,
        "uuid_filename": "d7faa9dc-7088-4b66-ae35-dc6ac8e337ed..png",
        "label": null,
        "stage_uploaded": 1,
        "mime_type": "image/png",
        "original_filename": "Screen Shot 2015-10-12 at 17.56.14.png",
        "owner": 1,
        "date_uploaded": "2015-10-13T12:34:37.129Z"
    },
    "model": "core.file",
    "pk": 186
},
{
    "fields": {
        "kind": "additional",
        "description": null,
        "date_modified": "2015-10-13T12:34:37.890Z",
        "sequence": 1,
        "uuid_filename": "11477c02-77ea-402f-8086-b012bb7c4a54..png",
        "label": null,
        "stage_uploaded": 1,
        "mime_type": "image/png",
        "original_filename": "Screen Shot 2015-10-12 at 17.59.41.png",
        "owner": 1,
        "date_uploaded": "2015-10-13T12:34:37.890Z"
    },
    "model": "core.file",
    "pk": 187
},
{
    "fields": {
        "kind": "additional",
        "description": null,
        "date_modified": "2015-10-13T12:34:38.642Z",
        "sequence": 1,
        "uuid_filename": "47abbe4d-f620-40e9-a5ba-53186e171786..png",
        "label": null,
        "stage_uploaded": 1,
        "mime_type": "image/png",
        "original_filename": "Screen Shot 2015-10-13 at 13.04.36.png",
        "owner": 1,
        "date_uploaded": "2015-10-13T12:34:38.642Z"
    },
    "model": "core.file",
    "pk": 188
},
{
    "fields": {
        "kind": "manuscript",
        "description": null,
        "date_modified": "2015-10-13T12:45:00.785Z",
        "sequence": 1,
        "uuid_filename": "0222f7a9-ea1f-40f5-a15c-14b7dbb616c0..png",
        "label": null,
        "stage_uploaded": 1,
        "mime_type": "image/png",
        "original_filename": "authorrevise.png",
        "owner": 1,
        "date_uploaded": "2015-10-13T12:45:00.785Z"
    },
    "model": "core.file",
    "pk": 189
},
{
    "fields": {
        "kind": "manuscript",
        "description": null,
        "date_modified": "2015-10-13T12:45:01.914Z",
        "sequence": 1,
        "uuid_filename": "e74243f3-b74d-4996-a508-4e9dd10bec72..png",
        "label": null,
        "stage_uploaded": 1,
        "mime_type": "image/png",
        "original_filename": "authorreviseproposal.png",
        "owner": 1,
        "date_uploaded": "2015-10-13T12:45:01.914Z"
    },
    "model": "core.file",
    "pk": 190
},
{
    "fields": {
        "kind": "manuscript",
        "description": null,
        "date_modified": "2015-10-13T12:45:02.755Z",
        "sequence": 1,
        "uuid_filename": "7314273f-0fb0-4704-a706-3b2953039842..png",
        "label": null,
        "stage_uploaded": 1,
        "mime_type": "image/png",
        "original_filename": "authorsubmission-det.png",
        "owner": 1,
        "date_uploaded": "2015-10-13T12:45:02.754Z"
    },
    "model": "core.file",
    "pk": 191
},
{
    "fields": {
        "kind": "manuscript",
        "description": null,
        "date_modified": "2015-10-13T12:45:03.798Z",
        "sequence": 1,
        "uuid_filename": "f95bcfe4-1b9b-4bbd-86b2-44cbf61293ec..png",
        "label": null,
        "stage_uploaded": 1,
        "mime_type": "image/png",
        "original_filename": "editorreviewmodal.png",
        "owner": 1,
        "date_uploaded": "2015-10-13T12:45:03.798Z"
    },
    "model": "core.file",
    "pk": 192
},
{
    "fields": {
        "kind": "other",
        "description": null,
        "date_modified": "2015-10-13T13:51:41.783Z",
        "sequence": 1,
        "uuid_filename": "0f64f400-04f9-4ac2-b846-2fefa52a344d.png",
        "label": "Attachment: Uploaded by andy",
        "stage_uploaded": 1,
        "mime_type": "image/png",
        "original_filename": "Author-current-stats.png",
        "owner": 1,
        "date_uploaded": "2015-10-13T13:51:41.783Z"
    },
    "model": "core.file",
    "pk": 193
},
{
    "fields": {
        "kind": "format",
        "description": null,
        "date_modified": "2015-10-13T16:20:58.279Z",
        "sequence": 1,
        "uuid_filename": "c992728a-e441-4a53-82dd-5f9f68cbdf6c.epub",
        "label": null,
        "stage_uploaded": 1,
        "mime_type": "application/epub+zip",
        "original_filename": "7-3-55-1-10-20151008.epub",
        "owner": 1,
        "date_uploaded": "2015-10-13T16:20:58.279Z"
    },
    "model": "core.file",
    "pk": 194
},
{
    "fields": {
        "kind": "manuscript",
        "description": null,
        "date_modified": "2015-10-13T16:23:50.199Z",
        "sequence": 1,
        "uuid_filename": "b2443a5d-0b65-4344-8049-bfdb59ca8902..png",
        "label": null,
        "stage_uploaded": 1,
        "mime_type": "image/png",
        "original_filename": "Screen Shot 2015-10-12 at 17.56.14.png",
        "owner": 1,
        "date_uploaded": "2015-10-13T16:23:50.199Z"
    },
    "model": "core.file",
    "pk": 195
},
{
    "fields": {
        "kind": "manuscript",
        "description": null,
        "date_modified": "2015-10-13T17:02:11.023Z",
        "sequence": 1,
        "uuid_filename": "29a3526d-bb9a-4664-ad48-f2e59c3e97d1..epub",
        "label": "123",
        "stage_uploaded": 1,
        "mime_type": "application/epub+zip",
        "original_filename": "7-3-55-1-10-20151008.epub",
        "owner": 1,
        "date_uploaded": "2015-10-13T16:38:04.791Z"
    },
    "model": "core.file",
    "pk": 208
},
{
    "fields": {
        "kind": "manuscript",
        "description": null,
        "date_modified": "2015-10-13T17:02:11.025Z",
        "sequence": 1,
        "uuid_filename": "1a5f03e5-12aa-472b-8aa6-001230e356eb..png",
        "label": "Nofsdfdsfsdfne",
        "stage_uploaded": 1,
        "mime_type": "image/png",
        "original_filename": "afea9c80-b081-42e9-99bd-a4b710e6aafc..png",
        "owner": 1,
        "date_uploaded": "2015-10-13T16:38:05.831Z"
    },
    "model": "core.file",
    "pk": 209
},
{
    "fields": {
        "kind": "manuscript",
        "description": null,
        "date_modified": "2015-10-13T17:02:11.026Z",
        "sequence": 1,
        "uuid_filename": "5e9800b5-3506-482f-a9d5-b45ba4c2b3f6..spf",
        "label": "Ndsfsdfsdfone",
        "stage_uploaded": 1,
        "mime_type": "application/vnd.yamaha.smaf-phrase",
        "original_filename": "Cortana.spf",
        "owner": 1,
        "date_uploaded": "2015-10-13T16:38:06.748Z"
    },
    "model": "core.file",
    "pk": 210
},
{
    "fields": {
        "kind": "additional",
        "description": null,
        "date_modified": "2015-10-13T17:03:52.683Z",
        "sequence": 1,
        "uuid_filename": "3c60d0e0-e79e-444a-ae13-29851f258ece..png",
        "label": "dsfsdfsfdfsfd",
        "stage_uploaded": 1,
        "mime_type": "image/png",
        "original_filename": "afea9c80-b081-42e9-99bd-a4b710e6aafc..png",
        "owner": 1,
        "date_uploaded": "2015-10-13T16:43:32.704Z"
    },
    "model": "core.file",
    "pk": 211
},
{
    "fields": {
        "kind": "additional",
        "description": null,
        "date_modified": "2015-10-13T17:03:52.684Z",
        "sequence": 1,
        "uuid_filename": "dd8841e3-7061-4c7b-9b13-459499c1c3c7..png",
        "label": "sdfsdfsdfsdfdssdf",
        "stage_uploaded": 1,
        "mime_type": "image/png",
        "original_filename": "Screen Shot 2015-10-12 at 17.56.14.png",
        "owner": 1,
        "date_uploaded": "2015-10-13T16:43:33.603Z"
    },
    "model": "core.file",
    "pk": 212
},
{
    "fields": {
        "kind": "additional",
        "description": null,
        "date_modified": "2015-10-13T17:03:52.685Z",
        "sequence": 1,
        "uuid_filename": "636e2d17-ef50-44c5-946a-f8e5bf2326e1..png",
        "label": "None",
        "stage_uploaded": 1,
        "mime_type": "image/png",
        "original_filename": "Screen Shot 2015-10-13 at 13.04.36.png",
        "owner": 1,
        "date_uploaded": "2015-10-13T16:43:34.899Z"
    },
    "model": "core.file",
    "pk": 213
},
{
    "fields": {
        "kind": "additional",
        "description": null,
        "date_modified": "2015-10-13T17:03:52.686Z",
        "sequence": 1,
        "uuid_filename": "e13cf333-9b11-4688-b637-e333e4618892..png",
        "label": "None",
        "stage_uploaded": 1,
        "mime_type": "image/png",
        "original_filename": "afea9c80-b081-42e9-99bd-a4b710e6aafc..png",
        "owner": 1,
        "date_uploaded": "2015-10-13T17:00:40.416Z"
    },
    "model": "core.file",
    "pk": 214
},
{
    "fields": {
        "kind": "additional",
        "description": null,
        "date_modified": "2015-10-13T17:03:52.689Z",
        "sequence": 1,
        "uuid_filename": "839135e0-4cd8-4724-a211-53938e813ae7..spf",
        "label": "None",
        "stage_uploaded": 1,
        "mime_type": "application/vnd.yamaha.smaf-phrase",
        "original_filename": "Cortana.spf",
        "owner": 1,
        "date_uploaded": "2015-10-13T17:00:48.511Z"
    },
    "model": "core.file",
    "pk": 215
},
{
    "fields": {
        "kind": "manuscript",
        "description": null,
        "date_modified": "2015-10-14T15:12:43.205Z",
        "sequence": 1,
        "uuid_filename": "1948ff18-abc7-4ab4-ada6-9990e35cdfd6.docx",
        "label": null,
        "stage_uploaded": 1,
        "mime_type": "application/vnd.openxmlformats-officedocument.wordprocessingml.document",
        "original_filename": "5-14-1-RV.docx",
        "owner": 1,
        "date_uploaded": "2015-10-14T15:12:43.205Z"
    },
    "model": "core.file",
    "pk": 216
},
{
    "fields": {
        "kind": "manuscript",
        "description": null,
        "date_modified": "2015-10-14T15:12:43.209Z",
        "sequence": 1,
        "uuid_filename": "f1de7081-da46-4407-959a-31d3e814291d.dmg",
        "label": null,
        "stage_uploaded": 1,
        "mime_type": "application/x-apple-diskimage",
        "original_filename": "98c47975-47a1-4b43-9c4d-14322c752dd6..dmg",
        "owner": 1,
        "date_uploaded": "2015-10-14T15:12:43.208Z"
    },
    "model": "core.file",
    "pk": 217
},
{
    "fields": {
        "kind": "manuscript",
        "description": null,
        "date_modified": "2015-10-14T15:12:43.251Z",
        "sequence": 1,
        "uuid_filename": "0667ac9f-fe5d-42ac-931b-5c3fcf007236.dmg",
        "label": null,
        "stage_uploaded": 1,
        "mime_type": "application/x-apple-diskimage",
        "original_filename": "98c47975-47a1-4b43-9c4d-14322c752dd6. (1).dmg",
        "owner": 1,
        "date_uploaded": "2015-10-14T15:12:43.251Z"
    },
    "model": "core.file",
    "pk": 218
},
{
    "fields": {
        "kind": "manuscript",
        "description": null,
        "date_modified": "2015-10-14T15:13:01.420Z",
        "sequence": 1,
        "uuid_filename": "4e501d4f-96a9-4237-a1d2-b0333cf7a222.docx",
        "label": null,
        "stage_uploaded": 1,
        "mime_type": "application/vnd.openxmlformats-officedocument.wordprocessingml.document",
        "original_filename": "5-14-1-RV.docx",
        "owner": 1,
        "date_uploaded": "2015-10-14T15:13:01.420Z"
    },
    "model": "core.file",
    "pk": 219
},
{
    "fields": {
        "kind": "manuscript",
        "description": null,
        "date_modified": "2015-10-14T15:13:02.580Z",
        "sequence": 1,
        "uuid_filename": "215a45ca-3a1f-4a92-8513-8db80a520b0e.dmg",
        "label": null,
        "stage_uploaded": 1,
        "mime_type": "application/x-apple-diskimage",
        "original_filename": "98c47975-47a1-4b43-9c4d-14322c752dd6. (1).dmg",
        "owner": 1,
        "date_uploaded": "2015-10-14T15:13:02.580Z"
    },
    "model": "core.file",
    "pk": 220
},
{
    "fields": {
        "kind": "manuscript",
        "description": null,
        "date_modified": "2015-10-14T15:13:03.370Z",
        "sequence": 1,
        "uuid_filename": "5a833afd-ec1d-4af2-91d3-ddb18f949478.dmg",
        "label": null,
        "stage_uploaded": 1,
        "mime_type": "application/x-apple-diskimage",
        "original_filename": "98c47975-47a1-4b43-9c4d-14322c752dd6..dmg",
        "owner": 1,
        "date_uploaded": "2015-10-14T15:13:03.370Z"
    },
    "model": "core.file",
    "pk": 221
},
{
    "fields": {
        "kind": "manuscript",
        "description": null,
        "date_modified": "2015-10-14T15:13:04.250Z",
        "sequence": 1,
        "uuid_filename": "b4e1ef75-1f61-4984-9118-c0c2f975232a.xls",
        "label": null,
        "stage_uploaded": 1,
        "mime_type": "application/vnd.ms-excel",
        "original_filename": "table-2.xls",
        "owner": 1,
        "date_uploaded": "2015-10-14T15:13:04.250Z"
    },
    "model": "core.file",
    "pk": 222
},
{
    "fields": {
        "kind": "manuscript",
        "description": null,
        "date_modified": "2015-10-14T15:13:06.477Z",
        "sequence": 1,
        "uuid_filename": "37eb6562-2088-42e3-baf3-6c6040860ea4.dmg",
        "label": null,
        "stage_uploaded": 1,
        "mime_type": "application/x-apple-diskimage",
        "original_filename": "adobe_flashplayer_e2c7b_Setup.dmg",
        "owner": 1,
        "date_uploaded": "2015-10-14T15:13:06.477Z"
    },
    "model": "core.file",
    "pk": 223
},
{
    "fields": {
        "kind": "manuscript",
        "description": null,
        "date_modified": "2015-10-14T15:13:07.450Z",
        "sequence": 1,
        "uuid_filename": "44e5c765-b52c-4ac3-928b-0ac5def6f4a7.xml",
        "label": null,
        "stage_uploaded": 1,
        "mime_type": "application/xml",
        "original_filename": "13-180-1-PB.xml",
        "owner": 1,
        "date_uploaded": "2015-10-14T15:13:07.450Z"
    },
    "model": "core.file",
    "pk": 224
},
{
    "fields": {
        "kind": "manuscript",
        "description": null,
        "date_modified": "2015-10-14T15:13:08.168Z",
        "sequence": 1,
        "uuid_filename": "b0a03b06-7ca8-456e-b10b-914b1330b989.xml",
        "label": null,
        "stage_uploaded": 1,
        "mime_type": "application/xml",
        "original_filename": "23-188-2-PB.xml",
        "owner": 1,
        "date_uploaded": "2015-10-14T15:13:08.168Z"
    },
    "model": "core.file",
    "pk": 225
},
{
    "fields": {
        "kind": "manuscript",
        "description": null,
        "date_modified": "2015-10-14T15:13:09.596Z",
        "sequence": 1,
        "uuid_filename": "246813e7-bb06-4e99-a71d-59510d1eff15.pdf",
        "label": null,
        "stage_uploaded": 1,
        "mime_type": "application/pdf",
        "original_filename": "97805200284418_PRINT.pdf",
        "owner": 1,
        "date_uploaded": "2015-10-14T15:13:09.596Z"
    },
    "model": "core.file",
    "pk": 226
},
{
    "fields": {
        "kind": "manuscript",
        "description": null,
        "date_modified": "2015-10-14T15:13:10.694Z",
        "sequence": 1,
        "uuid_filename": "f3d0054a-55cc-4b42-a6b0-b0b11a01144f.test",
        "label": null,
        "stage_uploaded": 1,
        "mime_type": "unknown",
        "original_filename": "100mb.test",
        "owner": 1,
        "date_uploaded": "2015-10-14T15:13:10.694Z"
    },
    "model": "core.file",
    "pk": 227
},
{
    "fields": {
        "kind": "manuscript",
        "description": null,
        "date_modified": "2015-10-14T15:13:12.027Z",
        "sequence": 1,
        "uuid_filename": "38962508-1d10-41ff-8c1a-5bd53e0c4e44.epub",
        "label": null,
        "stage_uploaded": 1,
        "mime_type": "application/epub+zip",
        "original_filename": "b667ce29-cd28-45b3-a224-10dad095dd86.epub",
        "owner": 1,
        "date_uploaded": "2015-10-14T15:13:12.027Z"
    },
    "model": "core.file",
    "pk": 228
},
{
    "fields": {
        "kind": "manuscript",
        "description": null,
        "date_modified": "2015-10-14T15:13:13.785Z",
        "sequence": 1,
        "uuid_filename": "d0a023a9-b2d4-4f37-9258-72cab1a22d5e.epub",
        "label": null,
        "stage_uploaded": 1,
        "mime_type": "application/epub+zip",
        "original_filename": "dd55ee25-552e-43b2-9c66-ae1578ce5568..epub",
        "owner": 1,
        "date_uploaded": "2015-10-14T15:13:13.785Z"
    },
    "model": "core.file",
    "pk": 229
},
{
    "fields": {
        "kind": "manuscript",
        "description": null,
        "date_modified": "2015-10-14T15:13:14.639Z",
        "sequence": 1,
        "uuid_filename": "f00d4c9d-57a0-4ad5-9de1-b357124a948f.epub",
        "label": null,
        "stage_uploaded": 1,
        "mime_type": "application/epub+zip",
        "original_filename": "7-3-55-1-10-20151008.epub",
        "owner": 1,
        "date_uploaded": "2015-10-14T15:13:14.639Z"
    },
    "model": "core.file",
    "pk": 230
},
{
    "fields": {
        "kind": "manuscript",
        "description": null,
        "date_modified": "2015-10-14T15:13:15.886Z",
        "sequence": 1,
        "uuid_filename": "808da01c-a9fe-49c0-a132-92cee663f0af.pdf",
        "label": null,
        "stage_uploaded": 1,
        "mime_type": "application/pdf",
        "original_filename": "7-3-49-1-10-20151008.pdf",
        "owner": 1,
        "date_uploaded": "2015-10-14T15:13:15.886Z"
    },
    "model": "core.file",
    "pk": 231
},
{
    "fields": {
        "kind": "manuscript",
        "description": null,
        "date_modified": "2015-10-14T15:13:18.661Z",
        "sequence": 1,
        "uuid_filename": "85caa406-123f-40aa-ad1b-675e79859b25.dmg",
        "label": null,
        "stage_uploaded": 1,
        "mime_type": "application/x-apple-diskimage",
        "original_filename": "a8cfee60-9674-43a4-918b-cec2718565ce. (2).dmg",
        "owner": 1,
        "date_uploaded": "2015-10-14T15:13:18.661Z"
    },
    "model": "core.file",
    "pk": 232
},
{
    "fields": {
        "kind": "manuscript",
        "description": null,
        "date_modified": "2015-10-14T15:13:20.142Z",
        "sequence": 1,
        "uuid_filename": "031633ac-4b1f-4b96-b7de-06e70b31cec0.mov",
        "label": null,
        "stage_uploaded": 1,
        "mime_type": "video/quicktime",
        "original_filename": "uploader.m4v.mov",
        "owner": 1,
        "date_uploaded": "2015-10-14T15:13:20.142Z"
    },
    "model": "core.file",
    "pk": 233
},
{
    "fields": {
        "kind": "marc21",
        "description": null,
        "date_modified": "2015-10-15T12:16:16.953Z",
        "sequence": 1,
        "uuid_filename": "f688b9e0-a7a4-4ee9-9534-ec56938b1aa2.dat",
        "label": null,
        "stage_uploaded": 1,
        "mime_type": "unknown",
        "original_filename": "book_27_hfghfgh_marc21.dat",
        "owner": 1,
        "date_uploaded": "2015-10-15T12:16:16.953Z"
    },
    "model": "core.file",
    "pk": 234
},
{
    "fields": {
        "kind": "marc21",
        "description": null,
        "date_modified": "2015-10-15T12:16:17.816Z",
        "sequence": 1,
        "uuid_filename": "4cb9068f-fa65-4b76-bbb5-ec666ebea858.xml",
        "label": null,
        "stage_uploaded": 1,
        "mime_type": "application/xml",
        "original_filename": "book_27_hfghfgh_marc21.xml",
        "owner": 1,
        "date_uploaded": "2015-10-15T12:16:17.816Z"
    },
    "model": "core.file",
    "pk": 235
},
{
    "fields": {
        "kind": "marc21",
        "description": null,
        "date_modified": "2015-10-15T12:18:14.514Z",
        "sequence": 1,
        "uuid_filename": "24307d79-e6d6-4d72-904c-2a965f33658f.xml",
        "label": null,
        "stage_uploaded": 1,
        "mime_type": "application/xml",
        "original_filename": "book_28_arecigarettesbad_marc21.xml",
        "owner": 1,
        "date_uploaded": "2015-10-15T12:18:14.514Z"
    },
    "model": "core.file",
    "pk": 236
},
{
    "fields": {
        "kind": "marc21",
        "description": null,
        "date_modified": "2015-10-15T12:28:32.862Z",
        "sequence": 1,
        "uuid_filename": "4a43730c-6a8c-4482-9ad7-acdefcbd830e.dat",
        "label": null,
        "stage_uploaded": 1,
        "mime_type": "unknown",
        "original_filename": "book_28_arecigarettesbad_marc21.dat",
        "owner": 1,
        "date_uploaded": "2015-10-15T12:28:32.862Z"
    },
    "model": "core.file",
    "pk": 237
},
{
    "fields": {
        "kind": "manuscript",
        "description": null,
        "date_modified": "2015-10-16T09:45:44.041Z",
        "sequence": 1,
        "uuid_filename": "95802bca-20f2-4087-9379-3ca0c3c200bf.bz2",
        "label": null,
        "stage_uploaded": 1,
        "mime_type": "unknown",
        "original_filename": "FileZilla_3.14.0_macosx-x86.app.tar.bz2",
        "owner": 1,
        "date_uploaded": "2015-10-16T09:45:44.041Z"
    },
    "model": "core.file",
    "pk": 238
},
{
    "fields": {
        "kind": "manuscript",
        "description": null,
        "date_modified": "2015-10-16T09:45:44.780Z",
        "sequence": 1,
        "uuid_filename": "da2c0884-5fd9-42b9-8e11-122ec792fa0f.epub",
        "label": null,
        "stage_uploaded": 1,
        "mime_type": "application/epub+zip",
        "original_filename": "Untitled 2.epub",
        "owner": 1,
        "date_uploaded": "2015-10-16T09:45:44.780Z"
    },
    "model": "core.file",
    "pk": 239
},
{
    "fields": {
        "kind": "manuscript",
        "description": null,
        "date_modified": "2015-10-16T09:45:45.540Z",
        "sequence": 1,
        "uuid_filename": "9430d4af-8ddd-42ea-b843-135e8346e444.docx",
        "label": null,
        "stage_uploaded": 1,
        "mime_type": "application/vnd.openxmlformats-officedocument.wordprocessingml.document",
        "original_filename": "One Page CV.docx",
        "owner": 1,
        "date_uploaded": "2015-10-16T09:45:45.540Z"
    },
    "model": "core.file",
    "pk": 240
},
{
    "fields": {
        "kind": "manuscript",
        "description": null,
        "date_modified": "2015-10-16T09:45:46.489Z",
        "sequence": 1,
        "uuid_filename": "9dd1ef4a-9e3b-4e49-a20d-913287ee7af8.docx",
        "label": null,
        "stage_uploaded": 1,
        "mime_type": "application/vnd.openxmlformats-officedocument.wordprocessingml.document",
        "original_filename": "Untitled 2.docx",
        "owner": 1,
        "date_uploaded": "2015-10-16T09:45:46.489Z"
    },
    "model": "core.file",
    "pk": 241
},
{
    "fields": {
        "kind": "manuscript",
        "description": null,
        "date_modified": "2015-10-16T09:45:47.504Z",
        "sequence": 1,
        "uuid_filename": "0d97094e-2a8a-4c5d-8948-96d7b93fb855.pages",
        "label": null,
        "stage_uploaded": 1,
        "mime_type": "unknown",
        "original_filename": "One Page CV-paige-comments.pages",
        "owner": 1,
        "date_uploaded": "2015-10-16T09:45:47.504Z"
    },
    "model": "core.file",
    "pk": 242
},
{
    "fields": {
        "kind": "manuscript",
        "description": null,
        "date_modified": "2015-10-16T09:45:47.821Z",
        "sequence": 1,
        "uuid_filename": "9f6626bb-8996-4812-a90a-16cd1d27226b.pdf",
        "label": null,
        "stage_uploaded": 1,
        "mime_type": "application/pdf",
        "original_filename": "One Page CV.pdf",
        "owner": 1,
        "date_uploaded": "2015-10-16T09:45:47.821Z"
    },
    "model": "core.file",
    "pk": 243
},
{
    "fields": {
        "kind": "manuscript",
        "description": null,
        "date_modified": "2015-10-16T09:45:49.068Z",
        "sequence": 1,
        "uuid_filename": "42d14ae0-478b-492a-aa19-e614f55a5d77.pdf",
        "label": null,
        "stage_uploaded": 1,
        "mime_type": "application/pdf",
        "original_filename": "Untitled 2.pdf",
        "owner": 1,
        "date_uploaded": "2015-10-16T09:45:49.068Z"
    },
    "model": "core.file",
    "pk": 244
},
{
    "fields": {
        "kind": "manuscript",
        "description": null,
        "date_modified": "2015-10-16T09:45:49.727Z",
        "sequence": 1,
        "uuid_filename": "5c05d64e-ed5b-4032-8814-f6c9de2afeef.sql",
        "label": null,
        "stage_uploaded": 1,
        "mime_type": "application/x-sql",
        "original_filename": "TSsqlinserts.sql",
        "owner": 1,
        "date_uploaded": "2015-10-16T09:45:49.727Z"
    },
    "model": "core.file",
    "pk": 245
},
{
    "fields": {
        "kind": "additional",
        "description": null,
        "date_modified": "2015-10-16T09:45:55.560Z",
        "sequence": 1,
        "uuid_filename": "cfb5b5ed-c7a7-43f9-a2f0-9240280e40e2.docx",
        "label": null,
        "stage_uploaded": 1,
        "mime_type": "application/vnd.openxmlformats-officedocument.wordprocessingml.document",
        "original_filename": "Untitled 2.docx",
        "owner": 1,
        "date_uploaded": "2015-10-16T09:45:55.560Z"
    },
    "model": "core.file",
    "pk": 246
},
{
    "fields": {
        "kind": "manuscript",
        "description": null,
        "date_modified": "2015-10-16T14:27:24.864Z",
        "sequence": 1,
        "uuid_filename": "7b69e565-564c-4a29-820f-2146c5045332.jpg",
        "label": null,
        "stage_uploaded": 1,
        "mime_type": "image/jpeg",
        "original_filename": "86c6fad4-913f-407f-ab47-acd945458410.jpg",
        "owner": 1,
        "date_uploaded": "2015-10-16T14:27:24.864Z"
    },
    "model": "core.file",
    "pk": 247
},
{
    "fields": {
        "kind": "manuscript",
        "description": null,
        "date_modified": "2015-10-16T14:29:35.569Z",
        "sequence": 1,
        "uuid_filename": "25b4e75c-e122-4cd6-a6c2-12385dcecc94.jpg",
        "label": null,
        "stage_uploaded": 1,
        "mime_type": "image/jpeg",
        "original_filename": "20151016031747.jpg",
        "owner": 1,
        "date_uploaded": "2015-10-16T14:29:35.569Z"
    },
    "model": "core.file",
    "pk": 248
},
{
    "fields": {
        "kind": "manuscript",
        "description": null,
        "date_modified": "2015-10-16T14:35:44.882Z",
        "sequence": 1,
        "uuid_filename": "2f42e69b-f471-438f-ba0c-5eaa779a43af.jpg",
        "label": null,
        "stage_uploaded": 1,
        "mime_type": "image/jpeg",
        "original_filename": "20151016031747.jpg",
        "owner": 1,
        "date_uploaded": "2015-10-16T14:35:44.882Z"
    },
    "model": "core.file",
    "pk": 249
},
{
    "fields": {
        "kind": "marc21",
        "description": null,
        "date_modified": "2015-10-19T20:34:23.379Z",
        "sequence": 1,
        "uuid_filename": "fa4554b8-2dbd-45f9-9602-96b923324ca5.dat",
        "label": null,
        "stage_uploaded": 1,
        "mime_type": "unknown",
        "original_filename": "book_30_sdfdfs_marc21.dat",
        "owner": 1,
        "date_uploaded": "2015-10-19T20:34:23.379Z"
    },
    "model": "core.file",
    "pk": 251
},
{
    "fields": {
        "kind": "format",
        "description": null,
        "date_modified": "2015-10-21T12:36:09.622Z",
        "sequence": 1,
        "uuid_filename": "92ff65af-617b-4111-823c-42eae5ffd9d7.png",
        "label": "dsfsdfsd",
        "stage_uploaded": 1,
        "mime_type": "image/png",
        "original_filename": "Screen Shot 2015-10-20 at 16.12.42.png",
        "owner": 1,
        "date_uploaded": "2015-10-21T12:36:09.621Z"
    },
    "model": "core.file",
    "pk": 252
},
{
    "fields": {
        "kind": "chapter",
        "description": null,
        "date_modified": "2015-10-21T12:39:27.229Z",
        "sequence": 1,
        "uuid_filename": "106cc6ed-1430-4cda-a6a9-f01bf415336e.py",
        "label": "sdfsdffd",
        "stage_uploaded": 1,
        "mime_type": "text/x-python",
        "original_filename": "fr_CA_Uopen.py",
        "owner": 1,
        "date_uploaded": "2015-10-21T12:39:27.228Z"
    },
    "model": "core.file",
    "pk": 253
},
{
    "fields": {
        "kind": "manuscript",
        "description": null,
        "date_modified": "2015-10-22T12:18:27.496Z",
        "sequence": 1,
        "uuid_filename": "e04c086e-1c1c-4362-8fb3-0abc14577369.mobi",
        "label": "MOBI",
        "stage_uploaded": 1,
        "mime_type": "application/x-mobipocket-ebook",
        "original_filename": "23-3-196-1-10-20150928.mobi",
        "owner": 1,
        "date_uploaded": "2015-10-22T12:18:16.202Z"
    },
    "model": "core.file",
    "pk": 254
},
{
    "fields": {
        "kind": "manuscript",
        "description": null,
        "date_modified": "2015-10-22T12:18:27.498Z",
        "sequence": 1,
        "uuid_filename": "e21187dc-105d-44ed-92f3-92383044b386.epub",
        "label": "EPUB",
        "stage_uploaded": 1,
        "mime_type": "application/epub+zip",
        "original_filename": "23-3-195-1-10-20150928.epub",
        "owner": 1,
        "date_uploaded": "2015-10-22T12:18:20.826Z"
    },
    "model": "core.file",
    "pk": 255
},
{
    "fields": {
        "kind": "format",
        "description": null,
        "date_modified": "2015-10-22T12:22:32.610Z",
        "sequence": 1,
        "uuid_filename": "fe5ac28e-535b-49e9-9829-f5cd8030892a.epub",
        "label": "EPUB",
        "stage_uploaded": 1,
        "mime_type": "application/epub+zip",
        "original_filename": "23-3-195-1-10-20150928.epub",
        "owner": 1,
        "date_uploaded": "2015-10-22T12:22:32.609Z"
    },
    "model": "core.file",
    "pk": 256
},
{
    "fields": {
        "kind": "format",
        "description": null,
        "date_modified": "2015-10-22T12:22:48.593Z",
        "sequence": 1,
        "uuid_filename": "194b7de8-0f81-4aac-8875-23245ee32b17.mobi",
        "label": "MOBI",
        "stage_uploaded": 1,
        "mime_type": "application/x-mobipocket-ebook",
        "original_filename": "23-3-196-1-10-20150928.mobi",
        "owner": 1,
        "date_uploaded": "2015-10-22T12:22:48.592Z"
    },
    "model": "core.file",
    "pk": 257
},
{
    "fields": {
        "kind": "chapter",
        "description": null,
        "date_modified": "2015-10-22T12:23:24.244Z",
        "sequence": 1,
        "uuid_filename": "115d93d8-7107-473b-883e-e6ec5cf609af.pdf",
        "label": "Introduction",
        "stage_uploaded": 1,
        "mime_type": "application/pdf",
        "original_filename": "156-644-1-PB.pdf",
        "owner": 1,
        "date_uploaded": "2015-10-22T12:23:24.243Z"
    },
    "model": "core.file",
    "pk": 258
},
{
    "fields": {
        "kind": "chapter",
        "description": null,
        "date_modified": "2015-10-22T12:23:49.547Z",
        "sequence": 1,
        "uuid_filename": "84623f1a-a944-4814-9de0-25711e03cd64.pdf",
        "label": "Chapter 1",
        "stage_uploaded": 1,
        "mime_type": "application/pdf",
        "original_filename": "27-219-1-PB.pdf",
        "owner": 1,
        "date_uploaded": "2015-10-22T12:23:49.545Z"
    },
    "model": "core.file",
    "pk": 259
},
{
    "fields": {
        "kind": "manuscript",
        "description": null,
        "date_modified": "2015-10-22T16:39:23.794Z",
        "sequence": 1,
        "uuid_filename": "76e6940a-216e-44a5-8c10-e4c64ee08fe6.pdf",
        "label": "CV",
        "stage_uploaded": 1,
        "mime_type": "application/pdf",
        "original_filename": "One Page CV.pdf",
        "owner": 1,
        "date_uploaded": "2015-10-22T16:39:18.800Z"
    },
    "model": "core.file",
    "pk": 260
},
{
    "fields": {
        "kind": "format",
        "description": null,
        "date_modified": "2015-10-22T16:44:15.478Z",
        "sequence": 1,
        "uuid_filename": "0c9ab876-1dd9-40d1-a858-9d85ae022957.epub",
        "label": "EPUB",
        "stage_uploaded": 1,
        "mime_type": "application/epub+zip",
        "original_filename": "23-3-195-1-10-20150928.epub",
        "owner": 1,
        "date_uploaded": "2015-10-22T16:44:15.476Z"
    },
    "model": "core.file",
    "pk": 261
},
{
    "fields": {
        "kind": "format",
        "description": null,
        "date_modified": "2015-10-22T16:44:41.306Z",
        "sequence": 1,
        "uuid_filename": "1293d6bb-d5ec-4e08-8b4b-a70557d79e09.mobi",
        "label": "MOBI",
        "stage_uploaded": 1,
        "mime_type": "application/x-mobipocket-ebook",
        "original_filename": "23-3-196-1-10-20150928.mobi",
        "owner": 1,
        "date_uploaded": "2015-10-22T16:44:41.305Z"
    },
    "model": "core.file",
    "pk": 262
},
{
    "fields": {
        "kind": "chapter",
        "description": null,
        "date_modified": "2015-10-22T16:45:15.818Z",
        "sequence": 1,
        "uuid_filename": "447a6008-4e9d-459b-bf6c-4c026377c06d.pdf",
        "label": "Chapter 1",
        "stage_uploaded": 1,
        "mime_type": "application/pdf",
        "original_filename": "1184-3172-4-PB.pdf",
        "owner": 1,
        "date_uploaded": "2015-10-22T16:45:15.817Z"
    },
    "model": "core.file",
    "pk": 263
},
{
    "fields": {
        "kind": "manuscript",
        "description": null,
        "date_modified": "2015-10-29T21:28:28.181Z",
        "sequence": 1,
        "uuid_filename": "196796e9-09b2-40b4-8cd3-4d86f5b04228.png",
        "label": "Label 1",
        "stage_uploaded": 1,
        "mime_type": "image/png",
        "original_filename": "Author-current-stats.png",
        "owner": 1,
        "date_uploaded": "2015-10-29T21:28:15.998Z"
    },
    "model": "core.file",
    "pk": 264
},
{
    "fields": {
        "kind": "manuscript",
        "description": null,
        "date_modified": "2015-10-29T21:28:28.188Z",
        "sequence": 1,
        "uuid_filename": "4617ca9f-9057-4034-85dd-849293db6405.png",
        "label": "Label 2",
        "stage_uploaded": 1,
        "mime_type": "image/png",
        "original_filename": "authordash.png",
        "owner": 1,
        "date_uploaded": "2015-10-29T21:28:17.262Z"
    },
    "model": "core.file",
    "pk": 265
},
{
    "fields": {
        "kind": "manuscript",
        "description": null,
        "date_modified": "2015-10-29T21:28:28.195Z",
        "sequence": 1,
        "uuid_filename": "de7447b8-e037-4838-b273-71070a844bfa.psd",
        "label": "Label 3",
        "stage_uploaded": 1,
        "mime_type": "image/vnd.adobe.photoshop",
        "original_filename": "authormockups.psd",
        "owner": 1,
        "date_uploaded": "2015-10-29T21:28:18.307Z"
    },
    "model": "core.file",
    "pk": 266
},
{
    "fields": {
        "kind": "additional",
        "description": null,
        "date_modified": "2015-10-29T21:29:17.489Z",
        "sequence": 1,
        "uuid_filename": "efdc655f-5ecf-4563-9332-b8be3692adf0.png",
        "label": "Fig 1",
        "stage_uploaded": 1,
        "mime_type": "image/png",
        "original_filename": "editorreviewmodal.png",
        "owner": 1,
        "date_uploaded": "2015-10-29T21:28:39.659Z"
    },
    "model": "core.file",
    "pk": 267
},
{
    "fields": {
        "kind": "additional",
        "description": null,
        "date_modified": "2015-10-29T21:29:17.495Z",
        "sequence": 1,
        "uuid_filename": "52961191-e200-4ac1-a81c-f83c46f48508.png",
        "label": "Fig 2",
        "stage_uploaded": 1,
        "mime_type": "image/png",
        "original_filename": "moredetailfile.png",
        "owner": 1,
        "date_uploaded": "2015-10-29T21:28:40.681Z"
    },
    "model": "core.file",
    "pk": 268
},
{
    "fields": {
        "kind": "additional",
        "description": null,
        "date_modified": "2015-10-29T21:29:17.501Z",
        "sequence": 1,
        "uuid_filename": "103f9cd3-8b53-4efd-94b5-39ffde288d9f.png",
        "label": "Fig 3",
        "stage_uploaded": 1,
        "mime_type": "image/png",
        "original_filename": "moredetailfileprettier.png",
        "owner": 1,
        "date_uploaded": "2015-10-29T21:28:41.672Z"
    },
    "model": "core.file",
    "pk": 269
},
{
    "fields": {
        "kind": "additional",
        "description": null,
        "date_modified": "2015-10-29T21:29:17.507Z",
        "sequence": 1,
        "uuid_filename": "ccd20504-b9cf-47e6-bbfe-f2a8eb4bf3b7.png",
        "label": "Fig 4",
        "stage_uploaded": 1,
        "mime_type": "image/png",
        "original_filename": "onetaskerdash.png",
        "owner": 1,
        "date_uploaded": "2015-10-29T21:28:43.269Z"
    },
    "model": "core.file",
    "pk": 270
},
{
    "fields": {
        "kind": "additional",
        "description": null,
        "date_modified": "2015-10-29T21:29:17.515Z",
        "sequence": 1,
        "uuid_filename": "a6cc607b-868d-4d09-9f9a-3a537fa622bc.png",
        "label": "Fig 5",
        "stage_uploaded": 1,
        "mime_type": "image/png",
        "original_filename": "onetaskerhub.png",
        "owner": 1,
        "date_uploaded": "2015-10-29T21:28:44.122Z"
    },
    "model": "core.file",
    "pk": 271
},
{
    "fields": {
        "kind": "additional",
        "description": null,
        "date_modified": "2015-10-29T21:29:17.522Z",
        "sequence": 1,
        "uuid_filename": "4f4009b8-1f03-4c8f-88bb-479e1e3b154d",
        "label": "Fig 6",
        "stage_uploaded": 1,
        "mime_type": "unknown",
        "original_filename": "onetaskerhubaccept",
        "owner": 1,
        "date_uploaded": "2015-10-29T21:28:44.885Z"
    },
    "model": "core.file",
    "pk": 272
},
{
    "fields": {
        "kind": "additional",
        "description": null,
        "date_modified": "2015-10-29T21:29:17.530Z",
        "sequence": 1,
        "uuid_filename": "30f25b94-1495-4f52-86e6-105cc444e5ea.png",
        "label": "Fig 7",
        "stage_uploaded": 1,
        "mime_type": "image/png",
        "original_filename": "onetaskerhubcomplete.png",
        "owner": 1,
        "date_uploaded": "2015-10-29T21:28:46.201Z"
    },
    "model": "core.file",
    "pk": 273
},
{
    "fields": {
        "kind": "additional",
        "description": null,
        "date_modified": "2015-10-29T21:29:17.537Z",
        "sequence": 1,
        "uuid_filename": "14751a8a-3e73-4c3f-b4ec-bc27ab4cdc13.psd",
        "label": "Fig 8",
        "stage_uploaded": 1,
        "mime_type": "image/vnd.adobe.photoshop",
        "original_filename": "onetaskermockups.psd",
        "owner": 1,
        "date_uploaded": "2015-10-29T21:28:47.241Z"
    },
    "model": "core.file",
    "pk": 274
},
{
    "fields": {
        "kind": "manuscript",
        "description": null,
        "date_modified": "2015-10-29T21:30:55.551Z",
        "sequence": 1,
        "uuid_filename": "0f86b34a-e2ee-4ee1-af1a-c6a1ad154fab.psd",
        "label": "Label 1",
        "stage_uploaded": 1,
        "mime_type": "image/vnd.adobe.photoshop",
        "original_filename": "authormockups.psd",
        "owner": 1,
        "date_uploaded": "2015-10-29T21:30:52.765Z"
    },
    "model": "core.file",
    "pk": 275
},
{
    "fields": {
        "kind": "additional",
        "description": null,
        "date_modified": "2015-10-29T21:31:09.561Z",
        "sequence": 1,
        "uuid_filename": "3db01bed-ef66-4fa7-bcda-9a9bebf9246e.png",
        "label": null,
        "stage_uploaded": 1,
        "mime_type": "image/png",
        "original_filename": "authorreviewcopyedit.png",
        "owner": 1,
        "date_uploaded": "2015-10-29T21:31:09.561Z"
    },
    "model": "core.file",
    "pk": 276
},
{
    "fields": {
        "kind": "additional",
        "description": null,
        "date_modified": "2015-10-29T21:31:16.729Z",
        "sequence": 1,
        "uuid_filename": "d4e10e32-92a2-4867-b5ee-28e387bbdcec.png",
        "label": "Fig 2",
        "stage_uploaded": 1,
        "mime_type": "image/png",
        "original_filename": "moredetailfileprettier.png",
        "owner": 1,
        "date_uploaded": "2015-10-29T21:31:09.561Z"
    },
    "model": "core.file",
    "pk": 277
},
{
    "fields": {
        "kind": "additional",
        "description": null,
        "date_modified": "2015-10-29T21:31:16.743Z",
        "sequence": 1,
        "uuid_filename": "96151cfb-817a-45ec-b761-a54bff6b6fed.psd",
        "label": "Fig 1",
        "stage_uploaded": 1,
        "mime_type": "image/vnd.adobe.photoshop",
        "original_filename": "authormockups.psd",
        "owner": 1,
        "date_uploaded": "2015-10-29T21:31:09.730Z"
    },
    "model": "core.file",
    "pk": 278
},
{
    "fields": {
        "kind": "manuscript",
        "description": null,
        "date_modified": "2015-10-29T21:31:59.509Z",
        "sequence": 1,
        "uuid_filename": "7d159b5a-d875-4d5d-b75d-3113cf7a3048.png",
        "label": "Label 1",
        "stage_uploaded": 1,
        "mime_type": "image/png",
        "original_filename": "authorreviews-selected.png",
        "owner": 1,
        "date_uploaded": "2015-10-29T21:31:53.872Z"
    },
    "model": "core.file",
    "pk": 279
},
{
    "fields": {
        "kind": "manuscript",
        "description": null,
        "date_modified": "2015-10-29T21:34:48.859Z",
        "sequence": 1,
        "uuid_filename": "2497d734-dbd3-4a35-b26a-0b5fc4361238.png",
        "label": "Label 1",
        "stage_uploaded": 1,
        "mime_type": "image/png",
        "original_filename": "authorproposalhub.png",
        "owner": 1,
        "date_uploaded": "2015-10-29T21:34:41.262Z"
    },
    "model": "core.file",
    "pk": 280
},
{
    "fields": {
        "kind": "additional",
        "description": null,
        "date_modified": "2015-10-29T21:36:47.776Z",
        "sequence": 1,
        "uuid_filename": "989dd292-197b-483e-ae4f-cb93513359f3.png",
        "label": "Fig 1",
        "stage_uploaded": 1,
        "mime_type": "image/png",
        "original_filename": "authorreviews-none-selected.png",
        "owner": 1,
        "date_uploaded": "2015-10-29T21:36:44.331Z"
    },
    "model": "core.file",
    "pk": 281
},
{
    "fields": {
        "owner": 1,
        "uuid_filename": "985a9220-32aa-472c-84c5-d65fd89db9f4.docx",
        "date_uploaded": "2015-09-30T13:58:02.318Z",
        "original_filename": "Untitled 2.docx",
        "file": 24
    },
    "model": "core.fileversion",
    "pk": 1
},
{
    "fields": {
        "owner": 1,
        "uuid_filename": "e0f07d50-df67-40fd-924f-e9a41ccdd1ee..pdf",
        "date_uploaded": "2015-10-02T13:24:16.260Z",
        "original_filename": "74-779-1-PB (3).pdf",
        "file": 117
    },
    "model": "core.fileversion",
    "pk": 7
},
{
    "fields": {
        "owner": 1,
        "uuid_filename": "e6e3544a-afb2-4b6d-9c23-62d14c3f08b1..jpg",
        "date_uploaded": "2015-10-02T13:24:32.103Z",
        "original_filename": "973c17aa-ad7c-4f42-aad9-73d4220c0484.jpg",
        "file": 119
    },
    "model": "core.fileversion",
    "pk": 8
},
{
    "fields": {
        "owner": 1,
        "uuid_filename": "af8b02c2-e94c-42a8-ba9f-f16bac3f9827.docx",
        "date_uploaded": "2015-10-09T13:36:10.070Z",
        "original_filename": "Untitled 2.docx",
        "file": 149
    },
    "model": "core.fileversion",
    "pk": 9
},
{
    "fields": {
        "owner": 1,
        "uuid_filename": "af8b02c2-e94c-42a8-ba9f-f16bac3f9827.docx",
        "date_uploaded": "2015-10-09T13:36:10.070Z",
        "original_filename": "Untitled 2.docx",
        "file": 149
    },
    "model": "core.fileversion",
    "pk": 10
},
{
    "fields": {
        "owner": 1,
        "uuid_filename": "af8b02c2-e94c-42a8-ba9f-f16bac3f9827.docx",
        "date_uploaded": "2015-10-09T13:36:10.070Z",
        "original_filename": "Untitled 2.docx",
        "file": 149
    },
    "model": "core.fileversion",
    "pk": 11
},
{
    "fields": {
        "owner": 1,
        "uuid_filename": "af8b02c2-e94c-42a8-ba9f-f16bac3f9827.docx",
        "date_uploaded": "2015-10-09T13:36:10.070Z",
        "original_filename": "Untitled 2.docx",
        "file": 149
    },
    "model": "core.fileversion",
    "pk": 12
},
{
    "fields": {
        "owner": 1,
        "uuid_filename": "8e3fa8de-5105-4970-aef6-f59bcb27ef52.docx",
        "date_uploaded": "2015-10-09T13:35:33.880Z",
        "original_filename": "One Page CV.docx",
        "file": 148
    },
    "model": "core.fileversion",
    "pk": 13
},
{
    "fields": {
        "owner": 1,
        "uuid_filename": "47f7461c-e712-44a1-b413-917815e7e3a1..dmg",
        "date_uploaded": "2015-10-07T11:16:43.373Z",
        "original_filename": "sequel-pro-1.1.dmg",
        "file": 139
    },
    "model": "core.fileversion",
    "pk": 14
},
{
    "fields": {
        "owner": 1,
        "uuid_filename": "097536d8-752d-487e-af37-ac37cefad5f0.png",
        "date_uploaded": "2015-10-12T11:20:20.431Z",
        "original_filename": "copyeditormidprocess.png",
        "file": 139
    },
    "model": "core.fileversion",
    "pk": 15
},
{
    "fields": {
        "owner": 1,
        "uuid_filename": "a8cfee60-9674-43a4-918b-cec2718565ce..dmg",
        "date_uploaded": "2015-10-07T11:16:44.734Z",
        "original_filename": "Skype_7.12.657.dmg",
        "file": 140
    },
    "model": "core.fileversion",
    "pk": 16
},
{
    "fields": {
        "owner": 1,
        "uuid_filename": "0da41542-ccb2-4b10-ae9c-d4002163349d.png",
        "date_uploaded": "2015-10-12T11:25:20.829Z",
        "original_filename": "copyeditormidprocess.png",
        "file": 139
    },
    "model": "core.fileversion",
    "pk": 17
},
{
    "fields": {
        "name": "fdsfdsf ssdf sdf"
    },
    "model": "core.subject",
    "pk": 1
},
{
    "fields": {
        "name": "sdffsdfsdfsdf"
    },
    "model": "core.subject",
    "pk": 2
},
{
    "fields": {
        "name": "Subject One"
    },
    "model": "core.subject",
    "pk": 3
},
{
    "fields": {
        "name": "Subject Two"
    },
    "model": "core.subject",
    "pk": 4
},
{
    "fields": {
        "name": "This is a subject"
    },
    "model": "core.subject",
    "pk": 5
},
{
    "fields": {
        "name": "This is another subject"
    },
    "model": "core.subject",
    "pk": 6
},
{
    "fields": {
        "name": "test"
    },
    "model": "core.keyword",
    "pk": 30
},
{
    "fields": {
        "name": "testing"
    },
    "model": "core.keyword",
    "pk": 31
},
{
    "fields": {
        "name": "testing 123"
    },
    "model": "core.keyword",
    "pk": 32
},
{
    "fields": {
        "name": "big test"
    },
    "model": "core.keyword",
    "pk": 33
},
{
    "fields": {
        "name": "Keyword1"
    },
    "model": "core.keyword",
    "pk": 34
},
{
    "fields": {
        "name": "Keyword2"
    },
    "model": "core.keyword",
    "pk": 35
},
{
    "fields": {
        "publication": null,
        "submission": "2015-09-28T13:26:24.929Z",
        "review": null,
        "external_review": null,
        "indexing": null,
        "production": "2015-09-28T16:25:12.183Z",
        "current_stage": "production",
        "copyediting": null,
        "typesetting": "2015-09-28T16:25:15.447Z",
        "internal_review": null,
        "proposal": null,
        "editing": "2015-09-28T16:25:09.432Z",
        "declined": null
    },
    "model": "core.stage",
    "pk": 1
},
{
    "fields": {
        "publication": null,
        "submission": "2015-09-28T16:38:10.537Z",
        "review": "2015-09-28T16:38:30.895Z",
        "external_review": "2015-09-29T12:21:35.602Z",
        "indexing": "2015-09-28T16:40:17.342Z",
        "production": null,
        "current_stage": "editing",
        "copyediting": "2015-09-28T16:38:49.381Z",
        "typesetting": null,
        "internal_review": "2015-09-28T16:38:42.506Z",
        "proposal": null,
        "editing": "2015-09-28T16:38:48.182Z",
        "declined": null
    },
    "model": "core.stage",
    "pk": 2
},
{
    "fields": {
        "publication": null,
        "submission": "2015-09-30T12:55:44.152Z",
        "review": "2015-09-30T12:58:27.153Z",
        "external_review": "2015-09-30T13:37:08.596Z",
        "indexing": "2015-09-30T14:12:37.741Z",
        "production": "2015-09-30T14:16:00.543Z",
        "current_stage": "production",
        "copyediting": "2015-09-30T14:00:54.513Z",
        "typesetting": "2015-09-30T13:58:24.656Z",
        "internal_review": "2015-09-30T13:34:40.567Z",
        "proposal": null,
        "editing": "2015-09-30T13:47:27.587Z",
        "declined": null
    },
    "model": "core.stage",
    "pk": 3
},
{
    "fields": {
        "publication": null,
        "submission": "2015-09-30T16:48:12.574Z",
        "review": "2015-09-30T17:22:54.165Z",
        "external_review": null,
        "indexing": null,
        "production": "2015-09-30T17:23:12.213Z",
        "current_stage": "production",
        "copyediting": null,
        "typesetting": null,
        "internal_review": null,
        "proposal": null,
        "editing": "2015-09-30T17:23:04.781Z",
        "declined": null
    },
    "model": "core.stage",
    "pk": 4
},
{
    "fields": {
        "publication": null,
        "submission": "2015-10-01T11:37:25.992Z",
        "review": null,
        "external_review": null,
        "indexing": null,
        "production": null,
        "current_stage": "submission",
        "copyediting": null,
        "typesetting": null,
        "internal_review": null,
        "proposal": null,
        "editing": null,
        "declined": null
    },
    "model": "core.stage",
    "pk": 5
},
{
    "fields": {
        "publication": null,
        "submission": "2015-10-01T11:54:02.842Z",
        "review": null,
        "external_review": null,
        "indexing": null,
        "production": null,
        "current_stage": "submission",
        "copyediting": null,
        "typesetting": null,
        "internal_review": null,
        "proposal": null,
        "editing": null,
        "declined": null
    },
    "model": "core.stage",
    "pk": 6
},
{
    "fields": {
        "publication": null,
        "submission": "2015-10-01T11:54:57.697Z",
        "review": null,
        "external_review": null,
        "indexing": null,
        "production": null,
        "current_stage": "submission",
        "copyediting": null,
        "typesetting": null,
        "internal_review": null,
        "proposal": null,
        "editing": null,
        "declined": null
    },
    "model": "core.stage",
    "pk": 7
},
{
    "fields": {
        "publication": null,
        "submission": "2015-10-01T12:54:06.467Z",
        "review": null,
        "external_review": null,
        "indexing": null,
        "production": null,
        "current_stage": "submission",
        "copyediting": null,
        "typesetting": null,
        "internal_review": null,
        "proposal": null,
        "editing": null,
        "declined": null
    },
    "model": "core.stage",
    "pk": 8
},
{
    "fields": {
        "publication": null,
        "submission": "2015-10-01T12:54:12Z",
        "review": "2015-10-02T14:50:42Z",
        "external_review": null,
        "indexing": "2015-10-08T16:15:26.813Z",
        "production": "2015-10-08T16:03:48.505Z",
        "current_stage": "production",
        "copyediting": "2015-10-02T14:51:35Z",
        "typesetting": "2015-10-10T14:39:54.114Z",
        "internal_review": "2015-10-02T14:50:54Z",
        "proposal": null,
        "editing": "2015-10-02T14:51:34Z",
        "declined": null
    },
    "model": "core.stage",
    "pk": 9
},
{
    "fields": {
        "publication": null,
        "submission": "2015-10-01T13:03:29.593Z",
        "review": null,
        "external_review": null,
        "indexing": null,
        "production": null,
        "current_stage": "submission",
        "copyediting": null,
        "typesetting": null,
        "internal_review": null,
        "proposal": null,
        "editing": null,
        "declined": null
    },
    "model": "core.stage",
    "pk": 10
},
{
    "fields": {
        "publication": null,
        "submission": "2015-10-01T13:05:02.008Z",
        "review": null,
        "external_review": null,
        "indexing": null,
        "production": null,
        "current_stage": "submission",
        "copyediting": null,
        "typesetting": null,
        "internal_review": null,
        "proposal": null,
        "editing": null,
        "declined": null
    },
    "model": "core.stage",
    "pk": 11
},
{
    "fields": {
        "publication": null,
        "submission": "2015-10-01T13:08:26.841Z",
        "review": null,
        "external_review": null,
        "indexing": null,
        "production": null,
        "current_stage": "submission",
        "copyediting": null,
        "typesetting": null,
        "internal_review": null,
        "proposal": null,
        "editing": null,
        "declined": null
    },
    "model": "core.stage",
    "pk": 12
},
{
    "fields": {
        "publication": "2015-10-16T16:25:44.966Z",
        "submission": "2015-10-02T13:25:12.137Z",
        "review": "2015-10-05T10:12:55.638Z",
        "external_review": "2015-10-06T12:51:45.423Z",
        "indexing": "2015-10-06T14:25:54.633Z",
        "production": "2015-10-16T16:25:26.705Z",
        "current_stage": "published",
        "copyediting": "2015-10-06T14:25:38.936Z",
        "typesetting": "2015-10-16T16:25:28.203Z",
        "internal_review": "2015-10-05T10:13:06.445Z",
        "proposal": null,
        "editing": "2015-10-06T14:25:37.115Z",
        "declined": null
    },
    "model": "core.stage",
    "pk": 13
},
{
    "fields": {
        "publication": null,
        "submission": "2015-10-05T10:10:53Z",
        "review": "2015-10-05T10:45:45Z",
        "external_review": null,
        "indexing": "2015-10-05T10:45:52Z",
        "production": "2015-10-09T13:51:17.460Z",
        "current_stage": "production",
        "copyediting": "2015-10-05T10:45:49Z",
        "typesetting": "2015-10-05T10:45:54Z",
        "internal_review": null,
        "proposal": null,
        "editing": "2015-10-05T10:45:48Z",
        "declined": null
    },
    "model": "core.stage",
    "pk": 14
},
{
    "fields": {
        "publication": null,
        "submission": "2015-10-07T11:16:52Z",
        "review": "2015-10-08T13:06:02Z",
        "external_review": "2015-10-08T13:56:08Z",
        "indexing": "2015-10-09T08:42:52.742Z",
        "production": "2015-10-09T13:10:06.625Z",
        "current_stage": "production",
        "copyediting": "2015-10-09T08:42:51.573Z",
        "typesetting": "2015-10-09T13:17:36.925Z",
        "internal_review": "2015-10-08T13:53:15Z",
        "proposal": null,
        "editing": "2015-10-08T15:50:40.399Z",
        "declined": null
    },
    "model": "core.stage",
    "pk": 15
},
{
    "fields": {
        "publication": null,
        "submission": "2015-10-12T11:50:27.242Z",
        "review": "2015-10-13T12:29:29.393Z",
        "external_review": null,
        "indexing": null,
        "production": null,
        "current_stage": "editing",
        "copyediting": null,
        "typesetting": null,
        "internal_review": null,
        "proposal": null,
        "editing": "2015-10-13T12:29:30.560Z",
        "declined": null
    },
    "model": "core.stage",
    "pk": 16
},
{
    "fields": {
        "publication": null,
        "submission": "2015-10-13T12:34:41.704Z",
        "review": "2015-10-13T12:34:48.132Z",
        "external_review": null,
        "indexing": null,
        "production": null,
        "current_stage": "declined",
        "copyediting": null,
        "typesetting": null,
        "internal_review": "2015-10-13T12:36:37.778Z",
        "proposal": null,
        "editing": null,
        "declined": "2015-10-13T15:05:28.529Z"
    },
    "model": "core.stage",
    "pk": 17
},
{
    "fields": {
        "publication": null,
        "submission": "2015-10-13T12:45:07.505Z",
        "review": "2015-10-16T14:37:06.689Z",
        "external_review": "2015-10-19T13:38:30.329Z",
        "indexing": null,
        "production": null,
        "current_stage": "review",
        "copyediting": null,
        "typesetting": null,
        "internal_review": "2015-10-16T14:37:30.028Z",
        "proposal": null,
        "editing": null,
        "declined": null
    },
    "model": "core.stage",
    "pk": 18
},
{
    "fields": {
        "publication": null,
        "submission": "2015-10-16T09:45:58.749Z",
        "review": null,
        "external_review": null,
        "indexing": null,
        "production": null,
        "current_stage": "submission",
        "copyediting": null,
        "typesetting": null,
        "internal_review": null,
        "proposal": null,
        "editing": null,
        "declined": null
    },
    "model": "core.stage",
    "pk": 19
},
{
    "fields": {
        "publication": null,
        "submission": "2015-10-16T14:27:28.819Z",
        "review": null,
        "external_review": null,
        "indexing": null,
        "production": null,
        "current_stage": "submission",
        "copyediting": null,
        "typesetting": null,
        "internal_review": null,
        "proposal": null,
        "editing": null,
        "declined": null
    },
    "model": "core.stage",
    "pk": 20
},
{
    "fields": {
        "publication": null,
        "submission": "2015-10-16T14:29:39.206Z",
        "review": "2015-10-16T14:40:08.201Z",
        "external_review": "2015-10-16T14:42:49.591Z",
        "indexing": null,
        "production": null,
        "current_stage": "review",
        "copyediting": null,
        "typesetting": null,
        "internal_review": "2015-10-16T14:40:19.629Z",
        "proposal": null,
        "editing": null,
        "declined": null
    },
    "model": "core.stage",
    "pk": 21
},
{
    "fields": {
        "publication": null,
        "submission": "2015-10-16T14:35:48.760Z",
        "review": null,
        "external_review": null,
        "indexing": null,
        "production": null,
        "current_stage": "submission",
        "copyediting": null,
        "typesetting": null,
        "internal_review": null,
        "proposal": null,
        "editing": null,
        "declined": null
    },
    "model": "core.stage",
    "pk": 22
},
{
    "fields": {
        "publication": "2015-10-22T12:28:12.530Z",
        "submission": "2015-10-22T12:20:36.204Z",
        "review": "2015-10-22T12:20:55.335Z",
        "external_review": "2015-10-22T12:21:25.541Z",
        "indexing": null,
        "production": "2015-10-22T12:22:10.613Z",
        "current_stage": "published",
        "copyediting": "2015-10-22T12:21:58.838Z",
        "typesetting": "2015-10-22T12:22:12.076Z",
        "internal_review": "2015-10-22T12:21:08.648Z",
        "proposal": null,
        "editing": "2015-10-22T12:21:57.866Z",
        "declined": null
    },
    "model": "core.stage",
    "pk": 23
},
{
    "fields": {
        "publication": "2015-10-22T16:49:02.112Z",
        "submission": "2015-10-22T16:40:42.673Z",
        "review": "2015-10-22T16:42:42.482Z",
        "external_review": null,
        "indexing": null,
        "production": "2015-10-22T16:42:50.118Z",
        "current_stage": "published",
        "copyediting": null,
        "typesetting": null,
        "internal_review": null,
        "proposal": null,
        "editing": "2015-10-22T16:42:48.419Z",
        "declined": null
    },
    "model": "core.stage",
    "pk": 24
},
{
    "fields": {
        "publication": null,
        "submission": "2015-10-29T21:30:06.583Z",
        "review": "2015-10-29T21:33:20.849Z",
        "external_review": null,
        "indexing": null,
        "production": null,
        "current_stage": "review",
        "copyediting": null,
        "typesetting": null,
        "internal_review": null,
        "proposal": null,
        "editing": null,
        "declined": null
    },
    "model": "core.stage",
    "pk": 25
},
{
    "fields": {
        "publication": null,
        "submission": "2015-10-29T21:31:20.343Z",
        "review": "2015-10-29T21:32:41.842Z",
        "external_review": null,
        "indexing": null,
        "production": "2015-10-29T21:32:52.067Z",
        "current_stage": "production",
        "copyediting": null,
        "typesetting": null,
        "internal_review": null,
        "proposal": null,
        "editing": "2015-10-29T21:32:49.374Z",
        "declined": null
    },
    "model": "core.stage",
    "pk": 26
},
{
    "fields": {
        "publication": null,
        "submission": "2015-10-29T21:32:05.676Z",
        "review": "2015-10-29T21:33:00.242Z",
        "external_review": null,
        "indexing": null,
        "production": null,
        "current_stage": "editing",
        "copyediting": null,
        "typesetting": null,
        "internal_review": null,
        "proposal": null,
        "editing": "2015-10-29T21:33:01.514Z",
        "declined": null
    },
    "model": "core.stage",
    "pk": 27
},
{
    "fields": {
        "publication": null,
        "submission": "2015-10-29T21:36:52.044Z",
        "review": null,
        "external_review": null,
        "indexing": null,
        "production": null,
        "current_stage": "submission",
        "copyediting": null,
        "typesetting": null,
        "internal_review": null,
        "proposal": null,
        "editing": null,
        "declined": null
    },
    "model": "core.stage",
    "pk": 28
},
{
    "fields": {
        "name": "Reader",
        "slug": "reader"
    },
    "model": "core.role",
    "pk": 1
},
{
    "fields": {
        "name": "Author",
        "slug": "author"
    },
    "model": "core.role",
    "pk": 2
},
{
    "fields": {
        "name": "Copyeditor",
        "slug": "copyeditor"
    },
    "model": "core.role",
    "pk": 3
},
{
    "fields": {
        "name": "Reviewer",
        "slug": "reviewer"
    },
    "model": "core.role",
    "pk": 4
},
{
    "fields": {
        "name": "Press Editor",
        "slug": "press-editor"
    },
    "model": "core.role",
    "pk": 5
},
{
    "fields": {
        "name": "Book Editor",
        "slug": "book-editor"
    },
    "model": "core.role",
    "pk": 6
},
{
    "fields": {
        "name": "Series Editor",
        "slug": "series-editor"
    },
    "model": "core.role",
    "pk": 7
},
{
    "fields": {
        "name": "Indexer",
        "slug": "indexer"
    },
    "model": "core.role",
    "pk": 8
},
{
    "fields": {
        "name": "Typesetter",
        "slug": "typesetter"
    },
    "model": "core.role",
    "pk": 9
},
{
    "fields": {
        "kind": "submission",
        "short_name": "Submission Started",
        "date_logged": "2015-10-29T21:27:32.892Z",
        "book": 42,
        "user": 1,
        "message": "Submission Started"
    },
    "model": "core.log",
    "pk": 378
},
{
    "fields": {
        "kind": "submission",
        "short_name": "Submission Completed",
        "date_logged": "2015-10-29T21:30:06.602Z",
        "book": 42,
        "user": 1,
        "message": "Submission of Title completed"
    },
    "model": "core.log",
    "pk": 379
},
{
    "fields": {
        "kind": "submission",
        "short_name": "Submission Started",
        "date_logged": "2015-10-29T21:30:24.372Z",
        "book": 43,
        "user": 1,
        "message": "Submission Started"
    },
    "model": "core.log",
    "pk": 380
},
{
    "fields": {
        "kind": "submission",
        "short_name": "Submission Completed",
        "date_logged": "2015-10-29T21:31:20.361Z",
        "book": 43,
        "user": 1,
        "message": "Submission of Battle For Open completed"
    },
    "model": "core.log",
    "pk": 381
},
{
    "fields": {
        "kind": "submission",
        "short_name": "Submission Started",
        "date_logged": "2015-10-29T21:31:34.661Z",
        "book": 44,
        "user": 1,
        "message": "Submission Started"
    },
    "model": "core.log",
    "pk": 382
},
{
    "fields": {
        "kind": "submission",
        "short_name": "Submission Completed",
        "date_logged": "2015-10-29T21:32:05.689Z",
        "book": 44,
        "user": 1,
        "message": "Submission of Research Data Issues completed"
    },
    "model": "core.log",
    "pk": 383
},
{
    "fields": {
        "kind": "review",
        "short_name": "Submission in Review",
        "date_logged": "2015-10-29T21:32:41.853Z",
        "book": 43,
        "user": 1,
        "message": "Submission moved to Review"
    },
    "model": "core.log",
    "pk": 384
},
{
    "fields": {
        "kind": "editing",
        "short_name": "Submission in Editing",
        "date_logged": "2015-10-29T21:32:49.369Z",
        "book": 43,
        "user": 1,
        "message": "Submission moved to Editing."
    },
    "model": "core.log",
    "pk": 385
},
{
    "fields": {
        "kind": "production",
        "short_name": "Submission in Production",
        "date_logged": "2015-10-29T21:32:52.076Z",
        "book": 43,
        "user": 1,
        "message": "Submission moved to Production"
    },
    "model": "core.log",
    "pk": 386
},
{
    "fields": {
        "kind": "review",
        "short_name": "Submission in Review",
        "date_logged": "2015-10-29T21:33:00.263Z",
        "book": 44,
        "user": 1,
        "message": "Submission moved to Review"
    },
    "model": "core.log",
    "pk": 387
},
{
    "fields": {
        "kind": "editing",
        "short_name": "Submission in Editing",
        "date_logged": "2015-10-29T21:33:01.509Z",
        "book": 44,
        "user": 1,
        "message": "Submission moved to Editing."
    },
    "model": "core.log",
    "pk": 388
},
{
    "fields": {
        "kind": "review",
        "short_name": "Submission in Review",
        "date_logged": "2015-10-29T21:33:20.863Z",
        "book": 42,
        "user": 1,
        "message": "Submission moved to Review"
    },
    "model": "core.log",
    "pk": 389
},
{
    "fields": {
        "kind": "submission",
        "short_name": "Submission Started",
        "date_logged": "2015-10-29T21:33:46.809Z",
        "book": 45,
        "user": 1,
        "message": "Submission Started"
    },
    "model": "core.log",
    "pk": 390
},
{
    "fields": {
        "kind": "submission",
        "short_name": "Submission Completed",
        "date_logged": "2015-10-29T21:36:52.062Z",
        "book": 45,
        "user": 1,
        "message": "Submission of Armed Services Unit completed"
    },
    "model": "core.log",
    "pk": 391
},
{
    "fields": {
        "from_address": "main@localhost.com",
        "cc": "",
        "bcc": "",
        "content": "<p>Dear UP Tech,\r\n<br><br>Your submission has been received. An Editor will be in touch soon with the next steps.<br><br><span style=\"line-height: 1.42857;\">Regards,&nbsp;</span></p><p></p>",
        "to": "[u'tech@ubiquitypress.com']",
        "book": 42,
        "sent": "2015-10-29T21:30:06.624Z",
        "subject": "Submission Acknowledgement"
    },
    "model": "core.emaillog",
    "pk": 165
},
{
    "fields": {
        "from_address": "main@localhost.com",
        "cc": "",
        "bcc": "",
        "content": "<p><span style=\"line-height: 1.42857;\">A new submission has been uploaded.\r\n\r\nView the submission: http://localhost:8000/workflow/new/42\r\n<br></span></p><p><span style=\"line-height: 1.42857;\">Regards,\r\n<br><br>RUA Bot</span><br></p>",
        "to": "[u'tech@ubiquitypress.com']",
        "book": 42,
        "sent": "2015-10-29T21:30:07.340Z",
        "subject": "New Submission"
    },
    "model": "core.emaillog",
    "pk": 166
},
{
    "fields": {
        "from_address": "main@localhost.com",
        "cc": "",
        "bcc": "",
        "content": "<p>Dear UP Tech,\r\n<br><br>Your submission has been received. An Editor will be in touch soon with the next steps.<br><br><span style=\"line-height: 1.42857;\">Regards,&nbsp;</span></p><p></p>",
        "to": "[u'tech@ubiquitypress.com']",
        "book": 43,
        "sent": "2015-10-29T21:31:20.385Z",
        "subject": "Submission Acknowledgement"
    },
    "model": "core.emaillog",
    "pk": 167
},
{
    "fields": {
        "from_address": "main@localhost.com",
        "cc": "",
        "bcc": "",
        "content": "<p><span style=\"line-height: 1.42857;\">A new submission has been uploaded.\r\n\r\nView the submission: http://localhost:8000/workflow/new/43\r\n<br></span></p><p><span style=\"line-height: 1.42857;\">Regards,\r\n<br><br>RUA Bot</span><br></p>",
        "to": "[u'tech@ubiquitypress.com']",
        "book": 43,
        "sent": "2015-10-29T21:31:20.398Z",
        "subject": "New Submission"
    },
    "model": "core.emaillog",
    "pk": 168
},
{
    "fields": {
        "from_address": "main@localhost.com",
        "cc": "",
        "bcc": "",
        "content": "<p>Dear UP Tech,\r\n<br><br>Your submission has been received. An Editor will be in touch soon with the next steps.<br><br><span style=\"line-height: 1.42857;\">Regards,&nbsp;</span></p><p></p>",
        "to": "[u'tech@ubiquitypress.com']",
        "book": 44,
        "sent": "2015-10-29T21:32:05.714Z",
        "subject": "Submission Acknowledgement"
    },
    "model": "core.emaillog",
    "pk": 169
},
{
    "fields": {
        "from_address": "main@localhost.com",
        "cc": "",
        "bcc": "",
        "content": "<p><span style=\"line-height: 1.42857;\">A new submission has been uploaded.\r\n\r\nView the submission: http://localhost:8000/workflow/new/44\r\n<br></span></p><p><span style=\"line-height: 1.42857;\">Regards,\r\n<br><br>RUA Bot</span><br></p>",
        "to": "[u'tech@ubiquitypress.com']",
        "book": 44,
        "sent": "2015-10-29T21:32:05.725Z",
        "subject": "New Submission"
    },
    "model": "core.emaillog",
    "pk": 170
},
{
    "fields": {
        "from_address": "main@localhost.com",
        "cc": "",
        "bcc": "",
        "content": "<p>Dear UP Tech,\r\n<br><br>Your submission has been received. An Editor will be in touch soon with the next steps.<br><br><span style=\"line-height: 1.42857;\">Regards,&nbsp;</span></p><p></p>",
        "to": "[u'tech@ubiquitypress.com']",
        "book": 45,
        "sent": "2015-10-29T21:36:52.082Z",
        "subject": "Submission Acknowledgement"
    },
    "model": "core.emaillog",
    "pk": 171
},
{
    "fields": {
        "from_address": "main@localhost.com",
        "cc": "",
        "bcc": "",
        "content": "<p><span style=\"line-height: 1.42857;\">A new submission has been uploaded.\r\n\r\nView the submission: http://localhost:8000/workflow/new/45\r\n<br></span></p><p><span style=\"line-height: 1.42857;\">Regards,\r\n<br><br>RUA Bot</span><br></p>",
        "to": "[u'tech@ubiquitypress.com']",
        "book": 45,
        "sent": "2015-10-29T21:36:52.091Z",
        "subject": "New Submission"
    },
    "model": "core.emaillog",
    "pk": 172
},
{
    "fields": {
        "enabled": true,
        "name": "general"
    },
    "model": "core.settinggroup",
    "pk": 1
},
{
    "fields": {
        "enabled": true,
        "name": "page"
    },
    "model": "core.settinggroup",
    "pk": 2
},
{
    "fields": {
        "enabled": true,
        "name": "email"
    },
    "model": "core.settinggroup",
    "pk": 3
},
{
    "fields": {
        "enabled": true,
        "name": "look"
    },
    "model": "core.settinggroup",
    "pk": 4
},
{
    "fields": {
        "enabled": true,
        "name": "cron"
    },
    "model": "core.settinggroup",
    "pk": 5
},
{
    "fields": {
        "value": "The Press!",
        "group": 1,
        "name": "press_name",
        "types": "char"
    },
    "model": "core.setting",
    "pk": 1
},
{
    "fields": {
        "value": "<p>Footer</p>",
        "group": 1,
        "name": "footer",
        "types": "rich_text"
    },
    "model": "core.setting",
    "pk": 2
},
{
    "fields": {
        "value": "<h4>SUBMISSION PREPARATION CHECKLIST</h4><p>As part of the submission process, authors are required to check off their submission's compliance with all of the following items, and submissions may be returned to authors that do not adhere to these guidelines.</p><ul><li>The submission has not been previously published, nor is it before another press for consideration (or an explanation has been provided in Comments to the Editor).</li><li><span style=\"line-height: 1.42857;\">The submission file is in the Microsoft Word, RTF, OpenDocument, or WordPerfect file format.</span></li><li><span style=\"line-height: 1.42857;\">Where available, URLs for the references have been provided.</span></li><li><span style=\"line-height: 1.42857;\">The text is single-spaced; uses a 12-point font; employs italics, rather than underlining (except with URL addresses); and all illustrations, figures, and tables are placed within the text at the appropriate points, rather than at the end.</span></li><li><span style=\"line-height: 1.42857;\">The text adheres to the stylistic and bibliographic requirements outlined in the Author Guidelines, which is found in About the Press.</span></li></ul><h4>PRIVACY STATEMENT</h4><p>The names and email addresses entered in this press site will be used exclusively for the stated purposes of this press and will not be made available for any other purpose or to any other party.</p>",
        "group": 1,
        "name": "submission_guidelines",
        "types": "rich_text"
    },
    "model": "core.setting",
    "pk": 3
},
{
    "fields": {
        "value": "<p>This is a description block where information about this press can be entered. This text block should be replace with text pulled from a database setting at some point, though for now I don't really need it to.</p>\r\n<p>This press has some specialities like publishing Alien Autopsy reports and April Fools reviews</p><p>BOOYA!</p>",
        "group": 1,
        "name": "description",
        "types": "rich_text"
    },
    "model": "core.setting",
    "pk": 4
},
{
    "fields": {
        "value": "<p>Dear {{ review.user.first_name }} {{ review.user.last_name }},\r\n</p><p>\r\n__YOUR_MESSAGE_HERE__\r\n\r\nPlease log into the press web site to indicate whether you will undertake the review or not, as well as to access the submission and to record your review and recommendation.\r\n\r\nThe review itself is due {{ review.due }}.</p><p>\r\n\r\nThe Author has requested that this review be {{book.get_review_type_display}}.\r\n</p><p>\r\nPlease notify us if you intend to undertake the review by clicking this link: {{ decision_url }}\r\n</p><p>\r\nThank you for considering this request.\r\n</p><p>\r\nSincerely,</p><p>\r\nPress Team</p><p>{% if sender %}{{ sender.profile.signature|safe }}{% endif %}<br></p><p>\r\n</p>",
        "group": 3,
        "name": "review_request",
        "types": "rich_text"
    },
    "model": "core.setting",
    "pk": 5
},
{
    "fields": {
        "value": "abp",
        "group": 1,
        "name": "accronym",
        "types": "char"
    },
    "model": "core.setting",
    "pk": 6
},
{
    "fields": {
        "value": "localhost:8000",
        "group": 1,
        "name": "base_url",
        "types": "text"
    },
    "model": "core.setting",
    "pk": 7
},
{
    "fields": {
        "value": "main@localhost.com",
        "group": 3,
        "name": "from_address",
        "types": "rich_text"
    },
    "model": "core.setting",
    "pk": 8
},
{
    "fields": {
        "value": "Dear {{ review.user.first_name }} {{ review.user.last_name }},\r\n<br><br>__YOUR_MESSAGE_HERE__\r\n\r\nPlease log into the press web site to indicate whether you will undertake the review or not, as well as to access the submission and to record your review and recommendation.\r\n<br><br>The review itself is due {{ review.due }}.\r\n\r\nReview URL: {{ review_url }}\r\n<br><br>Thank you for considering this request.\r\n<br><br>Sincerely,\r\nPress Team\r\n",
        "group": 3,
        "name": "external_review_request",
        "types": "rich_text"
    },
    "model": "core.setting",
    "pk": 9
},
{
    "fields": {
        "value": "If you have any suggestions about who could review this book, please add them here. Please ensure you include a current, active, email address.",
        "group": 1,
        "name": "review_suggestions",
        "types": "rich_text"
    },
    "model": "core.setting",
    "pk": 11
},
{
    "fields": {
        "value": "on",
        "group": 1,
        "name": "ci_required",
        "types": "boolean"
    },
    "model": "core.setting",
    "pk": 12
},
{
    "fields": {
        "value": "Test",
        "group": 3,
        "name": "proposal_review_request",
        "types": "rich_text"
    },
    "model": "core.setting",
    "pk": 13
},
{
    "fields": {
        "value": "Dear {{submission.owner.first_name}} {{submission.owner.last_name}},\r\n<br><br>A contract has been uploaded by the Editor for you to review. Please login using the link below to review and sign off the contract.\r\n\r\n{{base_url}}/user/submission/{{submission.id}}\r\n\r\n<br><br>Regards<br>{% if sender %}{{ sender.profile.signature|safe }}{% endif %}<br>",
        "group": 3,
        "name": "contract_author_sign_off",
        "types": "rich_text"
    },
    "model": "core.setting",
    "pk": 14
},
{
    "fields": {
        "value": "14",
        "group": 5,
        "name": "remind_unaccepted_reviews",
        "types": "number"
    },
    "model": "core.setting",
    "pk": 15
},
{
    "fields": {
        "value": "<p>Dear {{review.user.profile.salutation}} {{review.user.last_name}},\r\n</p><p>\r\nThis is a gentle reminder that we requested you review a book for us called {{book.title}}. </p><p>This review is due to be completed by {{review.due:date\"c\"}}. </p><p>If you are unable to undertake this review, please let us know.\r\n</p><p>\r\nRegards,</p>",
        "group": 3,
        "name": "unaccepted_reminder",
        "types": "rich_text"
    },
    "model": "core.setting",
    "pk": 16
},
{
    "fields": {
        "value": "7",
        "group": 5,
        "name": "remind_accepted_reviews",
        "types": "number"
    },
    "model": "core.setting",
    "pk": 17
},
{
    "fields": {
        "value": "Dear {{review.user.profile.salutation}} {{review.user.last_name}},\r\n<br><br>This is a gentle reminder that you agreed to review a book for us called {{book.title}}. This review is due to be completed by {{review.due|date:\"c\"}}. If you are unable to undertake this review, please let us know.\r\n<br><br>Regards,<br>{% if sender %}{{ sender.profile.signature|safe }}{% endif %}<br>",
        "group": 3,
        "name": "accepted_reminder",
        "types": "rich_text"
    },
    "model": "core.setting",
    "pk": 18
},
{
    "fields": {
        "value": "5",
        "group": 5,
        "name": "remind_overdue_reviews",
        "types": "number"
    },
    "model": "core.setting",
    "pk": 19
},
{
    "fields": {
        "value": "<p>Dear {{review.user.profile.salutation}} {{review.user.last_name}},</p><p><br></p><p>This is a gentle reminder that you agreed to review a book for us called {{book.title}}. </p><p>This review is overdue, we requested that the review be completed by {{review.due|date:\"c\"}}. </p><p>If you are unable to undertake this review, please let us know.\r\n</p><p><br></p><p>\r\nRegards,</p>",
        "group": 3,
        "name": "overdue_reminder",
        "types": "rich_text"
    },
    "model": "core.setting",
    "pk": 20
},
{
    "fields": {
        "value": "1",
        "group": 1,
        "name": "proposal_form",
        "types": "number"
    },
    "model": "core.setting",
    "pk": 21
},
{
    "fields": {
        "value": "<p>Dear {{ revision.book.owner.first_name }} {{ revision.book.owner.last_name }},\r\n</p><p>\r\nWe think you should undertake some revisions to this article before it moves forward.\r\n</p><p>\r\nYou can submit revisions here: {{ revision_url }}\r\n</p><p>\r\nRegards,\r\n\r\n</p>",
        "group": 3,
        "name": "request_revisions",
        "types": "rich_text"
    },
    "model": "core.setting",
    "pk": 22
},
{
    "fields": {
        "value": "14",
        "group": 5,
        "name": "revisions_reminder",
        "types": "number"
    },
    "model": "core.setting",
    "pk": 23
},
{
    "fields": {
        "value": "<p>Dear {{review.user.profile.salutation}} {{review.user.last_name}},\r\n</p><p>\r\nThis is a gentle reminder that we requested you submit revisions for your book, {{book.title}}. </p><p>This revisions were due to be completed by {{review.due}}\r\n</p><p>\r\nRegards,</p>",
        "group": 3,
        "name": "revisions_reminder_email",
        "types": "rich_text"
    },
    "model": "core.setting",
    "pk": 24
},
{
    "fields": {
        "value": "Dear {% if copyedit.copyeditor.profile.salutation %}{{copyedit.copyeditor.profile.salutation}}{% else %}{{copyedit.copyeditor.first_name}}{% endif %} {{copyedit.copyeditor.last_name}},\r\n<br><br>This is a request that you undertake copyediting on {{submission.title}}. Please login to the BMS, you will be directed to undertake your copyedit from the user dashboard.\r\n<br><br>Your username is: {{copyedit.copyeditor.username}}\r\n<br><br>Copyedits are requested to be completed by: {{copyedit.due}}.\r\n<br><br>Regards<br>{% if sender %}{{ sender.profile.signature|safe }}{% endif %}<br>",
        "group": 3,
        "name": "copyedit_request",
        "types": "rich_text"
    },
    "model": "core.setting",
    "pk": 25
},
{
    "fields": {
        "value": "Hello Mr. Copyeditor. Please undertake this copyedit. You can download the files below and please upload the completed ones. If you have feedback for the Editor/Author fill in the notes box and this will be presented to both.<p></p>",
        "group": 1,
        "name": "copyedit_instructions",
        "types": "rich_text"
    },
    "model": "core.setting",
    "pk": 26
},
{
    "fields": {
        "value": "<p>Dear {{ submission.owner.first_name }} {{ submission.owner.last_name }},\r\n<br><br>The copyeditor has completed their work. You can login and review the copyedits now.\r\n<br></p><p>Regards,<br>{% if sender %}{{ sender.profile.signature|safe }}{% endif %}<br></p>",
        "group": 3,
        "name": "author_copyedit_request",
        "types": "rich_text"
    },
    "model": "core.setting",
    "pk": 27
},
{
    "fields": {
        "value": "<p>The Editor has requested that you approve some copyediting.</p>",
        "group": 1,
        "name": "copyedit_author_instructions",
        "types": "rich_text"
    },
    "model": "core.setting",
    "pk": 28
},
{
    "fields": {
        "value": "Dear {% if index.indexer.profile.salutation %}{{index.indexer.profile.salutation}}{% else %}{{index.indexer.first_name}}{% endif %} {{index.indexer.last_name}},\r\n<br><br>This is a request that you undertake copyediting on {{submission.title}}. Please login to the BMS, you will be directed to undertake your copyedit from the user dashboard.<br><br>Your username is: {{index.indexer.username}}<br><br>Copyedits are requested to be completed by: {{index.due}}.\r\n<br><br>Regards",
        "group": 3,
        "name": "index_request",
        "types": "rich_text"
    },
    "model": "core.setting",
    "pk": 29
},
{
    "fields": {
        "value": "<p>Please do some great indexing. Lots of love, Andy.</p>",
        "group": 1,
        "name": "index_instructions",
        "types": "rich_text"
    },
    "model": "core.setting",
    "pk": 30
},
{
    "fields": {
        "value": "<p>Dear {% if typeset.typesetter.profile.salutation %}{{typeset.typesetter.profile.salutation}}{% else %}{{typeset.typesetter.first_name}}{% endif %} {{typeset.typesetter.last_name}},\r\n</p><p>\r\nThis is a request that you undertake copyediting on {{submission.title}}. </p><p>Please login to the BMS, you will be directed to undertake your copyedit from the user dashboard.\r\n\r\nYour username is: {{typeset.typesetter.username}}\r\n\r\nCopyedits are requested to be completed by: {{typeset.due}}.\r\n</p><p>\r\nRegards,</p><p>{% if sender %}{{ sender.profile.signature|safe }}{% endif %}<br></p>",
        "group": 3,
        "name": "typeset_request",
        "types": "rich_text"
    },
    "model": "core.setting",
    "pk": 31
},
{
    "fields": {
        "value": "<p>Here are some instructions</p>",
        "group": 1,
        "name": "typeset_instructions",
        "types": "rich_text"
    },
    "model": "core.setting",
    "pk": 32
},
{
    "fields": {
        "value": "Dear {{ submission.owner.first_name }} {{ submission.owner.last_name }},<br><br>The typesetter has completed their work. You can login and review the typeset files now.<br><br>Regards,<br><br>{% if sender %}{{ sender.profile.signature }}{% endif %}",
        "group": 3,
        "name": "author_typeset_request",
        "types": "rich_text"
    },
    "model": "core.setting",
    "pk": 33
},
{
    "fields": {
        "value": "<p>DO SOMETHING! JUST. DO IT!<p>",
        "group": 1,
        "name": "typeset_author_instructions",
        "types": "rich_text"
    },
    "model": "core.setting",
    "pk": 34
},
{
    "fields": {
        "value": "<p>Dear {{typeset.typesetter.profile.full_name}},\r\n</p><p>\r\nDO SOME TYPESETTING PLEASE!\r\n</p><p>\r\nRegards,</p>",
        "group": 3,
        "name": "typesetter_typeset_request",
        "types": "rich_text"
    },
    "model": "core.setting",
    "pk": 35
},
{
    "fields": {
        "value": "<p>Dear {{ submission.owner.first_name }} {{ submission.owner.last_name }},\r\n<br><br>Your submission has been received. An Editor will be in touch soon with the next steps.<br><br><span style=\"line-height: 1.42857;\">Regards,&nbsp;</span></p><p>{{press.general.name}}</p>",
        "group": 3,
        "name": "author_submission_ack",
        "types": "rich_text"
    },
    "model": "core.setting",
    "pk": 36
},
{
    "fields": {
        "value": "<p><span style=\"line-height: 1.42857;\">A new submission has been uploaded.\r\n\r\nView the submission: http://{{base_url}}/workflow/new/{{submission.id}}\r\n<br></span></p><p><span style=\"line-height: 1.42857;\">Regards,\r\n<br><br>RUA Bot</span><br></p>",
        "group": 3,
        "name": "editor_submission_ack",
        "types": "rich_text"
    },
    "model": "core.setting",
    "pk": 37
},
{
    "fields": {
        "value": "<p>GO AWAY!</p><p>{% if sender %}{{ sender.profile.signature|safe }}{% endif %}<br></p>",
        "group": 3,
        "name": "proposal_accept",
        "types": "rich_text"
    },
    "model": "core.setting",
    "pk": 39
},
{
    "fields": {
        "value": "dsfff",
        "group": 3,
        "name": "proposal_decline",
        "types": "rich_text"
    },
    "model": "core.setting",
    "pk": 40
},
{
    "fields": {
        "value": "<p>Dear someone,\r\n</p><p>\r\nSomething something,\r\n</p><p>\r\nRegards,\r\n</p><p>\r\n{{ sender.profile.signature }}</p>",
        "group": 3,
        "name": "proposal_request_revisisons",
        "types": "rich_text"
    },
    "model": "core.setting",
    "pk": 41
},
{
    "fields": {
        "value": "afea9c80-b081-42e9-99bd-a4b710e6aafc..png",
        "group": 4,
        "name": "brand_header",
        "types": "file"
    },
    "model": "core.setting",
    "pk": 42
},
{
    "fields": {
        "value": "0791a2db-c180-4fe5-a951-dc002ae08fd6..ico",
        "group": 4,
        "name": "favicon",
        "types": "file"
    },
    "model": "core.setting",
    "pk": 43
},
{
    "fields": {
        "value": "Falkirk",
        "group": 1,
        "name": "city",
        "types": "text"
    },
    "model": "core.setting",
    "pk": 44
},
{
    "fields": {
        "value": "<p>You must agree to the below terms in order to submit your book to this press.</p>",
        "group": 1,
        "name": "submission_checklist_help",
        "types": "rich_text"
    },
    "model": "core.setting",
    "pk": 45
},
{
    "fields": {
        "proposal_fields": [],
        "intro_text": "sadasdasd",
        "completion_text": "asddassds",
        "ref": "dadasd",
        "name": "sdasdsad"
    },
    "model": "core.proposalform",
    "pk": 1
},
{
    "fields": {
        "field_type": "text",
        "required": true,
        "name": "sadasdsda",
        "choices": ""
    },
    "model": "core.proposalformelement",
    "pk": 1
},
{
    "fields": {
        "help_text": "asdasd",
        "width": "col-md-12",
        "order": 1,
        "form": 1,
        "element": 1
    },
    "model": "core.proposalformelementsrelationship",
    "pk": 1
}
]
