[
{
    "fields": {
        "domain": "example.com",
        "name": "example.com"
    },
    "model": "sites.site",
    "pk": 1
},
{
    "fields": {
        "model": "site",
        "app_label": "sites"
    },
    "model": "contenttypes.contenttype",
    "pk": 1
},
{
    "fields": {
        "model": "logentry",
        "app_label": "admin"
    },
    "model": "contenttypes.contenttype",
    "pk": 2
},
{
    "fields": {
        "model": "permission",
        "app_label": "auth"
    },
    "model": "contenttypes.contenttype",
    "pk": 3
},
{
    "fields": {
        "model": "group",
        "app_label": "auth"
    },
    "model": "contenttypes.contenttype",
    "pk": 4
},
{
    "fields": {
        "model": "user",
        "app_label": "auth"
    },
    "model": "contenttypes.contenttype",
    "pk": 5
},
{
    "fields": {
        "model": "contenttype",
        "app_label": "contenttypes"
    },
    "model": "contenttypes.contenttype",
    "pk": 6
},
{
    "fields": {
        "model": "session",
        "app_label": "sessions"
    },
    "model": "contenttypes.contenttype",
    "pk": 7
},
{
    "fields": {
        "model": "profile",
        "app_label": "core"
    },
    "model": "contenttypes.contenttype",
    "pk": 8
},
{
    "fields": {
        "model": "author",
        "app_label": "core"
    },
    "model": "contenttypes.contenttype",
    "pk": 9
},
{
    "fields": {
        "model": "book",
        "app_label": "core"
    },
    "model": "contenttypes.contenttype",
    "pk": 10
},
{
    "fields": {
        "model": "contract",
        "app_label": "core"
    },
    "model": "contenttypes.contenttype",
    "pk": 11
},
{
    "fields": {
        "model": "reviewround",
        "app_label": "core"
    },
    "model": "contenttypes.contenttype",
    "pk": 12
},
{
    "fields": {
        "model": "reviewassignment",
        "app_label": "core"
    },
    "model": "contenttypes.contenttype",
    "pk": 13
},
{
    "fields": {
        "model": "license",
        "app_label": "core"
    },
    "model": "contenttypes.contenttype",
    "pk": 14
},
{
    "fields": {
        "model": "series",
        "app_label": "core"
    },
    "model": "contenttypes.contenttype",
    "pk": 15
},
{
    "fields": {
        "model": "editor",
        "app_label": "core"
    },
    "model": "contenttypes.contenttype",
    "pk": 16
},
{
    "fields": {
        "model": "file",
        "app_label": "core"
    },
    "model": "contenttypes.contenttype",
    "pk": 17
},
{
    "fields": {
        "model": "fileversion",
        "app_label": "core"
    },
    "model": "contenttypes.contenttype",
    "pk": 18
},
{
    "fields": {
        "model": "subject",
        "app_label": "core"
    },
    "model": "contenttypes.contenttype",
    "pk": 19
},
{
    "fields": {
        "model": "keyword",
        "app_label": "core"
    },
    "model": "contenttypes.contenttype",
    "pk": 20
},
{
    "fields": {
        "model": "stage",
        "app_label": "core"
    },
    "model": "contenttypes.contenttype",
    "pk": 21
},
{
    "fields": {
        "model": "task",
        "app_label": "core"
    },
    "model": "contenttypes.contenttype",
    "pk": 22
},
{
    "fields": {
        "model": "role",
        "app_label": "core"
    },
    "model": "contenttypes.contenttype",
    "pk": 23
},
{
    "fields": {
        "model": "log",
        "app_label": "core"
    },
    "model": "contenttypes.contenttype",
    "pk": 24
},
{
    "fields": {
        "model": "settinggroup",
        "app_label": "core"
    },
    "model": "contenttypes.contenttype",
    "pk": 25
},
{
    "fields": {
        "model": "setting",
        "app_label": "core"
    },
    "model": "contenttypes.contenttype",
    "pk": 26
},
{
    "fields": {
        "model": "format",
        "app_label": "core"
    },
    "model": "contenttypes.contenttype",
    "pk": 27
},
{
    "fields": {
        "model": "chapter",
        "app_label": "core"
    },
    "model": "contenttypes.contenttype",
    "pk": 28
},
{
    "fields": {
        "model": "proposalform",
        "app_label": "core"
    },
    "model": "contenttypes.contenttype",
    "pk": 29
},
{
    "fields": {
        "model": "proposalformelement",
        "app_label": "core"
    },
    "model": "contenttypes.contenttype",
    "pk": 30
},
{
    "fields": {
        "model": "proposalformelementsrelationship",
        "app_label": "core"
    },
    "model": "contenttypes.contenttype",
    "pk": 31
},
{
    "fields": {
        "model": "proposal",
        "app_label": "submission"
    },
    "model": "contenttypes.contenttype",
    "pk": 32
},
{
    "fields": {
        "model": "submissionchecklistitem",
        "app_label": "submission"
    },
    "model": "contenttypes.contenttype",
    "pk": 33
},
{
    "fields": {
        "model": "proposalreview",
        "app_label": "submission"
    },
    "model": "contenttypes.contenttype",
    "pk": 34
},
{
    "fields": {
        "model": "group",
        "app_label": "manager"
    },
    "model": "contenttypes.contenttype",
    "pk": 35
},
{
    "fields": {
        "model": "groupmembership",
        "app_label": "manager"
    },
    "model": "contenttypes.contenttype",
    "pk": 36
},
{
    "fields": {
        "model": "form",
        "app_label": "review"
    },
    "model": "contenttypes.contenttype",
    "pk": 37
},
{
    "fields": {
        "model": "formresult",
        "app_label": "review"
    },
    "model": "contenttypes.contenttype",
    "pk": 38
},
{
    "fields": {
        "model": "formelement",
        "app_label": "review"
    },
    "model": "contenttypes.contenttype",
    "pk": 39
},
{
    "fields": {
        "model": "formelementsrelationship",
        "app_label": "review"
    },
    "model": "contenttypes.contenttype",
    "pk": 40
},
{
    "fields": {
        "model": "crontask",
        "app_label": "cron"
    },
    "model": "contenttypes.contenttype",
    "pk": 41
},
{
    "fields": {
        "model": "attachment",
        "app_label": "django_summernote"
    },
    "model": "contenttypes.contenttype",
    "pk": 42
},
{
    "fields": {
        "model": "emailaddress",
        "app_label": "account"
    },
    "model": "contenttypes.contenttype",
    "pk": 43
},
{
    "fields": {
        "model": "emailconfirmation",
        "app_label": "account"
    },
    "model": "contenttypes.contenttype",
    "pk": 44
},
{
    "fields": {
        "model": "socialapp",
        "app_label": "socialaccount"
    },
    "model": "contenttypes.contenttype",
    "pk": 45
},
{
    "fields": {
        "model": "socialaccount",
        "app_label": "socialaccount"
    },
    "model": "contenttypes.contenttype",
    "pk": 46
},
{
    "fields": {
        "model": "socialtoken",
        "app_label": "socialaccount"
    },
    "model": "contenttypes.contenttype",
    "pk": 47
},
{
    "fields": {
        "model": "revision",
        "app_label": "revisions"
    },
    "model": "contenttypes.contenttype",
    "pk": 48
},
{
    "fields": {
        "model": "identifier",
        "app_label": "core"
    },
    "model": "contenttypes.contenttype",
    "pk": 49
},
{
    "fields": {
        "model": "printsales",
        "app_label": "core"
    },
    "model": "contenttypes.contenttype",
    "pk": 50
},
{
    "fields": {
        "model": "language",
        "app_label": "core"
    },
    "model": "contenttypes.contenttype",
    "pk": 51
},
{
    "fields": {
        "model": "copyeditassignment",
        "app_label": "core"
    },
    "model": "contenttypes.contenttype",
    "pk": 52
},
{
    "fields": {
        "model": "indexassignment",
        "app_label": "core"
    },
    "model": "contenttypes.contenttype",
    "pk": 53
},
{
    "fields": {
        "model": "typesetassignment",
        "app_label": "core"
    },
    "model": "contenttypes.contenttype",
    "pk": 54
},
{
    "fields": {
        "expire_date": "2015-09-09T11:29:59.141Z",
        "session_data": "MGVhM2U5YzFhY2E0YzczY2RjMjk0ODg3NzkyOWZjNGMwZjJlM2M2NTp7fQ=="
    },
    "model": "sessions.session",
    "pk": "051fhu00nk3vc1yder0ispg7y2n3dysg"
},
{
    "fields": {
        "expire_date": "2015-09-08T13:06:59.099Z",
        "session_data": "MGVhM2U5YzFhY2E0YzczY2RjMjk0ODg3NzkyOWZjNGMwZjJlM2M2NTp7fQ=="
    },
    "model": "sessions.session",
    "pk": "0e4c82wicc50o9vhxxrug69in50ai8ly"
},
{
    "fields": {
        "expire_date": "2015-09-08T16:15:29.969Z",
        "session_data": "MGVhM2U5YzFhY2E0YzczY2RjMjk0ODg3NzkyOWZjNGMwZjJlM2M2NTp7fQ=="
    },
    "model": "sessions.session",
    "pk": "0wdceaks5gxusy4ysb38pn7ms765tbba"
},
{
    "fields": {
        "expire_date": "2015-09-08T16:16:49.726Z",
        "session_data": "MGVhM2U5YzFhY2E0YzczY2RjMjk0ODg3NzkyOWZjNGMwZjJlM2M2NTp7fQ=="
    },
    "model": "sessions.session",
    "pk": "0wlgrofm77gwczque1oapdyvlbtw48fz"
},
{
    "fields": {
        "expire_date": "2015-09-08T10:21:03.839Z",
        "session_data": "MGVhM2U5YzFhY2E0YzczY2RjMjk0ODg3NzkyOWZjNGMwZjJlM2M2NTp7fQ=="
    },
    "model": "sessions.session",
    "pk": "0wvuzdctssa6i8mrjjyu7dslcl58gduq"
},
{
    "fields": {
        "expire_date": "2015-09-08T13:26:45.576Z",
        "session_data": "YjhjMWQ1ODExODBjYmFhNWM4MjIxMDQ3NWM3N2ZiMjBhZjYzNjE1MDp7Il9hdXRoX3VzZXJfaGFzaCI6ImM5NDdkMTJmMjFlZjJkMGU3ZTlmMDYxNjdmZjAyNTg3NjMxNTI4N2MiLCJfYXV0aF91c2VyX2JhY2tlbmQiOiJkamFuZ28uY29udHJpYi5hdXRoLmJhY2tlbmRzLk1vZGVsQmFja2VuZCIsIl9hdXRoX3VzZXJfaWQiOiIxIn0="
    },
    "model": "sessions.session",
    "pk": "21fpngzqunvyzeem3fyxutewbjsawwre"
},
{
    "fields": {
        "expire_date": "2015-09-10T10:23:26.374Z",
        "session_data": "YjhjMWQ1ODExODBjYmFhNWM4MjIxMDQ3NWM3N2ZiMjBhZjYzNjE1MDp7Il9hdXRoX3VzZXJfaGFzaCI6ImM5NDdkMTJmMjFlZjJkMGU3ZTlmMDYxNjdmZjAyNTg3NjMxNTI4N2MiLCJfYXV0aF91c2VyX2JhY2tlbmQiOiJkamFuZ28uY29udHJpYi5hdXRoLmJhY2tlbmRzLk1vZGVsQmFja2VuZCIsIl9hdXRoX3VzZXJfaWQiOiIxIn0="
    },
    "model": "sessions.session",
    "pk": "290grpxkfbcw8mrrl4g4xtvbu3w7y6qi"
},
{
    "fields": {
        "expire_date": "2015-09-09T11:50:59.218Z",
        "session_data": "MGVhM2U5YzFhY2E0YzczY2RjMjk0ODg3NzkyOWZjNGMwZjJlM2M2NTp7fQ=="
    },
    "model": "sessions.session",
    "pk": "2heo5qhkxdqtsoncu1m7rmme3bras95a"
},
{
    "fields": {
        "expire_date": "2015-09-14T13:26:56.110Z",
        "session_data": "MGVhM2U5YzFhY2E0YzczY2RjMjk0ODg3NzkyOWZjNGMwZjJlM2M2NTp7fQ=="
    },
    "model": "sessions.session",
    "pk": "3otlscmichs2ovqm4t3hoxes7zao7bu2"
},
{
    "fields": {
        "expire_date": "2015-09-10T13:00:22.365Z",
        "session_data": "YjhjMWQ1ODExODBjYmFhNWM4MjIxMDQ3NWM3N2ZiMjBhZjYzNjE1MDp7Il9hdXRoX3VzZXJfaGFzaCI6ImM5NDdkMTJmMjFlZjJkMGU3ZTlmMDYxNjdmZjAyNTg3NjMxNTI4N2MiLCJfYXV0aF91c2VyX2JhY2tlbmQiOiJkamFuZ28uY29udHJpYi5hdXRoLmJhY2tlbmRzLk1vZGVsQmFja2VuZCIsIl9hdXRoX3VzZXJfaWQiOiIxIn0="
    },
    "model": "sessions.session",
    "pk": "3s2kolj027zi66vf96y28kra3x4dm00k"
},
{
    "fields": {
        "expire_date": "2015-09-14T13:47:56.256Z",
        "session_data": "MGVhM2U5YzFhY2E0YzczY2RjMjk0ODg3NzkyOWZjNGMwZjJlM2M2NTp7fQ=="
    },
    "model": "sessions.session",
    "pk": "3usnys3col8n2iu43pkpk3j2msmhs5wl"
},
{
    "fields": {
        "expire_date": "2015-09-08T11:45:04.121Z",
        "session_data": "MGVhM2U5YzFhY2E0YzczY2RjMjk0ODg3NzkyOWZjNGMwZjJlM2M2NTp7fQ=="
    },
    "model": "sessions.session",
    "pk": "3wfh6vo43ls0vxnsopg9bytcqtggi3id"
},
{
    "fields": {
        "expire_date": "2015-09-10T10:05:17.628Z",
        "session_data": "MGVhM2U5YzFhY2E0YzczY2RjMjk0ODg3NzkyOWZjNGMwZjJlM2M2NTp7fQ=="
    },
    "model": "sessions.session",
    "pk": "4o3o2yuuhlcm673cu2fxdo89i5ugrg8e"
},
{
    "fields": {
        "expire_date": "2015-09-08T09:49:33.592Z",
        "session_data": "MGVhM2U5YzFhY2E0YzczY2RjMjk0ODg3NzkyOWZjNGMwZjJlM2M2NTp7fQ=="
    },
    "model": "sessions.session",
    "pk": "5oqmndzyj5sv0b2bni8k1pwg469sntwa"
},
{
    "fields": {
        "expire_date": "2015-09-08T10:00:03.624Z",
        "session_data": "MGVhM2U5YzFhY2E0YzczY2RjMjk0ODg3NzkyOWZjNGMwZjJlM2M2NTp7fQ=="
    },
    "model": "sessions.session",
    "pk": "7umfbc1e7qdl45kdlf02wbs2n5md9690"
},
{
    "fields": {
        "expire_date": "2015-09-08T10:42:03.834Z",
        "session_data": "MGVhM2U5YzFhY2E0YzczY2RjMjk0ODg3NzkyOWZjNGMwZjJlM2M2NTp7fQ=="
    },
    "model": "sessions.session",
    "pk": "876g668jglysxmr7n0bvai6pdskw8s5m"
},
{
    "fields": {
        "expire_date": "2015-09-15T17:05:51.939Z",
        "session_data": "MGVhM2U5YzFhY2E0YzczY2RjMjk0ODg3NzkyOWZjNGMwZjJlM2M2NTp7fQ=="
    },
    "model": "sessions.session",
    "pk": "96mlh22q8ji5moyy3c2uleagz22ed71f"
},
{
    "fields": {
        "expire_date": "2015-09-14T11:38:55.035Z",
        "session_data": "MGVhM2U5YzFhY2E0YzczY2RjMjk0ODg3NzkyOWZjNGMwZjJlM2M2NTp7fQ=="
    },
    "model": "sessions.session",
    "pk": "9glhfbrlp75cl3jxenmlcvlxrfqmekfx"
},
{
    "fields": {
        "expire_date": "2015-09-09T09:19:25.161Z",
        "session_data": "NGFhMDBjZDllYWZjOGY3N2MzNmIxMWM0ZDBlMWM0ODlkY2ZhMTcxYzp7Il9hdXRoX3VzZXJfaGFzaCI6IjBhNjI2NDdkMzdlNzllOTk2YTE0ZmViNWU5YjBmMTU4MzZlNDgyMTUiLCJfYXV0aF91c2VyX2JhY2tlbmQiOiJkamFuZ28uY29udHJpYi5hdXRoLmJhY2tlbmRzLk1vZGVsQmFja2VuZCIsIl9hdXRoX3VzZXJfaWQiOiIyIn0="
    },
    "model": "sessions.session",
    "pk": "9hyafoc4a5n1bhjjeeb7po28jbrhisbu"
},
{
    "fields": {
        "expire_date": "2015-09-07T10:40:22.161Z",
        "session_data": "YjhjMWQ1ODExODBjYmFhNWM4MjIxMDQ3NWM3N2ZiMjBhZjYzNjE1MDp7Il9hdXRoX3VzZXJfaGFzaCI6ImM5NDdkMTJmMjFlZjJkMGU3ZTlmMDYxNjdmZjAyNTg3NjMxNTI4N2MiLCJfYXV0aF91c2VyX2JhY2tlbmQiOiJkamFuZ28uY29udHJpYi5hdXRoLmJhY2tlbmRzLk1vZGVsQmFja2VuZCIsIl9hdXRoX3VzZXJfaWQiOiIxIn0="
    },
    "model": "sessions.session",
    "pk": "azkn173iojqiodiwbva0c3v8gataruip"
},
{
    "fields": {
        "expire_date": "2015-09-09T12:01:32.048Z",
        "session_data": "MGVhM2U5YzFhY2E0YzczY2RjMjk0ODg3NzkyOWZjNGMwZjJlM2M2NTp7fQ=="
    },
    "model": "sessions.session",
    "pk": "b6wf9dxxdzqol0fvjvxwj7b84aii9m8m"
},
{
    "fields": {
        "expire_date": "2015-09-08T11:55:34.184Z",
        "session_data": "MGVhM2U5YzFhY2E0YzczY2RjMjk0ODg3NzkyOWZjNGMwZjJlM2M2NTp7fQ=="
    },
    "model": "sessions.session",
    "pk": "bm0wx52a7rvssw7qg56prsbw050jm26d"
},
{
    "fields": {
        "expire_date": "2015-09-15T17:16:22.000Z",
        "session_data": "MGVhM2U5YzFhY2E0YzczY2RjMjk0ODg3NzkyOWZjNGMwZjJlM2M2NTp7fQ=="
    },
    "model": "sessions.session",
    "pk": "bpmgpg1epg16hjranh9v2y349fjdlll8"
},
{
    "fields": {
        "expire_date": "2015-09-15T17:29:05.348Z",
        "session_data": "MGVhM2U5YzFhY2E0YzczY2RjMjk0ODg3NzkyOWZjNGMwZjJlM2M2NTp7fQ=="
    },
    "model": "sessions.session",
    "pk": "d03xazsjbe1msl4vmihzxx0iyono4p2f"
},
{
    "fields": {
        "expire_date": "2015-09-08T09:39:16.995Z",
        "session_data": "MGVhM2U5YzFhY2E0YzczY2RjMjk0ODg3NzkyOWZjNGMwZjJlM2M2NTp7fQ=="
    },
    "model": "sessions.session",
    "pk": "dd8ajqii77zr9pu9clxrg7tfay5n5e58"
},
{
    "fields": {
        "expire_date": "2015-09-08T13:17:29.037Z",
        "session_data": "MGVhM2U5YzFhY2E0YzczY2RjMjk0ODg3NzkyOWZjNGMwZjJlM2M2NTp7fQ=="
    },
    "model": "sessions.session",
    "pk": "dl09qi1j4p6vobqmsu5kpmcb50wtjbfi"
},
{
    "fields": {
        "expire_date": "2015-09-09T12:32:59.427Z",
        "session_data": "MGVhM2U5YzFhY2E0YzczY2RjMjk0ODg3NzkyOWZjNGMwZjJlM2M2NTp7fQ=="
    },
    "model": "sessions.session",
    "pk": "e8fixz8sucx6mmr0rqdgsccmp8fofys4"
},
{
    "fields": {
        "expire_date": "2015-09-08T11:13:33.961Z",
        "session_data": "MGVhM2U5YzFhY2E0YzczY2RjMjk0ODg3NzkyOWZjNGMwZjJlM2M2NTp7fQ=="
    },
    "model": "sessions.session",
    "pk": "enxboqy3c2qlwhy3ddis37swjyzfihzp"
},
{
    "fields": {
        "expire_date": "2015-09-08T12:16:34.288Z",
        "session_data": "MGVhM2U5YzFhY2E0YzczY2RjMjk0ODg3NzkyOWZjNGMwZjJlM2M2NTp7fQ=="
    },
    "model": "sessions.session",
    "pk": "erun05bw82ryjggyqm5w9zlcheurvobl"
},
{
    "fields": {
        "expire_date": "2015-09-10T15:30:49.226Z",
        "session_data": "MGVhM2U5YzFhY2E0YzczY2RjMjk0ODg3NzkyOWZjNGMwZjJlM2M2NTp7fQ=="
    },
    "model": "sessions.session",
    "pk": "g92ylg8yb3j9b97b8nrviepbp5fdatet"
},
{
    "fields": {
        "expire_date": "2015-09-08T09:39:03.611Z",
        "session_data": "MGVhM2U5YzFhY2E0YzczY2RjMjk0ODg3NzkyOWZjNGMwZjJlM2M2NTp7fQ=="
    },
    "model": "sessions.session",
    "pk": "ga1r5f3at15f8tf0e3llvz84aivjmi76"
},
{
    "fields": {
        "expire_date": "2015-09-08T14:30:59.469Z",
        "session_data": "MGVhM2U5YzFhY2E0YzczY2RjMjk0ODg3NzkyOWZjNGMwZjJlM2M2NTp7fQ=="
    },
    "model": "sessions.session",
    "pk": "gcr8172aervjh7vywecojw2isktoaoj0"
},
{
    "fields": {
        "expire_date": "2015-09-08T12:56:28.941Z",
        "session_data": "MGVhM2U5YzFhY2E0YzczY2RjMjk0ODg3NzkyOWZjNGMwZjJlM2M2NTp7fQ=="
    },
    "model": "sessions.session",
    "pk": "h8d6ysbgffkpu3obddszyzrxw1fnx9gd"
},
{
    "fields": {
        "expire_date": "2015-09-08T14:31:47.203Z",
        "session_data": "YjhjMWQ1ODExODBjYmFhNWM4MjIxMDQ3NWM3N2ZiMjBhZjYzNjE1MDp7Il9hdXRoX3VzZXJfaGFzaCI6ImM5NDdkMTJmMjFlZjJkMGU3ZTlmMDYxNjdmZjAyNTg3NjMxNTI4N2MiLCJfYXV0aF91c2VyX2JhY2tlbmQiOiJkamFuZ28uY29udHJpYi5hdXRoLmJhY2tlbmRzLk1vZGVsQmFja2VuZCIsIl9hdXRoX3VzZXJfaWQiOiIxIn0="
    },
    "model": "sessions.session",
    "pk": "ihz1od5llbu02bso2jgb537r4cdf9ccm"
},
{
    "fields": {
        "expire_date": "2015-09-08T16:04:59.946Z",
        "session_data": "MGVhM2U5YzFhY2E0YzczY2RjMjk0ODg3NzkyOWZjNGMwZjJlM2M2NTp7fQ=="
    },
    "model": "sessions.session",
    "pk": "j2f32yugp9c2tdgevd57ht18cd65h4zv"
},
{
    "fields": {
        "expire_date": "2015-09-15T17:29:10.381Z",
        "session_data": "YjhjMWQ1ODExODBjYmFhNWM4MjIxMDQ3NWM3N2ZiMjBhZjYzNjE1MDp7Il9hdXRoX3VzZXJfaGFzaCI6ImM5NDdkMTJmMjFlZjJkMGU3ZTlmMDYxNjdmZjAyNTg3NjMxNTI4N2MiLCJfYXV0aF91c2VyX2JhY2tlbmQiOiJkamFuZ28uY29udHJpYi5hdXRoLmJhY2tlbmRzLk1vZGVsQmFja2VuZCIsIl9hdXRoX3VzZXJfaWQiOiIxIn0="
    },
    "model": "sessions.session",
    "pk": "ktj8of9f074o4hq3xah3dqafehepzixp"
},
{
    "fields": {
        "expire_date": "2015-09-09T12:22:29.377Z",
        "session_data": "MGVhM2U5YzFhY2E0YzczY2RjMjk0ODg3NzkyOWZjNGMwZjJlM2M2NTp7fQ=="
    },
    "model": "sessions.session",
    "pk": "l3u83td4sispfscrh382rsyh48m3k6tn"
},
{
    "fields": {
        "expire_date": "2015-09-08T12:06:04.238Z",
        "session_data": "MGVhM2U5YzFhY2E0YzczY2RjMjk0ODg3NzkyOWZjNGMwZjJlM2M2NTp7fQ=="
    },
    "model": "sessions.session",
    "pk": "l4i593m2wmqquxo6868l56pc416v7va4"
},
{
    "fields": {
        "expire_date": "2015-09-08T11:24:04.116Z",
        "session_data": "MGVhM2U5YzFhY2E0YzczY2RjMjk0ODg3NzkyOWZjNGMwZjJlM2M2NTp7fQ=="
    },
    "model": "sessions.session",
    "pk": "lfylwhv2t1uwaapfcs54bsyr8rjv1l7s"
},
{
    "fields": {
        "expire_date": "2015-09-14T14:32:58.295Z",
        "session_data": "MGVhM2U5YzFhY2E0YzczY2RjMjk0ODg3NzkyOWZjNGMwZjJlM2M2NTp7fQ=="
    },
    "model": "sessions.session",
    "pk": "lswyl6n37tzm6nija3x8ypwlptk5sip5"
},
{
    "fields": {
        "expire_date": "2015-09-15T17:06:08.836Z",
        "session_data": "MGVhM2U5YzFhY2E0YzczY2RjMjk0ODg3NzkyOWZjNGMwZjJlM2M2NTp7fQ=="
    },
    "model": "sessions.session",
    "pk": "lydio66fx9uw611kxyt64qvqqgb78v23"
},
{
    "fields": {
        "expire_date": "2015-09-09T12:35:05.519Z",
        "session_data": "YjhjMWQ1ODExODBjYmFhNWM4MjIxMDQ3NWM3N2ZiMjBhZjYzNjE1MDp7Il9hdXRoX3VzZXJfaGFzaCI6ImM5NDdkMTJmMjFlZjJkMGU3ZTlmMDYxNjdmZjAyNTg3NjMxNTI4N2MiLCJfYXV0aF91c2VyX2JhY2tlbmQiOiJkamFuZ28uY29udHJpYi5hdXRoLmJhY2tlbmRzLk1vZGVsQmFja2VuZCIsIl9hdXRoX3VzZXJfaWQiOiIxIn0="
    },
    "model": "sessions.session",
    "pk": "m0ptyd8gu1cds4histb6xqpmy2wl65hk"
},
{
    "fields": {
        "expire_date": "2015-09-14T13:37:26.188Z",
        "session_data": "MGVhM2U5YzFhY2E0YzczY2RjMjk0ODg3NzkyOWZjNGMwZjJlM2M2NTp7fQ=="
    },
    "model": "sessions.session",
    "pk": "nmk8jrl0qpcu0kk88nox1yqasswxugri"
},
{
    "fields": {
        "expire_date": "2015-09-08T11:34:34.074Z",
        "session_data": "MGVhM2U5YzFhY2E0YzczY2RjMjk0ODg3NzkyOWZjNGMwZjJlM2M2NTp7fQ=="
    },
    "model": "sessions.session",
    "pk": "ojih6qds61ozw9ob9ls5ufffm1unjio7"
},
{
    "fields": {
        "expire_date": "2015-09-09T11:40:29.343Z",
        "session_data": "MGVhM2U5YzFhY2E0YzczY2RjMjk0ODg3NzkyOWZjNGMwZjJlM2M2NTp7fQ=="
    },
    "model": "sessions.session",
    "pk": "ourmbxf6rzxuavbu6e56ug49goab4edj"
},
{
    "fields": {
        "expire_date": "2015-09-10T15:20:19.218Z",
        "session_data": "MGVhM2U5YzFhY2E0YzczY2RjMjk0ODg3NzkyOWZjNGMwZjJlM2M2NTp7fQ=="
    },
    "model": "sessions.session",
    "pk": "oz30i83ti76lmad37kfatiob924n3shd"
},
{
    "fields": {
        "expire_date": "2015-09-08T10:10:33.731Z",
        "session_data": "MGVhM2U5YzFhY2E0YzczY2RjMjk0ODg3NzkyOWZjNGMwZjJlM2M2NTp7fQ=="
    },
    "model": "sessions.session",
    "pk": "pco92g5anyyfl53dsyl99ck8rmjf3r55"
},
{
    "fields": {
        "expire_date": "2015-09-08T16:16:59.392Z",
        "session_data": "MGVhM2U5YzFhY2E0YzczY2RjMjk0ODg3NzkyOWZjNGMwZjJlM2M2NTp7fQ=="
    },
    "model": "sessions.session",
    "pk": "px5y443koxrklvux96cs54wlraa8fs4f"
},
{
    "fields": {
        "expire_date": "2015-09-14T11:28:24.983Z",
        "session_data": "MGVhM2U5YzFhY2E0YzczY2RjMjk0ODg3NzkyOWZjNGMwZjJlM2M2NTp7fQ=="
    },
    "model": "sessions.session",
    "pk": "qnwhzeiv153ty54jlohf8rknk0j82it0"
},
{
    "fields": {
        "expire_date": "2015-09-08T11:03:03.917Z",
        "session_data": "MGVhM2U5YzFhY2E0YzczY2RjMjk0ODg3NzkyOWZjNGMwZjJlM2M2NTp7fQ=="
    },
    "model": "sessions.session",
    "pk": "qtt93i4uwlft2xt1ug7x9abhmgotckus"
},
{
    "fields": {
        "expire_date": "2015-09-14T13:58:26.281Z",
        "session_data": "MGVhM2U5YzFhY2E0YzczY2RjMjk0ODg3NzkyOWZjNGMwZjJlM2M2NTp7fQ=="
    },
    "model": "sessions.session",
    "pk": "qy8k6lzvckufh427lz5uoc7t56usw560"
},
{
    "fields": {
        "expire_date": "2015-09-08T10:52:33.897Z",
        "session_data": "MGVhM2U5YzFhY2E0YzczY2RjMjk0ODg3NzkyOWZjNGMwZjJlM2M2NTp7fQ=="
    },
    "model": "sessions.session",
    "pk": "rx5kf2yc1w6dfn7dp7jusrcbc8rmqak5"
},
{
    "fields": {
        "expire_date": "2015-09-14T14:34:55.807Z",
        "session_data": "YjhjMWQ1ODExODBjYmFhNWM4MjIxMDQ3NWM3N2ZiMjBhZjYzNjE1MDp7Il9hdXRoX3VzZXJfaGFzaCI6ImM5NDdkMTJmMjFlZjJkMGU3ZTlmMDYxNjdmZjAyNTg3NjMxNTI4N2MiLCJfYXV0aF91c2VyX2JhY2tlbmQiOiJkamFuZ28uY29udHJpYi5hdXRoLmJhY2tlbmRzLk1vZGVsQmFja2VuZCIsIl9hdXRoX3VzZXJfaWQiOiIxIn0="
    },
    "model": "sessions.session",
    "pk": "sz3yrwbe5wt8ps99bj0egetxmygqb8l5"
},
{
    "fields": {
        "expire_date": "2015-09-08T15:54:30.117Z",
        "session_data": "MGVhM2U5YzFhY2E0YzczY2RjMjk0ODg3NzkyOWZjNGMwZjJlM2M2NTp7fQ=="
    },
    "model": "sessions.session",
    "pk": "u6cviiubcckiwve3bb22ix9qjclel8lt"
},
{
    "fields": {
        "expire_date": "2015-09-08T10:31:33.810Z",
        "session_data": "MGVhM2U5YzFhY2E0YzczY2RjMjk0ODg3NzkyOWZjNGMwZjJlM2M2NTp7fQ=="
    },
    "model": "sessions.session",
    "pk": "ud241f93f34wwl4jjrabji6i357krj23"
},
{
    "fields": {
        "expire_date": "2015-09-10T10:15:47.661Z",
        "session_data": "MGVhM2U5YzFhY2E0YzczY2RjMjk0ODg3NzkyOWZjNGMwZjJlM2M2NTp7fQ=="
    },
    "model": "sessions.session",
    "pk": "up3dh3ddb449x4qvwrw4mb08jw9ma3rv"
},
{
    "fields": {
        "expire_date": "2015-09-09T11:31:30.128Z",
        "session_data": "MGVhM2U5YzFhY2E0YzczY2RjMjk0ODg3NzkyOWZjNGMwZjJlM2M2NTp7fQ=="
    },
    "model": "sessions.session",
    "pk": "v4d2i77jgatu0w1mneotsb6w4xujf5il"
},
{
    "fields": {
        "expire_date": "2015-09-15T17:26:52.070Z",
        "session_data": "MGVhM2U5YzFhY2E0YzczY2RjMjk0ODg3NzkyOWZjNGMwZjJlM2M2NTp7fQ=="
    },
    "model": "sessions.session",
    "pk": "vbce7antj3fjhu8jste4ul5ez9433m43"
},
{
    "fields": {
        "expire_date": "2015-09-09T12:11:59.383Z",
        "session_data": "MGVhM2U5YzFhY2E0YzczY2RjMjk0ODg3NzkyOWZjNGMwZjJlM2M2NTp7fQ=="
    },
    "model": "sessions.session",
    "pk": "vg7tj87kmzdxynicmsb9t1y0lrc3xebw"
},
{
    "fields": {
        "expire_date": "2015-09-11T15:04:37.705Z",
        "session_data": "YjhjMWQ1ODExODBjYmFhNWM4MjIxMDQ3NWM3N2ZiMjBhZjYzNjE1MDp7Il9hdXRoX3VzZXJfaGFzaCI6ImM5NDdkMTJmMjFlZjJkMGU3ZTlmMDYxNjdmZjAyNTg3NjMxNTI4N2MiLCJfYXV0aF91c2VyX2JhY2tlbmQiOiJkamFuZ28uY29udHJpYi5hdXRoLmJhY2tlbmRzLk1vZGVsQmFja2VuZCIsIl9hdXRoX3VzZXJfaWQiOiIxIn0="
    },
    "model": "sessions.session",
    "pk": "w2rgis0p6wvq3ckh1b3f0ugv8ra7uns2"
},
{
    "fields": {
        "expire_date": "2015-09-10T16:12:48.966Z",
        "session_data": "YjhjMWQ1ODExODBjYmFhNWM4MjIxMDQ3NWM3N2ZiMjBhZjYzNjE1MDp7Il9hdXRoX3VzZXJfaGFzaCI6ImM5NDdkMTJmMjFlZjJkMGU3ZTlmMDYxNjdmZjAyNTg3NjMxNTI4N2MiLCJfYXV0aF91c2VyX2JhY2tlbmQiOiJkamFuZ28uY29udHJpYi5hdXRoLmJhY2tlbmRzLk1vZGVsQmFja2VuZCIsIl9hdXRoX3VzZXJfaWQiOiIxIn0="
    },
    "model": "sessions.session",
    "pk": "y5t74zv31lxqk4mkj24naudl33wshta1"
},
{
    "fields": {
        "expire_date": "2015-09-03T13:34:49.134Z",
        "session_data": "YjhjMWQ1ODExODBjYmFhNWM4MjIxMDQ3NWM3N2ZiMjBhZjYzNjE1MDp7Il9hdXRoX3VzZXJfaGFzaCI6ImM5NDdkMTJmMjFlZjJkMGU3ZTlmMDYxNjdmZjAyNTg3NjMxNTI4N2MiLCJfYXV0aF91c2VyX2JhY2tlbmQiOiJkamFuZ28uY29udHJpYi5hdXRoLmJhY2tlbmRzLk1vZGVsQmFja2VuZCIsIl9hdXRoX3VzZXJfaWQiOiIxIn0="
    },
    "model": "sessions.session",
    "pk": "zbsp1or4kjzrwi5ycroc3lguupoly2p5"
},
{
    "fields": {
        "code": "abk",
        "display": "Abkhazian"
    },
    "model": "core.language",
    "pk": 1
},
{
    "fields": {
        "code": "afr",
        "display": "Afrikaans"
    },
    "model": "core.language",
    "pk": 8
},
{
    "fields": {
        "code": "afa",
        "display": "Afro-Asiatic languages"
    },
    "model": "core.language",
    "pk": 9
},
{
    "fields": {
        "code": "amh",
        "display": "Amharic"
    },
    "model": "core.language",
    "pk": 17
},
{
    "fields": {
        "code": "anp",
        "display": "Angika"
    },
    "model": "core.language",
    "pk": 18
},
{
    "fields": {
        "code": "apa",
        "display": "Apache languages"
    },
    "model": "core.language",
    "pk": 19
},
{
    "fields": {
        "code": "ara",
        "display": "Arabic"
    },
    "model": "core.language",
    "pk": 20
},
{
    "fields": {
        "code": "hye",
        "display": "Armenian"
    },
    "model": "core.language",
    "pk": 24
},
{
    "fields": {
        "code": "asm",
        "display": "Assamese"
    },
    "model": "core.language",
    "pk": 27
},
{
    "fields": {
        "code": "ast",
        "display": "Asturian; Bable; Leonese; Asturleonese"
    },
    "model": "core.language",
    "pk": 28
},
{
    "fields": {
        "code": "aus",
        "display": "Australian languages"
    },
    "model": "core.language",
    "pk": 30
},
{
    "fields": {
        "code": "aze",
        "display": "Azerbaijani"
    },
    "model": "core.language",
    "pk": 36
},
{
    "fields": {
        "code": "ban",
        "display": "Balinese"
    },
    "model": "core.language",
    "pk": 37
},
{
    "fields": {
        "code": "bat",
        "display": "Baltic languages"
    },
    "model": "core.language",
    "pk": 38
},
{
    "fields": {
        "code": "bas",
        "display": "Basa"
    },
    "model": "core.language",
    "pk": 44
},
{
    "fields": {
        "code": "bak",
        "display": "Bashkir"
    },
    "model": "core.language",
    "pk": 45
},
{
    "fields": {
        "code": "eus",
        "display": "Basque"
    },
    "model": "core.language",
    "pk": 46
},
{
    "fields": {
        "code": "bel",
        "display": "Belarusian"
    },
    "model": "core.language",
    "pk": 49
},
{
    "fields": {
        "code": "ben",
        "display": "Bengali"
    },
    "model": "core.language",
    "pk": 51
},
{
    "fields": {
        "code": "ber",
        "display": "Berber languages"
    },
    "model": "core.language",
    "pk": 52
},
{
    "fields": {
        "code": "bos",
        "display": "Bosnian"
    },
    "model": "core.language",
    "pk": 61
},
{
    "fields": {
        "code": "bre",
        "display": "Breton"
    },
    "model": "core.language",
    "pk": 63
},
{
    "fields": {
        "code": "bul",
        "display": "Bulgarian"
    },
    "model": "core.language",
    "pk": 65
},
{
    "fields": {
        "code": "mya",
        "display": "Burmese"
    },
    "model": "core.language",
    "pk": 67
},
{
    "fields": {
        "code": "cat",
        "display": "Catalan; Valencian"
    },
    "model": "core.language",
    "pk": 69
},
{
    "fields": {
        "code": "cel",
        "display": "Celtic languages"
    },
    "model": "core.language",
    "pk": 72
},
{
    "fields": {
        "code": "cai",
        "display": "Central American Indian languages"
    },
    "model": "core.language",
    "pk": 73
},
{
    "fields": {
        "code": "che",
        "display": "Chechen"
    },
    "model": "core.language",
    "pk": 78
},
{
    "fields": {
        "code": "chr",
        "display": "Cherokee"
    },
    "model": "core.language",
    "pk": 79
},
{
    "fields": {
        "code": "zho",
        "display": "Chinese"
    },
    "model": "core.language",
    "pk": 83
},
{
    "fields": {
        "code": "cor",
        "display": "Cornish"
    },
    "model": "core.language",
    "pk": 93
},
{
    "fields": {
        "code": "cos",
        "display": "Corsican"
    },
    "model": "core.language",
    "pk": 94
},
{
    "fields": {
        "code": "hrv",
        "display": "Croatian"
    },
    "model": "core.language",
    "pk": 102
},
{
    "fields": {
        "code": "ces",
        "display": "Czech"
    },
    "model": "core.language",
    "pk": 104
},
{
    "fields": {
        "code": "dak",
        "display": "Dakota"
    },
    "model": "core.language",
    "pk": 105
},
{
    "fields": {
        "code": "dan",
        "display": "Danish"
    },
    "model": "core.language",
    "pk": 106
},
{
    "fields": {
        "code": "dum",
        "display": "Dutch, Middle (ca. 1050-1350)"
    },
    "model": "core.language",
    "pk": 115
},
{
    "fields": {
        "code": "nld",
        "display": "Dutch; Flemish"
    },
    "model": "core.language",
    "pk": 116
},
{
    "fields": {
        "code": "eng",
        "display": "English"
    },
    "model": "core.language",
    "pk": 124
},
{
    "fields": {
        "code": "est",
        "display": "Estonian"
    },
    "model": "core.language",
    "pk": 129
},
{
    "fields": {
        "code": "fao",
        "display": "Faroese"
    },
    "model": "core.language",
    "pk": 134
},
{
    "fields": {
        "code": "fij",
        "display": "Fijian"
    },
    "model": "core.language",
    "pk": 135
},
{
    "fields": {
        "code": "fil",
        "display": "Filipino; Pilipino"
    },
    "model": "core.language",
    "pk": 136
},
{
    "fields": {
        "code": "fin",
        "display": "Finnish"
    },
    "model": "core.language",
    "pk": 137
},
{
    "fields": {
        "code": "fiu",
        "display": "Finno-Ugrian languages"
    },
    "model": "core.language",
    "pk": 138
},
{
    "fields": {
        "code": "fra",
        "display": "French"
    },
    "model": "core.language",
    "pk": 140
},
{
    "fields": {
        "code": "gla",
        "display": "Gaelic; Scottish Gaelic"
    },
    "model": "core.language",
    "pk": 146
},
{
    "fields": {
        "code": "car",
        "display": "Galibi Carib"
    },
    "model": "core.language",
    "pk": 147
},
{
    "fields": {
        "code": "glg",
        "display": "Galician"
    },
    "model": "core.language",
    "pk": 148
},
{
    "fields": {
        "code": "lug",
        "display": "Ganda"
    },
    "model": "core.language",
    "pk": 149
},
{
    "fields": {
        "code": "gay",
        "display": "Gayo"
    },
    "model": "core.language",
    "pk": 150
},
{
    "fields": {
        "code": "gba",
        "display": "Gbaya"
    },
    "model": "core.language",
    "pk": 151
},
{
    "fields": {
        "code": "gez",
        "display": "Geez"
    },
    "model": "core.language",
    "pk": 152
},
{
    "fields": {
        "code": "kat",
        "display": "Georgian"
    },
    "model": "core.language",
    "pk": 153
},
{
    "fields": {
        "code": "deu",
        "display": "German"
    },
    "model": "core.language",
    "pk": 154
},
{
    "fields": {
        "code": "gmh",
        "display": "German, Middle High (ca. 1050-1500)"
    },
    "model": "core.language",
    "pk": 155
},
{
    "fields": {
        "code": "goh",
        "display": "German, Old High (ca. 750-1050)"
    },
    "model": "core.language",
    "pk": 156
},
{
    "fields": {
        "code": "gem",
        "display": "Germanic languages"
    },
    "model": "core.language",
    "pk": 157
},
{
    "fields": {
        "code": "gil",
        "display": "Gilbertese"
    },
    "model": "core.language",
    "pk": 158
},
{
    "fields": {
        "code": "hat",
        "display": "Haitian; Haitian Creole"
    },
    "model": "core.language",
    "pk": 169
},
{
    "fields": {
        "code": "haw",
        "display": "Hawaiian"
    },
    "model": "core.language",
    "pk": 171
},
{
    "fields": {
        "code": "heb",
        "display": "Hebrew"
    },
    "model": "core.language",
    "pk": 172
},
{
    "fields": {
        "code": "hin",
        "display": "Hindi"
    },
    "model": "core.language",
    "pk": 176
},
{
    "fields": {
        "code": "hun",
        "display": "Hungarian"
    },
    "model": "core.language",
    "pk": 180
},
{
    "fields": {
        "code": "isl",
        "display": "Icelandic"
    },
    "model": "core.language",
    "pk": 183
},
{
    "fields": {
        "code": "ind",
        "display": "Indonesian"
    },
    "model": "core.language",
    "pk": 191
},
{
    "fields": {
        "code": "gle",
        "display": "Irish"
    },
    "model": "core.language",
    "pk": 198
},
{
    "fields": {
        "code": "ita",
        "display": "Italian"
    },
    "model": "core.language",
    "pk": 202
},
{
    "fields": {
        "code": "jpn",
        "display": "Japanese"
    },
    "model": "core.language",
    "pk": 203
},
{
    "fields": {
        "code": "tlh",
        "display": "Klingon; tlhIngan-Hol"
    },
    "model": "core.language",
    "pk": 230
},
{
    "fields": {
        "code": "kon",
        "display": "Kongo"
    },
    "model": "core.language",
    "pk": 232
},
{
    "fields": {
        "code": "kor",
        "display": "Korean"
    },
    "model": "core.language",
    "pk": 234
},
{
    "fields": {
        "code": "kur",
        "display": "Kurdish"
    },
    "model": "core.language",
    "pk": 240
},
{
    "fields": {
        "code": "kru",
        "display": "Kurukh"
    },
    "model": "core.language",
    "pk": 241
},
{
    "fields": {
        "code": "lat",
        "display": "Latin"
    },
    "model": "core.language",
    "pk": 248
},
{
    "fields": {
        "code": "lav",
        "display": "Latvian"
    },
    "model": "core.language",
    "pk": 249
},
{
    "fields": {
        "code": "lit",
        "display": "Lithuanian"
    },
    "model": "core.language",
    "pk": 253
},
{
    "fields": {
        "code": "nds",
        "display": "Low German; Low Saxon; German, Low; Saxon, Low"
    },
    "model": "core.language",
    "pk": 255
},
{
    "fields": {
        "code": "lus",
        "display": "Lushai"
    },
    "model": "core.language",
    "pk": 264
},
{
    "fields": {
        "code": "ltz",
        "display": "Luxembourgish; Letzeburgesch"
    },
    "model": "core.language",
    "pk": 265
},
{
    "fields": {
        "code": "mkd",
        "display": "Macedonian"
    },
    "model": "core.language",
    "pk": 266
},
{
    "fields": {
        "code": "mlg",
        "display": "Malagasy"
    },
    "model": "core.language",
    "pk": 271
},
{
    "fields": {
        "code": "msa",
        "display": "Malay"
    },
    "model": "core.language",
    "pk": 272
},
{
    "fields": {
        "code": "mal",
        "display": "Malayalam"
    },
    "model": "core.language",
    "pk": 273
},
{
    "fields": {
        "code": "mlt",
        "display": "Maltese"
    },
    "model": "core.language",
    "pk": 274
},
{
    "fields": {
        "code": "mni",
        "display": "Manipuri"
    },
    "model": "core.language",
    "pk": 278
},
{
    "fields": {
        "code": "mri",
        "display": "Maori"
    },
    "model": "core.language",
    "pk": 281
},
{
    "fields": {
        "code": "myn",
        "display": "Mayan languages"
    },
    "model": "core.language",
    "pk": 288
},
{
    "fields": {
        "code": "moh",
        "display": "Mohawk"
    },
    "model": "core.language",
    "pk": 293
},
{
    "fields": {
        "code": "mol",
        "display": "Moldavian; Moldovan"
    },
    "model": "core.language",
    "pk": 295
},
{
    "fields": {
        "code": "mon",
        "display": "Mongolian"
    },
    "model": "core.language",
    "pk": 298
},
{
    "fields": {
        "code": "new",
        "display": "Nepal Bhasa; Newari"
    },
    "model": "core.language",
    "pk": 310
},
{
    "fields": {
        "code": "nep",
        "display": "Nepali"
    },
    "model": "core.language",
    "pk": 311
},
{
    "fields": {
        "code": "non",
        "display": "Norse, Old"
    },
    "model": "core.language",
    "pk": 318
},
{
    "fields": {
        "code": "nai",
        "display": "North American Indian languages"
    },
    "model": "core.language",
    "pk": 319
},
{
    "fields": {
        "code": "nor",
        "display": "Norwegian"
    },
    "model": "core.language",
    "pk": 322
},
{
    "fields": {
        "code": "nno",
        "display": "Norwegian Nynorsk; Nynorsk, Norwegian"
    },
    "model": "core.language",
    "pk": 323
},
{
    "fields": {
        "code": "pag",
        "display": "Pangasinan"
    },
    "model": "core.language",
    "pk": 341
},
{
    "fields": {
        "code": "pan",
        "display": "Panjabi; Punjabi"
    },
    "model": "core.language",
    "pk": 342
},
{
    "fields": {
        "code": "paa",
        "display": "Papuan languages"
    },
    "model": "core.language",
    "pk": 344
},
{
    "fields": {
        "code": "fas",
        "display": "Persian"
    },
    "model": "core.language",
    "pk": 346
},
{
    "fields": {
        "code": "phi",
        "display": "Philippine languages"
    },
    "model": "core.language",
    "pk": 348
},
{
    "fields": {
        "code": "pol",
        "display": "Polish"
    },
    "model": "core.language",
    "pk": 351
},
{
    "fields": {
        "code": "por",
        "display": "Portuguese"
    },
    "model": "core.language",
    "pk": 352
},
{
    "fields": {
        "code": "ron",
        "display": "Romanian"
    },
    "model": "core.language",
    "pk": 362
},
{
    "fields": {
        "code": "rom",
        "display": "Romany"
    },
    "model": "core.language",
    "pk": 364
},
{
    "fields": {
        "code": "rus",
        "display": "Russian"
    },
    "model": "core.language",
    "pk": 366
},
{
    "fields": {
        "code": "smo",
        "display": "Samoan"
    },
    "model": "core.language",
    "pk": 370
},
{
    "fields": {
        "code": "sco",
        "display": "Scots"
    },
    "model": "core.language",
    "pk": 377
},
{
    "fields": {
        "code": "srp",
        "display": "Serbian"
    },
    "model": "core.language",
    "pk": 380
},
{
    "fields": {
        "code": "iii",
        "display": "Sichuan Yi; Nuosu"
    },
    "model": "core.language",
    "pk": 384
},
{
    "fields": {
        "code": "scn",
        "display": "Sicilian"
    },
    "model": "core.language",
    "pk": 385
},
{
    "fields": {
        "code": "sla",
        "display": "Slavic languages"
    },
    "model": "core.language",
    "pk": 395
},
{
    "fields": {
        "code": "slk",
        "display": "Slovak"
    },
    "model": "core.language",
    "pk": 396
},
{
    "fields": {
        "code": "slv",
        "display": "Slovenian"
    },
    "model": "core.language",
    "pk": 397
},
{
    "fields": {
        "code": "sog",
        "display": "Sogdian"
    },
    "model": "core.language",
    "pk": 398
},
{
    "fields": {
        "code": "som",
        "display": "Somali"
    },
    "model": "core.language",
    "pk": 399
},
{
    "fields": {
        "code": "son",
        "display": "Songhai languages"
    },
    "model": "core.language",
    "pk": 400
},
{
    "fields": {
        "code": "wen",
        "display": "Sorbian languages"
    },
    "model": "core.language",
    "pk": 402
},
{
    "fields": {
        "code": "spa",
        "display": "Spanish; Castilian"
    },
    "model": "core.language",
    "pk": 407
},
{
    "fields": {
        "code": "zgh",
        "display": "Standard Moroccan Tamazight"
    },
    "model": "core.language",
    "pk": 409
},
{
    "fields": {
        "code": "suk",
        "display": "Sukuma"
    },
    "model": "core.language",
    "pk": 410
},
{
    "fields": {
        "code": "sun",
        "display": "Sundanese"
    },
    "model": "core.language",
    "pk": 412
},
{
    "fields": {
        "code": "swa",
        "display": "Swahili"
    },
    "model": "core.language",
    "pk": 414
},
{
    "fields": {
        "code": "swe",
        "display": "Swedish"
    },
    "model": "core.language",
    "pk": 416
},
{
    "fields": {
        "code": "gsw",
        "display": "Swiss German; Alemannic; Alsatian"
    },
    "model": "core.language",
    "pk": 417
},
{
    "fields": {
        "code": "syr",
        "display": "Syriac"
    },
    "model": "core.language",
    "pk": 418
},
{
    "fields": {
        "code": "tha",
        "display": "Thai"
    },
    "model": "core.language",
    "pk": 429
},
{
    "fields": {
        "code": "tog",
        "display": "Tonga (Nyasa)"
    },
    "model": "core.language",
    "pk": 438
},
{
    "fields": {
        "code": "ton",
        "display": "Tonga (Tonga Islands)"
    },
    "model": "core.language",
    "pk": 439
},
{
    "fields": {
        "code": "tsi",
        "display": "Tsimshian"
    },
    "model": "core.language",
    "pk": 440
},
{
    "fields": {
        "code": "tso",
        "display": "Tsonga"
    },
    "model": "core.language",
    "pk": 441
},
{
    "fields": {
        "code": "tsn",
        "display": "Tswana"
    },
    "model": "core.language",
    "pk": 442
},
{
    "fields": {
        "code": "tum",
        "display": "Tumbuka"
    },
    "model": "core.language",
    "pk": 443
},
{
    "fields": {
        "code": "tur",
        "display": "Turkish"
    },
    "model": "core.language",
    "pk": 445
},
{
    "fields": {
        "code": "ukr",
        "display": "Ukrainian"
    },
    "model": "core.language",
    "pk": 454
},
{
    "fields": {
        "code": "urd",
        "display": "Urdu"
    },
    "model": "core.language",
    "pk": 459
},
{
    "fields": {
        "code": "uzb",
        "display": "Uzbek"
    },
    "model": "core.language",
    "pk": 460
},
{
    "fields": {
        "code": "vai",
        "display": "Vai"
    },
    "model": "core.language",
    "pk": 461
},
{
    "fields": {
        "code": "ven",
        "display": "Venda"
    },
    "model": "core.language",
    "pk": 462
},
{
    "fields": {
        "code": "vie",
        "display": "Vietnamese"
    },
    "model": "core.language",
    "pk": 463
},
{
    "fields": {
        "code": "cym",
        "display": "Welsh"
    },
    "model": "core.language",
    "pk": 470
},
{
    "fields": {
        "code": "yap",
        "display": "Yapese"
    },
    "model": "core.language",
    "pk": 477
},
{
    "fields": {
        "code": "yid",
        "display": "Yiddish"
    },
    "model": "core.language",
    "pk": 478
},
{
    "fields": {
        "code": "zap",
        "display": "Zapotec"
    },
    "model": "core.language",
    "pk": 482
},
{
    "fields": {
        "code": "zha",
        "display": "Zhuang; Chuang"
    },
    "model": "core.language",
    "pk": 485
},
{
    "fields": {
        "code": "zul",
        "display": "Zulu"
    },
    "model": "core.language",
    "pk": 486
},
{
    "fields": {
        "first_name": "Andy",
        "last_name": "Byers",
        "middle_name": "JR",
        "sequence": null,
        "author_email": "ajrbyers@gmail.com",
        "country": "GB",
        "twitter": "ajrbyers",
        "linkedin": "ajrbyers",
        "department": "Technical",
        "facebook": "ajrbyers",
        "salutation": "Mr",
        "orcid": "0000-0002-4669-4330",
        "institution": "Ubiquity Press",
        "biography": "Lead Web Developer for Ubiquity Press?"
    },
    "model": "core.author",
    "pk": 1
},
{
    "fields": {
        "first_name": "Andy",
        "last_name": "Byers",
        "middle_name": "JR",
        "sequence": 1,
        "author_email": "ajrbyers@gmail.com",
        "country": "GB",
        "twitter": "ajrbyers",
        "linkedin": "ajrbyers",
        "department": "Technical",
        "facebook": "ajrbyers",
        "salutation": "Mr",
        "orcid": "0000-0002-4669-4330",
        "institution": "Ubiquity Press",
        "biography": "Lead Web Developer for Ubiquity Press"
    },
    "model": "core.author",
    "pk": 2
},
{
    "fields": {
        "first_name": "Andy",
        "last_name": "Byers",
        "middle_name": "JR",
        "sequence": 1,
        "author_email": "ajrbyers@gmail.com",
        "country": "GB",
        "twitter": "ajrbyers",
        "linkedin": "ajrbyers",
        "department": "Technical",
        "facebook": "ajrbyers",
        "salutation": "Mr",
        "orcid": "0000-0002-4669-4330",
        "institution": "Ubiquity Press",
        "biography": "Lead Web Developer for Ubiquity Press"
    },
    "model": "core.author",
    "pk": 3
},
{
    "fields": {
        "first_name": "Andy",
        "last_name": "Byers",
        "middle_name": "JR",
        "sequence": 1,
        "author_email": "ajrbyers@gmail.com",
        "country": "GB",
        "twitter": "ajrbyers",
        "linkedin": "ajrbyers",
        "department": "Technical",
        "facebook": "ajrbyers",
        "salutation": "Mr",
        "orcid": "0000-0002-4669-4330",
        "institution": "Ubiquity Press",
        "biography": "Lead Web Developer for Ubiquity Press"
    },
    "model": "core.author",
    "pk": 4
},
{
    "fields": {
        "first_name": "Andy",
        "last_name": "Byers",
        "middle_name": "JR",
        "sequence": 1,
        "author_email": "ajrbyers@gmail.com",
        "country": "GB",
        "twitter": "ajrbyers",
        "linkedin": "ajrbyers",
        "department": "Technical",
        "facebook": "ajrbyers",
        "salutation": "Mr",
        "orcid": "0000-0002-4669-4330",
        "institution": "Ubiquity Press",
        "biography": "Lead Web Developer for Ubiquity Press"
    },
    "model": "core.author",
    "pk": 6
},
{
    "fields": {
        "first_name": "Andy",
        "last_name": "Byers",
        "middle_name": "JR",
        "sequence": 1,
        "author_email": "ajrbyers@gmail.com",
        "country": "GB",
        "twitter": "ajrbyers",
        "linkedin": "ajrbyers",
        "department": "Technical",
        "facebook": "ajrbyers",
        "salutation": "Mr",
        "orcid": "0000-0002-4669-4330",
        "institution": "Ubiquity Press",
        "biography": "Lead Web Developer for Ubiquity Press"
    },
    "model": "core.author",
    "pk": 7
},
{
    "fields": {
        "first_name": "Andy",
        "last_name": "Byers",
        "middle_name": "JR",
        "sequence": 1,
        "author_email": "ajrbyers@gmail.com",
        "country": "GB",
        "twitter": "ajrbyers",
        "linkedin": "ajrbyers",
        "department": "Technical",
        "facebook": "ajrbyers",
        "salutation": "Mr",
        "orcid": "0000-0002-4669-4330",
        "institution": "Ubiquity Press",
        "biography": "Lead Web Developer for Ubiquity Press"
    },
    "model": "core.author",
    "pk": 8
},
{
    "fields": {
        "book": 1,
        "displayed": true,
        "value": "10.5334/456789",
        "identifier": "doi"
    },
    "model": "core.identifier",
    "pk": 4
},
{
    "fields": {
        "book": 1,
        "displayed": true,
        "value": "1234567990",
        "identifier": "isbn-10"
    },
    "model": "core.identifier",
    "pk": 5
},
{
    "fields": {
        "book": 5,
        "displayed": true,
        "value": "10.5334/456789",
        "identifier": "doi"
    },
    "model": "core.identifier",
    "pk": 6
},
{
    "fields": {
        "book": 1,
        "round_number": 1
    },
    "model": "core.reviewround",
    "pk": 1
},
{
    "fields": {
        "book": 1,
        "round_number": 2
    },
    "model": "core.reviewround",
    "pk": 2
},
{
    "fields": {
        "book": 2,
        "round_number": 1
    },
    "model": "core.reviewround",
    "pk": 3
},
{
    "fields": {
        "book": 2,
        "round_number": 2
    },
    "model": "core.reviewround",
    "pk": 4
},
{
    "fields": {
        "book": 4,
        "round_number": 1
    },
    "model": "core.reviewround",
    "pk": 5
},
{
    "fields": {
        "book": 1,
        "round_number": 3
    },
    "model": "core.reviewround",
    "pk": 6
},
{
    "fields": {
        "book": 5,
        "round_number": 1
    },
    "model": "core.reviewround",
    "pk": 7
},
{
    "fields": {
        "book": 8,
        "round_number": 1
    },
    "model": "core.reviewround",
    "pk": 8
},
{
    "fields": {
        "url": "http://creativecommons.org/licenses/by/4.0/",
        "version": "4.0",
        "name": "Creative Commons Attribution",
        "short_name": "CC-BY",
        "description": "This license lets others distribute, remix, tweak, and build upon your work, even commercially, as long as they credit you for the original creation. This is the most accommodating of licenses offered. Recommended for maximum dissemination and use of licensed materials.\r\n"
    },
    "model": "core.license",
    "pk": 2
},
{
    "fields": {
        "url": "http://creativecommons.org/licenses/by-sa/4.0/",
        "version": "4.0",
        "name": "Creative Commons Attribution-ShareAlike",
        "short_name": "CC-BY-SA",
        "description": "This license lets others remix, tweak, and build upon your work even for commercial purposes, as long as they credit you and license their new creations under the identical terms. This license is often compared to \u201ccopyleft\u201d free and open source software licenses. All new works based on yours will carry the same license, so any derivatives will also allow commercial use. This is the license used by Wikipedia, and is recommended for materials that would benefit from incorporating content from Wikipedia and similarly licensed projects."
    },
    "model": "core.license",
    "pk": 3
},
{
    "fields": {
        "url": "http://creativecommons.org/licenses/by-nd/4.0/",
        "version": "4.0",
        "name": "Creative Commons Attribution-NoDerivs",
        "short_name": "CC-BY-ND",
        "description": "This license allows for redistribution, commercial and non-commercial, as long as it is passed along unchanged and in whole, with credit to you."
    },
    "model": "core.license",
    "pk": 4
},
{
    "fields": {
        "url": "http://creativecommons.org/licenses/by-nc/4.0/",
        "version": "4.0",
        "name": "Creative Commons Attribution-NonCommercial ",
        "short_name": "CC-BY-NC",
        "description": "This license lets others remix, tweak, and build upon your work non-commercially, and although their new works must also acknowledge you and be non-commercial, they don\u2019t have to license their derivative works on the same terms."
    },
    "model": "core.license",
    "pk": 5
},
{
    "fields": {
        "url": "http://creativecommons.org/licenses/by-nc-nd/4.0/",
        "version": "4.0",
        "name": "Creative Commons Attribution-NonCommercial-NoDerivs ",
        "short_name": "CC-BY-NC-ND",
        "description": "This license is the most restrictive of our six main licenses, only allowing others to download your works and share them with others as long as they credit you, but they can\u2019t change them in any way or use them commercially."
    },
    "model": "core.license",
    "pk": 6
},
{
    "fields": {
        "url": "http://creativecommons.org/licenses/by-nc-sa/4.0/",
        "version": "4.0",
        "name": "Creative Commons Attribution-NonCommercial-ShareAlike ",
        "short_name": "CC-BY-NC-SA",
        "description": "This license lets others remix, tweak, and build upon your work non-commercially, as long as they credit you and license their new creations under the identical terms."
    },
    "model": "core.license",
    "pk": 7
},
{
    "fields": {
        "first_name": "Andy",
        "last_name": "Byers",
        "middle_name": "JR",
        "sequence": null,
        "author_email": "ajrbyers@gmail.com",
        "country": "GB",
        "twitter": "ajrbyers",
        "linkedin": "ajrbyers",
        "department": "Technical",
        "facebook": "ajrbyers",
        "salutation": "Mr",
        "orcid": "0000-0002-4669-4330",
        "institution": "Ubiquity Press",
        "biography": "Lead Web Developer for Ubiquity Pressdsfsdfsd"
    },
    "model": "core.editor",
    "pk": 1
},
{
    "fields": {
        "first_name": "sdfdsf",
        "last_name": "dsfdsfsd",
        "middle_name": "sdfdsf",
        "sequence": null,
        "author_email": "tom.mowlam@ubiquitypress.com",
        "country": "AS",
        "twitter": "fdsf",
        "linkedin": "dsfsdf",
        "department": "sfdsfdsf",
        "facebook": "dsfdsf",
        "salutation": "Ms",
        "orcid": "dsfdsfds",
        "institution": "fsdfd",
        "biography": "fdsfdsfsdfdsfdsfdsf"
    },
    "model": "core.editor",
    "pk": 2
},
{
    "fields": {
        "name": "keyword"
    },
    "model": "core.keyword",
    "pk": 1
},
{
    "fields": {
        "name": "dfsdf"
    },
    "model": "core.keyword",
    "pk": 2
},
{
    "fields": {
        "name": "sd"
    },
    "model": "core.keyword",
    "pk": 3
},
{
    "fields": {
        "name": "fsdf"
    },
    "model": "core.keyword",
    "pk": 4
},
{
    "fields": {
        "name": "dsf"
    },
    "model": "core.keyword",
    "pk": 5
},
{
    "fields": {
        "name": "fdsfsd"
    },
    "model": "core.keyword",
    "pk": 6
},
{
    "fields": {
        "name": "sdf"
    },
    "model": "core.keyword",
    "pk": 7
},
{
    "fields": {
        "name": "sf"
    },
    "model": "core.keyword",
    "pk": 8
},
{
    "fields": {
        "name": "df"
    },
    "model": "core.keyword",
    "pk": 9
},
{
    "fields": {
        "name": "sdfsdf"
    },
    "model": "core.keyword",
    "pk": 10
},
{
    "fields": {
        "name": "Education"
    },
    "model": "core.keyword",
    "pk": 11
},
{
    "fields": {
        "name": "Technology"
    },
    "model": "core.keyword",
    "pk": 12
},
{
    "fields": {
        "name": "Epub"
    },
    "model": "core.keyword",
    "pk": 13
},
{
    "fields": {
        "name": "Ebooks"
    },
    "model": "core.keyword",
    "pk": 14
},
{
    "fields": {
        "name": "dfsfd"
    },
    "model": "core.keyword",
    "pk": 15
},
{
    "fields": {
        "publication": null,
        "submission": "2015-08-20T13:36:58.151Z",
        "review": "2015-08-20T13:41:59.242Z",
        "external_review": null,
        "indexing": "2015-08-29T22:34:10.157Z",
        "production": null,
        "current_stage": "editing",
        "copyediting": "2015-08-29T22:34:08.217Z",
        "typesetting": "2015-08-29T22:34:11.306Z",
        "internal_review": "2015-08-27T16:29:02.330Z",
        "proposal": null,
        "editing": "2015-08-29T00:22:32.156Z",
        "declined": null
    },
    "model": "core.stage",
    "pk": 1
},
{
    "fields": {
        "publication": null,
        "submission": "2015-08-25T14:01:47.211Z",
        "review": "2015-08-27T12:03:50.024Z",
        "external_review": null,
        "indexing": null,
        "production": null,
        "current_stage": "editing",
        "copyediting": "2015-09-01T15:03:56.695Z",
        "typesetting": null,
        "internal_review": null,
        "proposal": null,
        "editing": "2015-08-29T00:22:42.417Z",
        "declined": null
    },
    "model": "core.stage",
    "pk": 2
},
{
    "fields": {
        "publication": null,
        "submission": "2015-08-26T09:15:38.609Z",
        "review": "2015-08-27T13:26:16.195Z",
        "external_review": null,
        "indexing": "2015-09-02T12:21:08.092Z",
        "production": "2015-09-02T10:02:11.969Z",
        "current_stage": "production",
        "copyediting": "2015-09-01T22:27:55.280Z",
        "typesetting": "2015-09-02T10:06:28.435Z",
        "internal_review": "2015-08-29T01:10:33.983Z",
        "proposal": null,
        "editing": "2015-09-01T22:27:50.339Z",
        "declined": null
    },
    "model": "core.stage",
    "pk": 3
},
{
    "fields": {
        "publication": null,
        "submission": "2015-08-29T00:00:58.533Z",
        "review": "2015-09-01T12:09:04.959Z",
        "external_review": null,
        "indexing": "2015-08-31T14:43:37.303Z",
        "production": null,
        "current_stage": "editing",
        "copyediting": "2015-08-31T14:39:10.157Z",
        "typesetting": "2015-08-31T14:38:21.718Z",
        "internal_review": null,
        "proposal": null,
        "editing": "2015-09-01T12:12:25.542Z",
        "declined": null
    },
    "model": "core.stage",
    "pk": 4
},
{
    "fields": {
        "publication": null,
        "submission": "2015-08-29T01:04:34.924Z",
        "review": null,
        "external_review": null,
        "indexing": null,
        "production": null,
        "current_stage": "submission",
        "copyediting": null,
        "typesetting": null,
        "internal_review": null,
        "proposal": null,
        "editing": null,
        "declined": null
    },
    "model": "core.stage",
    "pk": 5
},
{
    "fields": {
        "publication": null,
        "submission": "2015-09-01T22:31:00.543Z",
        "review": null,
        "external_review": null,
        "indexing": "2015-09-01T22:43:14.049Z",
        "production": null,
        "current_stage": "editing",
        "copyediting": "2015-09-01T22:31:12.224Z",
        "typesetting": null,
        "internal_review": "2015-09-01T22:53:03.474Z",
        "proposal": null,
        "editing": "2015-09-01T22:31:08.568Z",
        "declined": null
    },
    "model": "core.stage",
    "pk": 6
},
{
    "fields": {
        "name": "Reader",
        "slug": "reader"
    },
    "model": "core.role",
    "pk": 1
},
{
    "fields": {
        "name": "Author",
        "slug": "author"
    },
    "model": "core.role",
    "pk": 2
},
{
    "fields": {
        "name": "Copyeditor",
        "slug": "copyeditor"
    },
    "model": "core.role",
    "pk": 3
},
{
    "fields": {
        "name": "Reviewer",
        "slug": "reviewer"
    },
    "model": "core.role",
    "pk": 4
},
{
    "fields": {
        "name": "Press Editor",
        "slug": "press-editor"
    },
    "model": "core.role",
    "pk": 5
},
{
    "fields": {
        "name": "Book Editor",
        "slug": "book-editor"
    },
    "model": "core.role",
    "pk": 6
},
{
    "fields": {
        "name": "Series Editor",
        "slug": "series-editor"
    },
    "model": "core.role",
    "pk": 7
},
{
    "fields": {
        "name": "Indexer",
        "slug": "indexer"
    },
    "model": "core.role",
    "pk": 8
},
{
    "fields": {
        "name": "Typesetter",
        "slug": "typesetter"
    },
    "model": "core.role",
    "pk": 9
},
{
    "fields": {
        "enabled": true,
        "name": "general"
    },
    "model": "core.settinggroup",
    "pk": 1
},
{
    "fields": {
        "enabled": true,
        "name": "page"
    },
    "model": "core.settinggroup",
    "pk": 2
},
{
    "fields": {
        "enabled": true,
        "name": "email"
    },
    "model": "core.settinggroup",
    "pk": 3
},
{
    "fields": {
        "enabled": true,
        "name": "look"
    },
    "model": "core.settinggroup",
    "pk": 4
},
{
    "fields": {
        "enabled": true,
        "name": "cron"
    },
    "model": "core.settinggroup",
    "pk": 5
},
{
    "fields": {
        "value": "The Press!",
        "group": 1,
        "name": "press_name",
        "types": "char"
    },
    "model": "core.setting",
    "pk": 1
},
{
    "fields": {
        "value": "<p>Footer</p>",
        "group": 1,
        "name": "footer",
        "types": "rich_text"
    },
    "model": "core.setting",
    "pk": 2
},
{
    "fields": {
        "value": "<p><img src=\"/media/django-summernote/2015-07-08/3ead64c0-5ac8-4c89-be03-188ce8ce3450.jpg\" style=\"width: 605px;\"><br></p>",
        "group": 2,
        "name": "submission_guidelines",
        "types": "rich_text"
    },
    "model": "core.setting",
    "pk": 3
},
{
    "fields": {
        "value": "<p>This is a description block where information about this press can be entered. This text block should be replace with text pulled from a database setting at some point, though for now I don't really need it to.</p>\r\n<p>This press has some specialities like publishing Alien Autopsy reports and April Fools reviews</p><p>BOOYA!</p>",
        "group": 1,
        "name": "description",
        "types": "rich_text"
    },
    "model": "core.setting",
    "pk": 4
},
{
    "fields": {
        "value": "Dear {{ review.user.first_name }} {{ review.user.last_name }},\r\n\r\n__YOUR_MESSAGE_HERE__\r\n\r\nPlease log into the press web site to indicate whether you will undertake the review or not, as well as to access the submission and to record your review and recommendation.\r\n\r\nThe review itself is due {{ review.due }}.\r\n\r\nThe Author has requested that this review be {{book.get_review_type_display}}.\r\n\r\nPlease notify us if you intend to undertake the review by clicking this link: {{ decision_url }}\r\n\r\nReview URL: {{ review_url }}\r\n\r\nThank you for considering this request.\r\n\r\n\r\nSincerely,\r\nPress Team\r\n",
        "group": 3,
        "name": "review_request",
        "types": "text"
    },
    "model": "core.setting",
    "pk": 5
},
{
    "fields": {
        "value": "abp",
        "group": 1,
        "name": "accronym",
        "types": "char"
    },
    "model": "core.setting",
    "pk": 6
},
{
    "fields": {
        "value": "localhost:8000",
        "group": 1,
        "name": "base_url",
        "types": "text"
    },
    "model": "core.setting",
    "pk": 7
},
{
    "fields": {
        "value": "main@localhost.com",
        "group": 3,
        "name": "from_address",
        "types": "text"
    },
    "model": "core.setting",
    "pk": 8
},
{
    "fields": {
        "value": "Dear {{ review.user.first_name }} {{ review.user.last_name }},\r\n\r\n__YOUR_MESSAGE_HERE__\r\n\r\nPlease log into the press web site to indicate whether you will undertake the review or not, as well as to access the submission and to record your review and recommendation.\r\n\r\nThe review itself is due {{ review.due }}.\r\n\r\nReview URL: {{ review_url }}\r\n\r\nThank you for considering this request.\r\n\r\n\r\nSincerely,\r\nPress Team\r\n",
        "group": 3,
        "name": "external_review_request",
        "types": "text"
    },
    "model": "core.setting",
    "pk": 9
},
{
    "fields": {
        "value": "8accaeed-f073-4df9-a31b-bc7d6d455b07..jpg",
        "group": 4,
        "name": "logo",
        "types": "file"
    },
    "model": "core.setting",
    "pk": 10
},
{
    "fields": {
        "value": "If you have any suggestions about who could review this book, please add them here. Please ensure you include a current, active, email address.",
        "group": 1,
        "name": "review_suggestions",
        "types": "rich_text"
    },
    "model": "core.setting",
    "pk": 11
},
{
    "fields": {
        "value": "on",
        "group": 1,
        "name": "ci_required",
        "types": "boolean"
    },
    "model": "core.setting",
    "pk": 12
},
{
    "fields": {
        "value": "Test",
        "group": 3,
        "name": "proposal_review_request",
        "types": "rich_text"
    },
    "model": "core.setting",
    "pk": 13
},
{
    "fields": {
        "value": "Dear {{submission.owner.first_name}} {{submission.owner.last_name}},\r\n\r\nA contract has been uploaded by the Editor for you to review. Please login using the link below to review and sign off the contract.\r\n\r\n{{base_url}}/user/submission/{{submission.id}}\r\n\r\nRegards,\r\n\r\nEditorial",
        "group": 3,
        "name": "contract_author_sign_off",
        "types": "text"
    },
    "model": "core.setting",
    "pk": 14
},
{
    "fields": {
        "value": "14",
        "group": 5,
        "name": "remind_unaccepted_reviews",
        "types": "number"
    },
    "model": "core.setting",
    "pk": 15
},
{
    "fields": {
        "value": "Dear {{review.user.profile.salutation}} {{review.user.last_name}},\r\n\r\nThis is a gentle reminder that we requested you review a book for us called {{book.title}}. This review is due to be completed by {{review.due:date\"c\"}}. If you are unable to undertake this review, please let us know.\r\n\r\nRegards,",
        "group": 3,
        "name": "unaccepted_reminder",
        "types": "rich_text"
    },
    "model": "core.setting",
    "pk": 16
},
{
    "fields": {
        "value": "7",
        "group": 5,
        "name": "remind_accepted_reviews",
        "types": "number"
    },
    "model": "core.setting",
    "pk": 17
},
{
    "fields": {
        "value": "Dear {{review.user.profile.salutation}} {{review.user.last_name}},\r\n\r\nThis is a gentle reminder that you agreed to review a book for us called {{book.title}}. This review is due to be completed by {{review.due|date:\"c\"}}. If you are unable to undertake this review, please let us know.\r\n\r\nRegards,",
        "group": 3,
        "name": "accepted_reminder",
        "types": "rich_text"
    },
    "model": "core.setting",
    "pk": 18
},
{
    "fields": {
        "value": "5",
        "group": 5,
        "name": "remind_overdue_reviews",
        "types": "number"
    },
    "model": "core.setting",
    "pk": 19
},
{
    "fields": {
        "value": "Dear {{review.user.profile.salutation}} {{review.user.last_name}},\r\n\r\nThis is a gentle reminder that you agreed to review a book for us called {{book.title}}. This review is overdue, we requested that the review be completed by {{review.due|date:\"c\"}}. If you are unable to undertake this review, please let us know.\r\n\r\nRegards,",
        "group": 3,
        "name": "overdue_reminder",
        "types": "rich_text"
    },
    "model": "core.setting",
    "pk": 20
},
{
    "fields": {
        "value": "1",
        "group": 1,
        "name": "proposal_form",
        "types": "number"
    },
    "model": "core.setting",
    "pk": 21
},
{
    "fields": {
        "value": "Dear {{ revision.book.owner.first_name }} {{ revision.book.owner.last_name }},\r\n\r\nWe think you should undertake some revisions to this article before it moves forward.\r\n\r\nYou can submit revisions here: {{ revision_url }}\r\n\r\nRegards,\r\n\r\n",
        "group": 3,
        "name": "request_revisions",
        "types": "rich_text"
    },
    "model": "core.setting",
    "pk": 22
},
{
    "fields": {
        "value": "14",
        "group": 5,
        "name": "revisions_reminder",
        "types": "number"
    },
    "model": "core.setting",
    "pk": 23
},
{
    "fields": {
        "value": "Dear {{review.user.profile.salutation}} {{review.user.last_name}},\r\n\r\nThis is a gentle reminder that we requested you submit revisions for your book, {{book.title}}. This revisions were due to be completed by {{review.due}}\r\n\r\nRegards,",
        "group": 3,
        "name": "revisions_reminder_email",
        "types": "rich_text"
    },
    "model": "core.setting",
    "pk": 24
},
{
    "fields": {
        "value": "Dear {% if copyedit.copyeditor.profile.salutation %}{{copyedit.copyeditor.profile.salutation}}{% else %}{{copyedit.copyeditor.first_name}}{% endif %} {{copyedit.copyeditor.last_name}},\r\n\r\nThis is a request that you undertake copyediting on {{submission.title}}. Please login to the BMS, you will be directed to undertake your copyedit from the user dashboard.\r\n\r\nYour username is: {{copyedit.copyeditor.username}}\r\n\r\nCopyedits are requested to be completed by: {{copyedit.due}}.\r\n\r\nRegards",
        "group": 3,
        "name": "copyedit_request",
        "types": "rich_text"
    },
    "model": "core.setting",
    "pk": 25
},
{
    "fields": {
        "value": "Hello Mr. Copyeditor. Please undertake this copyedit. You can download the files below and please upload the completed ones. If you have feedback for the Editor/Author fill in the notes box and this will be presented to both.<p></p>",
        "group": 1,
        "name": "copyedit_instructions",
        "types": "rich_text"
    },
    "model": "core.setting",
    "pk": 26
},
{
    "fields": {
        "value": "Dear {{ submission.owner.first_name }} {{ submission.owner.last_name }},\r\n\r\nThe copyeditor has completed their work. You can login and review the copyedits now.\r\n\r\nRegards,",
        "group": 3,
        "name": "author_copyedit_request",
        "types": "rich_text"
    },
    "model": "core.setting",
    "pk": 27
},
{
    "fields": {
        "value": "<p>The Editor has requested that you approve some copyediting.</p>",
        "group": 1,
        "name": "copyedit_author_instructions",
        "types": "rich_text"
    },
    "model": "core.setting",
    "pk": 28
},
{
    "fields": {
        "value": "Dear {% if index.indexer.profile.salutation %}{{ndex.indexer.profile.salutation}}{% else %}{{ndex.indexer.first_name}}{% endif %} {{ndex.indexer.last_name}},\r\n\r\nThis is a request that you undertake copyediting on {{submission.title}}. Please login to the BMS, you will be directed to undertake your copyedit from the user dashboard.\r\n\r\nYour username is: {{ndex.indexer.username}}\r\n\r\nCopyedits are requested to be completed by: {{index.due}}.\r\n\r\nRegards",
        "group": 3,
        "name": "index_request",
        "types": "rich_text"
    },
    "model": "core.setting",
    "pk": 29
},
{
    "fields": {
        "value": "<p>Please do some great indexing. Lots of love, Andy.</p>",
        "group": 1,
        "name": "index_instructions",
        "types": "rich_text"
    },
    "model": "core.setting",
    "pk": 30
},
{
    "fields": {
        "value": "Dear {% if typeset.typesetter.profile.salutation %}{{typeset.typesetter.profile.salutation}}{% else %}{{typeset.typesetter.first_name}}{% endif %} {{typeset.typesetter.last_name}},\r\n\r\nThis is a request that you undertake copyediting on {{submission.title}}. Please login to the BMS, you will be directed to undertake your copyedit from the user dashboard.\r\n\r\nYour username is: {{typeset.typesetter.username}}\r\n\r\nCopyedits are requested to be completed by: {{typeset.due}}.\r\n\r\nRegards",
        "group": 3,
        "name": "typeset_request",
        "types": "rich_text"
    },
    "model": "core.setting",
    "pk": 31
},
{
    "fields": {
        "value": "<p>Here are some instructions</p>",
        "group": 1,
        "name": "typeset_instructions",
        "types": "rich_text"
    },
    "model": "core.setting",
    "pk": 32
},
{
    "fields": {
        "value": "Dear {{ submission.owner.first_name }} {{ submission.owner.last_name }},\r\n\r\nThe typesetter has completed their work. You can login and review the typeset files now.\r\n\r\nRegards,",
        "group": 3,
        "name": "author_typeset_request",
        "types": "rich_text"
    },
    "model": "core.setting",
    "pk": 33
},
{
    "fields": {
        "identifier": "123",
        "book": 1,
        "name": "PDF 123",
        "file": 24,
        "sequence": 9999
    },
    "model": "core.format",
    "pk": 1
},
{
    "fields": {
        "identifier": "cg.ab",
        "book": 1,
        "name": "dsfsdfdsf",
        "file": 25,
        "sequence": 9999
    },
    "model": "core.chapter",
    "pk": 1
},
{
    "fields": {
        "intro_text": "Some intro text",
        "completion_text": "Some extro text",
        "ref": "proposal-form",
        "name": "Proposal Form"
    },
    "model": "core.proposalform",
    "pk": 1
},
{
    "fields": {
        "field_type": "text",
        "required": true,
        "name": "Test",
        "choices": ""
    },
    "model": "core.proposalformelement",
    "pk": 1
},
{
    "fields": {
        "field_type": "textarea",
        "required": true,
        "name": "Another Form Element",
        "choices": ""
    },
    "model": "core.proposalformelement",
    "pk": 2
},
{
    "fields": {
        "field_type": "select",
        "required": false,
        "name": "Pages",
        "choices": "10,000|10.000-100,000|100,000+"
    },
    "model": "core.proposalformelement",
    "pk": 3
},
{
    "fields": {
        "field_type": "select",
        "required": false,
        "name": "Pages",
        "choices": "10,000|10.000-100,000|100,000+"
    },
    "model": "core.proposalformelement",
    "pk": 4
},
{
    "fields": {
        "help_text": "Test",
        "width": "col-md-12",
        "order": 1,
        "form": 1,
        "element": 1
    },
    "model": "core.proposalformelementsrelationship",
    "pk": 1
},
{
    "fields": {
        "help_text": "Fill this out",
        "width": "col-md-12",
        "order": 2,
        "form": 1,
        "element": 2
    },
    "model": "core.proposalformelementsrelationship",
    "pk": 2
},
{
    "fields": {
        "help_text": "How many pages approx in your book?",
        "width": "col-md-12",
        "order": 3,
        "form": 1,
        "element": 4
    },
    "model": "core.proposalformelementsrelationship",
    "pk": 3
},
{
    "fields": {
        "text": "A checklist item that must be agreed to",
        "required": true,
        "slug": "an-item",
        "sequence": 1
    },
    "model": "submission.submissionchecklistitem",
    "pk": 1
},
{
    "fields": {
        "text": "Another checklist item you should agree to",
        "required": true,
        "slug": "another-checklist-item",
        "sequence": 2
    },
    "model": "submission.submissionchecklistitem",
    "pk": 2
},
{
    "fields": {
        "intro_text": "This is a review form.",
        "completion_text": "Thanks for completing the review form.",
        "ref": "review-form",
        "name": "Review Form"
    },
    "model": "review.form",
    "pk": 1
},
{
    "fields": {
        "intro_text": "This is a proposal form.",
        "completion_text": "Thanks for your proposal.",
        "ref": "proposal-form",
        "name": "Proposal Form"
    },
    "model": "review.form",
    "pk": 2
},
{
    "fields": {
        "date": "2015-09-01",
        "data": "{\"Another Form Element\": [\"sdfsdfd\", \"text\"], \"A Form Element\": [\"dfsdfsdf\", \"text\"]}",
        "form": 1
    },
    "model": "review.formresult",
    "pk": 1
},
{
    "fields": {
        "date": "2015-09-01",
        "data": "{\"Another Form Element\": [\"sdfsdfd\", \"text\"], \"A Form Element\": [\"dfsdfsdf\", \"text\"]}",
        "form": 1
    },
    "model": "review.formresult",
    "pk": 2
},
{
    "fields": {
        "date": "2015-09-01",
        "data": "{\"Another Form Element\": [\"sdfsdfd\", \"text\"], \"A Form Element\": [\"dfsdfsdf\", \"text\"]}",
        "form": 1
    },
    "model": "review.formresult",
    "pk": 3
},
{
    "fields": {
        "field_type": "text",
        "required": true,
        "name": "A Form Element",
        "choices": ""
    },
    "model": "review.formelement",
    "pk": 1
},
{
    "fields": {
        "field_type": "textarea",
        "required": true,
        "name": "Another Form Element",
        "choices": ""
    },
    "model": "review.formelement",
    "pk": 2
},
{
    "fields": {
        "element_class": "",
        "help_text": "THIS IS A REVIEW FORM ELEMENT",
        "order": 1,
        "form": 1,
        "element": 1
    },
    "model": "review.formelementsrelationship",
    "pk": 1
},
{
    "fields": {
        "element_class": "",
        "help_text": "THIS IS ANOTHER FORM ELEMENT",
        "order": 2,
        "form": 1,
        "element": 2
    },
    "model": "review.formelementsrelationship",
    "pk": 2
},
{
    "fields": {
        "element_class": "",
        "help_text": "Test",
        "order": 1,
        "form": 2,
        "element": 1
    },
    "model": "review.formelementsrelationship",
    "pk": 3
},
{
    "fields": {
        "element_class": "",
        "help_text": "Test",
        "order": 2,
        "form": 2,
        "element": 2
    },
    "model": "review.formelementsrelationship",
    "pk": 4
},
{
    "fields": {
        "note": "",
        "enabled": true,
        "name": "reminders",
        "schedule": "daily"
    },
    "model": "cron.crontask",
    "pk": 1
},
{
    "fields": {
        "codename": "add_site",
        "name": "Can add site",
        "content_type": 1
    },
    "model": "auth.permission",
    "pk": 1
},
{
    "fields": {
        "codename": "change_site",
        "name": "Can change site",
        "content_type": 1
    },
    "model": "auth.permission",
    "pk": 2
},
{
    "fields": {
        "codename": "delete_site",
        "name": "Can delete site",
        "content_type": 1
    },
    "model": "auth.permission",
    "pk": 3
},
{
    "fields": {
        "codename": "add_logentry",
        "name": "Can add log entry",
        "content_type": 2
    },
    "model": "auth.permission",
    "pk": 4
},
{
    "fields": {
        "codename": "change_logentry",
        "name": "Can change log entry",
        "content_type": 2
    },
    "model": "auth.permission",
    "pk": 5
},
{
    "fields": {
        "codename": "delete_logentry",
        "name": "Can delete log entry",
        "content_type": 2
    },
    "model": "auth.permission",
    "pk": 6
},
{
    "fields": {
        "codename": "add_permission",
        "name": "Can add permission",
        "content_type": 3
    },
    "model": "auth.permission",
    "pk": 7
},
{
    "fields": {
        "codename": "change_permission",
        "name": "Can change permission",
        "content_type": 3
    },
    "model": "auth.permission",
    "pk": 8
},
{
    "fields": {
        "codename": "delete_permission",
        "name": "Can delete permission",
        "content_type": 3
    },
    "model": "auth.permission",
    "pk": 9
},
{
    "fields": {
        "codename": "add_group",
        "name": "Can add group",
        "content_type": 4
    },
    "model": "auth.permission",
    "pk": 10
},
{
    "fields": {
        "codename": "change_group",
        "name": "Can change group",
        "content_type": 4
    },
    "model": "auth.permission",
    "pk": 11
},
{
    "fields": {
        "codename": "delete_group",
        "name": "Can delete group",
        "content_type": 4
    },
    "model": "auth.permission",
    "pk": 12
},
{
    "fields": {
        "codename": "add_user",
        "name": "Can add user",
        "content_type": 5
    },
    "model": "auth.permission",
    "pk": 13
},
{
    "fields": {
        "codename": "change_user",
        "name": "Can change user",
        "content_type": 5
    },
    "model": "auth.permission",
    "pk": 14
},
{
    "fields": {
        "codename": "delete_user",
        "name": "Can delete user",
        "content_type": 5
    },
    "model": "auth.permission",
    "pk": 15
},
{
    "fields": {
        "codename": "add_contenttype",
        "name": "Can add content type",
        "content_type": 6
    },
    "model": "auth.permission",
    "pk": 16
},
{
    "fields": {
        "codename": "change_contenttype",
        "name": "Can change content type",
        "content_type": 6
    },
    "model": "auth.permission",
    "pk": 17
},
{
    "fields": {
        "codename": "delete_contenttype",
        "name": "Can delete content type",
        "content_type": 6
    },
    "model": "auth.permission",
    "pk": 18
},
{
    "fields": {
        "codename": "add_session",
        "name": "Can add session",
        "content_type": 7
    },
    "model": "auth.permission",
    "pk": 19
},
{
    "fields": {
        "codename": "change_session",
        "name": "Can change session",
        "content_type": 7
    },
    "model": "auth.permission",
    "pk": 20
},
{
    "fields": {
        "codename": "delete_session",
        "name": "Can delete session",
        "content_type": 7
    },
    "model": "auth.permission",
    "pk": 21
},
{
    "fields": {
        "codename": "add_profile",
        "name": "Can add profile",
        "content_type": 8
    },
    "model": "auth.permission",
    "pk": 22
},
{
    "fields": {
        "codename": "change_profile",
        "name": "Can change profile",
        "content_type": 8
    },
    "model": "auth.permission",
    "pk": 23
},
{
    "fields": {
        "codename": "delete_profile",
        "name": "Can delete profile",
        "content_type": 8
    },
    "model": "auth.permission",
    "pk": 24
},
{
    "fields": {
        "codename": "add_author",
        "name": "Can add author",
        "content_type": 9
    },
    "model": "auth.permission",
    "pk": 25
},
{
    "fields": {
        "codename": "change_author",
        "name": "Can change author",
        "content_type": 9
    },
    "model": "auth.permission",
    "pk": 26
},
{
    "fields": {
        "codename": "delete_author",
        "name": "Can delete author",
        "content_type": 9
    },
    "model": "auth.permission",
    "pk": 27
},
{
    "fields": {
        "codename": "add_book",
        "name": "Can add book",
        "content_type": 10
    },
    "model": "auth.permission",
    "pk": 28
},
{
    "fields": {
        "codename": "change_book",
        "name": "Can change book",
        "content_type": 10
    },
    "model": "auth.permission",
    "pk": 29
},
{
    "fields": {
        "codename": "delete_book",
        "name": "Can delete book",
        "content_type": 10
    },
    "model": "auth.permission",
    "pk": 30
},
{
    "fields": {
        "codename": "add_contract",
        "name": "Can add contract",
        "content_type": 11
    },
    "model": "auth.permission",
    "pk": 31
},
{
    "fields": {
        "codename": "change_contract",
        "name": "Can change contract",
        "content_type": 11
    },
    "model": "auth.permission",
    "pk": 32
},
{
    "fields": {
        "codename": "delete_contract",
        "name": "Can delete contract",
        "content_type": 11
    },
    "model": "auth.permission",
    "pk": 33
},
{
    "fields": {
        "codename": "add_reviewround",
        "name": "Can add review round",
        "content_type": 12
    },
    "model": "auth.permission",
    "pk": 34
},
{
    "fields": {
        "codename": "change_reviewround",
        "name": "Can change review round",
        "content_type": 12
    },
    "model": "auth.permission",
    "pk": 35
},
{
    "fields": {
        "codename": "delete_reviewround",
        "name": "Can delete review round",
        "content_type": 12
    },
    "model": "auth.permission",
    "pk": 36
},
{
    "fields": {
        "codename": "add_reviewassignment",
        "name": "Can add review assignment",
        "content_type": 13
    },
    "model": "auth.permission",
    "pk": 37
},
{
    "fields": {
        "codename": "change_reviewassignment",
        "name": "Can change review assignment",
        "content_type": 13
    },
    "model": "auth.permission",
    "pk": 38
},
{
    "fields": {
        "codename": "delete_reviewassignment",
        "name": "Can delete review assignment",
        "content_type": 13
    },
    "model": "auth.permission",
    "pk": 39
},
{
    "fields": {
        "codename": "add_license",
        "name": "Can add license",
        "content_type": 14
    },
    "model": "auth.permission",
    "pk": 40
},
{
    "fields": {
        "codename": "change_license",
        "name": "Can change license",
        "content_type": 14
    },
    "model": "auth.permission",
    "pk": 41
},
{
    "fields": {
        "codename": "delete_license",
        "name": "Can delete license",
        "content_type": 14
    },
    "model": "auth.permission",
    "pk": 42
},
{
    "fields": {
        "codename": "add_series",
        "name": "Can add series",
        "content_type": 15
    },
    "model": "auth.permission",
    "pk": 43
},
{
    "fields": {
        "codename": "change_series",
        "name": "Can change series",
        "content_type": 15
    },
    "model": "auth.permission",
    "pk": 44
},
{
    "fields": {
        "codename": "delete_series",
        "name": "Can delete series",
        "content_type": 15
    },
    "model": "auth.permission",
    "pk": 45
},
{
    "fields": {
        "codename": "add_editor",
        "name": "Can add editor",
        "content_type": 16
    },
    "model": "auth.permission",
    "pk": 46
},
{
    "fields": {
        "codename": "change_editor",
        "name": "Can change editor",
        "content_type": 16
    },
    "model": "auth.permission",
    "pk": 47
},
{
    "fields": {
        "codename": "delete_editor",
        "name": "Can delete editor",
        "content_type": 16
    },
    "model": "auth.permission",
    "pk": 48
},
{
    "fields": {
        "codename": "add_file",
        "name": "Can add file",
        "content_type": 17
    },
    "model": "auth.permission",
    "pk": 49
},
{
    "fields": {
        "codename": "change_file",
        "name": "Can change file",
        "content_type": 17
    },
    "model": "auth.permission",
    "pk": 50
},
{
    "fields": {
        "codename": "delete_file",
        "name": "Can delete file",
        "content_type": 17
    },
    "model": "auth.permission",
    "pk": 51
},
{
    "fields": {
        "codename": "add_fileversion",
        "name": "Can add file version",
        "content_type": 18
    },
    "model": "auth.permission",
    "pk": 52
},
{
    "fields": {
        "codename": "change_fileversion",
        "name": "Can change file version",
        "content_type": 18
    },
    "model": "auth.permission",
    "pk": 53
},
{
    "fields": {
        "codename": "delete_fileversion",
        "name": "Can delete file version",
        "content_type": 18
    },
    "model": "auth.permission",
    "pk": 54
},
{
    "fields": {
        "codename": "add_subject",
        "name": "Can add subject",
        "content_type": 19
    },
    "model": "auth.permission",
    "pk": 55
},
{
    "fields": {
        "codename": "change_subject",
        "name": "Can change subject",
        "content_type": 19
    },
    "model": "auth.permission",
    "pk": 56
},
{
    "fields": {
        "codename": "delete_subject",
        "name": "Can delete subject",
        "content_type": 19
    },
    "model": "auth.permission",
    "pk": 57
},
{
    "fields": {
        "codename": "add_keyword",
        "name": "Can add keyword",
        "content_type": 20
    },
    "model": "auth.permission",
    "pk": 58
},
{
    "fields": {
        "codename": "change_keyword",
        "name": "Can change keyword",
        "content_type": 20
    },
    "model": "auth.permission",
    "pk": 59
},
{
    "fields": {
        "codename": "delete_keyword",
        "name": "Can delete keyword",
        "content_type": 20
    },
    "model": "auth.permission",
    "pk": 60
},
{
    "fields": {
        "codename": "add_stage",
        "name": "Can add stage",
        "content_type": 21
    },
    "model": "auth.permission",
    "pk": 61
},
{
    "fields": {
        "codename": "change_stage",
        "name": "Can change stage",
        "content_type": 21
    },
    "model": "auth.permission",
    "pk": 62
},
{
    "fields": {
        "codename": "delete_stage",
        "name": "Can delete stage",
        "content_type": 21
    },
    "model": "auth.permission",
    "pk": 63
},
{
    "fields": {
        "codename": "add_task",
        "name": "Can add task",
        "content_type": 22
    },
    "model": "auth.permission",
    "pk": 64
},
{
    "fields": {
        "codename": "change_task",
        "name": "Can change task",
        "content_type": 22
    },
    "model": "auth.permission",
    "pk": 65
},
{
    "fields": {
        "codename": "delete_task",
        "name": "Can delete task",
        "content_type": 22
    },
    "model": "auth.permission",
    "pk": 66
},
{
    "fields": {
        "codename": "add_role",
        "name": "Can add role",
        "content_type": 23
    },
    "model": "auth.permission",
    "pk": 67
},
{
    "fields": {
        "codename": "change_role",
        "name": "Can change role",
        "content_type": 23
    },
    "model": "auth.permission",
    "pk": 68
},
{
    "fields": {
        "codename": "delete_role",
        "name": "Can delete role",
        "content_type": 23
    },
    "model": "auth.permission",
    "pk": 69
},
{
    "fields": {
        "codename": "add_log",
        "name": "Can add log",
        "content_type": 24
    },
    "model": "auth.permission",
    "pk": 70
},
{
    "fields": {
        "codename": "change_log",
        "name": "Can change log",
        "content_type": 24
    },
    "model": "auth.permission",
    "pk": 71
},
{
    "fields": {
        "codename": "delete_log",
        "name": "Can delete log",
        "content_type": 24
    },
    "model": "auth.permission",
    "pk": 72
},
{
    "fields": {
        "codename": "add_settinggroup",
        "name": "Can add setting group",
        "content_type": 25
    },
    "model": "auth.permission",
    "pk": 73
},
{
    "fields": {
        "codename": "change_settinggroup",
        "name": "Can change setting group",
        "content_type": 25
    },
    "model": "auth.permission",
    "pk": 74
},
{
    "fields": {
        "codename": "delete_settinggroup",
        "name": "Can delete setting group",
        "content_type": 25
    },
    "model": "auth.permission",
    "pk": 75
},
{
    "fields": {
        "codename": "add_setting",
        "name": "Can add setting",
        "content_type": 26
    },
    "model": "auth.permission",
    "pk": 76
},
{
    "fields": {
        "codename": "change_setting",
        "name": "Can change setting",
        "content_type": 26
    },
    "model": "auth.permission",
    "pk": 77
},
{
    "fields": {
        "codename": "delete_setting",
        "name": "Can delete setting",
        "content_type": 26
    },
    "model": "auth.permission",
    "pk": 78
},
{
    "fields": {
        "codename": "add_format",
        "name": "Can add format",
        "content_type": 27
    },
    "model": "auth.permission",
    "pk": 79
},
{
    "fields": {
        "codename": "change_format",
        "name": "Can change format",
        "content_type": 27
    },
    "model": "auth.permission",
    "pk": 80
},
{
    "fields": {
        "codename": "delete_format",
        "name": "Can delete format",
        "content_type": 27
    },
    "model": "auth.permission",
    "pk": 81
},
{
    "fields": {
        "codename": "add_chapter",
        "name": "Can add chapter",
        "content_type": 28
    },
    "model": "auth.permission",
    "pk": 82
},
{
    "fields": {
        "codename": "change_chapter",
        "name": "Can change chapter",
        "content_type": 28
    },
    "model": "auth.permission",
    "pk": 83
},
{
    "fields": {
        "codename": "delete_chapter",
        "name": "Can delete chapter",
        "content_type": 28
    },
    "model": "auth.permission",
    "pk": 84
},
{
    "fields": {
        "codename": "add_proposalform",
        "name": "Can add proposal form",
        "content_type": 29
    },
    "model": "auth.permission",
    "pk": 85
},
{
    "fields": {
        "codename": "change_proposalform",
        "name": "Can change proposal form",
        "content_type": 29
    },
    "model": "auth.permission",
    "pk": 86
},
{
    "fields": {
        "codename": "delete_proposalform",
        "name": "Can delete proposal form",
        "content_type": 29
    },
    "model": "auth.permission",
    "pk": 87
},
{
    "fields": {
        "codename": "add_proposalformelement",
        "name": "Can add proposal form element",
        "content_type": 30
    },
    "model": "auth.permission",
    "pk": 88
},
{
    "fields": {
        "codename": "change_proposalformelement",
        "name": "Can change proposal form element",
        "content_type": 30
    },
    "model": "auth.permission",
    "pk": 89
},
{
    "fields": {
        "codename": "delete_proposalformelement",
        "name": "Can delete proposal form element",
        "content_type": 30
    },
    "model": "auth.permission",
    "pk": 90
},
{
    "fields": {
        "codename": "add_proposalformelementsrelationship",
        "name": "Can add proposal form elements relationship",
        "content_type": 31
    },
    "model": "auth.permission",
    "pk": 91
},
{
    "fields": {
        "codename": "change_proposalformelementsrelationship",
        "name": "Can change proposal form elements relationship",
        "content_type": 31
    },
    "model": "auth.permission",
    "pk": 92
},
{
    "fields": {
        "codename": "delete_proposalformelementsrelationship",
        "name": "Can delete proposal form elements relationship",
        "content_type": 31
    },
    "model": "auth.permission",
    "pk": 93
},
{
    "fields": {
        "codename": "add_proposal",
        "name": "Can add proposal",
        "content_type": 32
    },
    "model": "auth.permission",
    "pk": 94
},
{
    "fields": {
        "codename": "change_proposal",
        "name": "Can change proposal",
        "content_type": 32
    },
    "model": "auth.permission",
    "pk": 95
},
{
    "fields": {
        "codename": "delete_proposal",
        "name": "Can delete proposal",
        "content_type": 32
    },
    "model": "auth.permission",
    "pk": 96
},
{
    "fields": {
        "codename": "add_submissionchecklistitem",
        "name": "Can add submission checklist item",
        "content_type": 33
    },
    "model": "auth.permission",
    "pk": 97
},
{
    "fields": {
        "codename": "change_submissionchecklistitem",
        "name": "Can change submission checklist item",
        "content_type": 33
    },
    "model": "auth.permission",
    "pk": 98
},
{
    "fields": {
        "codename": "delete_submissionchecklistitem",
        "name": "Can delete submission checklist item",
        "content_type": 33
    },
    "model": "auth.permission",
    "pk": 99
},
{
    "fields": {
        "codename": "add_proposalreview",
        "name": "Can add proposal review",
        "content_type": 34
    },
    "model": "auth.permission",
    "pk": 100
},
{
    "fields": {
        "codename": "change_proposalreview",
        "name": "Can change proposal review",
        "content_type": 34
    },
    "model": "auth.permission",
    "pk": 101
},
{
    "fields": {
        "codename": "delete_proposalreview",
        "name": "Can delete proposal review",
        "content_type": 34
    },
    "model": "auth.permission",
    "pk": 102
},
{
    "fields": {
        "codename": "add_group",
        "name": "Can add group",
        "content_type": 35
    },
    "model": "auth.permission",
    "pk": 103
},
{
    "fields": {
        "codename": "change_group",
        "name": "Can change group",
        "content_type": 35
    },
    "model": "auth.permission",
    "pk": 104
},
{
    "fields": {
        "codename": "delete_group",
        "name": "Can delete group",
        "content_type": 35
    },
    "model": "auth.permission",
    "pk": 105
},
{
    "fields": {
        "codename": "add_groupmembership",
        "name": "Can add group membership",
        "content_type": 36
    },
    "model": "auth.permission",
    "pk": 106
},
{
    "fields": {
        "codename": "change_groupmembership",
        "name": "Can change group membership",
        "content_type": 36
    },
    "model": "auth.permission",
    "pk": 107
},
{
    "fields": {
        "codename": "delete_groupmembership",
        "name": "Can delete group membership",
        "content_type": 36
    },
    "model": "auth.permission",
    "pk": 108
},
{
    "fields": {
        "codename": "add_form",
        "name": "Can add form",
        "content_type": 37
    },
    "model": "auth.permission",
    "pk": 109
},
{
    "fields": {
        "codename": "change_form",
        "name": "Can change form",
        "content_type": 37
    },
    "model": "auth.permission",
    "pk": 110
},
{
    "fields": {
        "codename": "delete_form",
        "name": "Can delete form",
        "content_type": 37
    },
    "model": "auth.permission",
    "pk": 111
},
{
    "fields": {
        "codename": "add_formresult",
        "name": "Can add form result",
        "content_type": 38
    },
    "model": "auth.permission",
    "pk": 112
},
{
    "fields": {
        "codename": "change_formresult",
        "name": "Can change form result",
        "content_type": 38
    },
    "model": "auth.permission",
    "pk": 113
},
{
    "fields": {
        "codename": "delete_formresult",
        "name": "Can delete form result",
        "content_type": 38
    },
    "model": "auth.permission",
    "pk": 114
},
{
    "fields": {
        "codename": "add_formelement",
        "name": "Can add form element",
        "content_type": 39
    },
    "model": "auth.permission",
    "pk": 115
},
{
    "fields": {
        "codename": "change_formelement",
        "name": "Can change form element",
        "content_type": 39
    },
    "model": "auth.permission",
    "pk": 116
},
{
    "fields": {
        "codename": "delete_formelement",
        "name": "Can delete form element",
        "content_type": 39
    },
    "model": "auth.permission",
    "pk": 117
},
{
    "fields": {
        "codename": "add_formelementsrelationship",
        "name": "Can add form elements relationship",
        "content_type": 40
    },
    "model": "auth.permission",
    "pk": 118
},
{
    "fields": {
        "codename": "change_formelementsrelationship",
        "name": "Can change form elements relationship",
        "content_type": 40
    },
    "model": "auth.permission",
    "pk": 119
},
{
    "fields": {
        "codename": "delete_formelementsrelationship",
        "name": "Can delete form elements relationship",
        "content_type": 40
    },
    "model": "auth.permission",
    "pk": 120
},
{
    "fields": {
        "codename": "add_crontask",
        "name": "Can add cron task",
        "content_type": 41
    },
    "model": "auth.permission",
    "pk": 121
},
{
    "fields": {
        "codename": "change_crontask",
        "name": "Can change cron task",
        "content_type": 41
    },
    "model": "auth.permission",
    "pk": 122
},
{
    "fields": {
        "codename": "delete_crontask",
        "name": "Can delete cron task",
        "content_type": 41
    },
    "model": "auth.permission",
    "pk": 123
},
{
    "fields": {
        "codename": "add_attachment",
        "name": "Can add attachment",
        "content_type": 42
    },
    "model": "auth.permission",
    "pk": 124
},
{
    "fields": {
        "codename": "change_attachment",
        "name": "Can change attachment",
        "content_type": 42
    },
    "model": "auth.permission",
    "pk": 125
},
{
    "fields": {
        "codename": "delete_attachment",
        "name": "Can delete attachment",
        "content_type": 42
    },
    "model": "auth.permission",
    "pk": 126
},
{
    "fields": {
        "codename": "add_emailaddress",
        "name": "Can add email address",
        "content_type": 43
    },
    "model": "auth.permission",
    "pk": 127
},
{
    "fields": {
        "codename": "change_emailaddress",
        "name": "Can change email address",
        "content_type": 43
    },
    "model": "auth.permission",
    "pk": 128
},
{
    "fields": {
        "codename": "delete_emailaddress",
        "name": "Can delete email address",
        "content_type": 43
    },
    "model": "auth.permission",
    "pk": 129
},
{
    "fields": {
        "codename": "add_emailconfirmation",
        "name": "Can add email confirmation",
        "content_type": 44
    },
    "model": "auth.permission",
    "pk": 130
},
{
    "fields": {
        "codename": "change_emailconfirmation",
        "name": "Can change email confirmation",
        "content_type": 44
    },
    "model": "auth.permission",
    "pk": 131
},
{
    "fields": {
        "codename": "delete_emailconfirmation",
        "name": "Can delete email confirmation",
        "content_type": 44
    },
    "model": "auth.permission",
    "pk": 132
},
{
    "fields": {
        "codename": "add_socialapp",
        "name": "Can add social application",
        "content_type": 45
    },
    "model": "auth.permission",
    "pk": 133
},
{
    "fields": {
        "codename": "change_socialapp",
        "name": "Can change social application",
        "content_type": 45
    },
    "model": "auth.permission",
    "pk": 134
},
{
    "fields": {
        "codename": "delete_socialapp",
        "name": "Can delete social application",
        "content_type": 45
    },
    "model": "auth.permission",
    "pk": 135
},
{
    "fields": {
        "codename": "add_socialaccount",
        "name": "Can add social account",
        "content_type": 46
    },
    "model": "auth.permission",
    "pk": 136
},
{
    "fields": {
        "codename": "change_socialaccount",
        "name": "Can change social account",
        "content_type": 46
    },
    "model": "auth.permission",
    "pk": 137
},
{
    "fields": {
        "codename": "delete_socialaccount",
        "name": "Can delete social account",
        "content_type": 46
    },
    "model": "auth.permission",
    "pk": 138
},
{
    "fields": {
        "codename": "add_socialtoken",
        "name": "Can add social application token",
        "content_type": 47
    },
    "model": "auth.permission",
    "pk": 139
},
{
    "fields": {
        "codename": "change_socialtoken",
        "name": "Can change social application token",
        "content_type": 47
    },
    "model": "auth.permission",
    "pk": 140
},
{
    "fields": {
        "codename": "delete_socialtoken",
        "name": "Can delete social application token",
        "content_type": 47
    },
    "model": "auth.permission",
    "pk": 141
},
{
    "fields": {
        "codename": "add_revision",
        "name": "Can add revision",
        "content_type": 48
    },
    "model": "auth.permission",
    "pk": 142
},
{
    "fields": {
        "codename": "change_revision",
        "name": "Can change revision",
        "content_type": 48
    },
    "model": "auth.permission",
    "pk": 143
},
{
    "fields": {
        "codename": "delete_revision",
        "name": "Can delete revision",
        "content_type": 48
    },
    "model": "auth.permission",
    "pk": 144
},
{
    "fields": {
        "codename": "add_identifier",
        "name": "Can add identifier",
        "content_type": 49
    },
    "model": "auth.permission",
    "pk": 145
},
{
    "fields": {
        "codename": "change_identifier",
        "name": "Can change identifier",
        "content_type": 49
    },
    "model": "auth.permission",
    "pk": 146
},
{
    "fields": {
        "codename": "delete_identifier",
        "name": "Can delete identifier",
        "content_type": 49
    },
    "model": "auth.permission",
    "pk": 147
},
{
    "fields": {
        "codename": "add_printsales",
        "name": "Can add print sales",
        "content_type": 50
    },
    "model": "auth.permission",
    "pk": 148
},
{
    "fields": {
        "codename": "change_printsales",
        "name": "Can change print sales",
        "content_type": 50
    },
    "model": "auth.permission",
    "pk": 149
},
{
    "fields": {
        "codename": "delete_printsales",
        "name": "Can delete print sales",
        "content_type": 50
    },
    "model": "auth.permission",
    "pk": 150
},
{
    "fields": {
        "codename": "add_language",
        "name": "Can add language",
        "content_type": 51
    },
    "model": "auth.permission",
    "pk": 151
},
{
    "fields": {
        "codename": "change_language",
        "name": "Can change language",
        "content_type": 51
    },
    "model": "auth.permission",
    "pk": 152
},
{
    "fields": {
        "codename": "delete_language",
        "name": "Can delete language",
        "content_type": 51
    },
    "model": "auth.permission",
    "pk": 153
},
{
    "fields": {
        "codename": "add_copyeditassignment",
        "name": "Can add copyedit assignment",
        "content_type": 52
    },
    "model": "auth.permission",
    "pk": 154
},
{
    "fields": {
        "codename": "change_copyeditassignment",
        "name": "Can change copyedit assignment",
        "content_type": 52
    },
    "model": "auth.permission",
    "pk": 155
},
{
    "fields": {
        "codename": "delete_copyeditassignment",
        "name": "Can delete copyedit assignment",
        "content_type": 52
    },
    "model": "auth.permission",
    "pk": 156
},
{
    "fields": {
        "codename": "add_indexassignment",
        "name": "Can add index assignment",
        "content_type": 53
    },
    "model": "auth.permission",
    "pk": 157
},
{
    "fields": {
        "codename": "change_indexassignment",
        "name": "Can change index assignment",
        "content_type": 53
    },
    "model": "auth.permission",
    "pk": 158
},
{
    "fields": {
        "codename": "delete_indexassignment",
        "name": "Can delete index assignment",
        "content_type": 53
    },
    "model": "auth.permission",
    "pk": 159
},
{
    "fields": {
        "codename": "add_typesetassignment",
        "name": "Can add typeset assignment",
        "content_type": 54
    },
    "model": "auth.permission",
    "pk": 160
},
{
    "fields": {
        "codename": "change_typesetassignment",
        "name": "Can change typeset assignment",
        "content_type": 54
    },
    "model": "auth.permission",
    "pk": 161
},
{
    "fields": {
        "codename": "delete_typesetassignment",
        "name": "Can delete typeset assignment",
        "content_type": 54
    },
    "model": "auth.permission",
    "pk": 162
},
{
    "fields": {
        "username": "ajrbyers",
        "first_name": "Andy",
        "last_name": "Byers",
        "is_active": true,
        "is_superuser": true,
        "is_staff": true,
        "last_login": "2015-09-01T17:29:10.371Z",
        "groups": [],
        "user_permissions": [],
        "password": "pbkdf2_sha256$20000$NWBmtdoVky6P$BdSRGfCfF9LrZp4JTKyUiaXcBlpdBkfT6s4i9KKW0kY=",
        "email": "ajrbyers@gmail.com",
        "date_joined": "2015-08-20T13:34:00.915Z"
    },
    "model": "auth.user",
    "pk": 1
},
{
    "fields": {
        "username": "andy",
        "first_name": "Paige",
        "last_name": "MacKay",
        "is_active": true,
        "is_superuser": true,
        "is_staff": true,
        "last_login": "2015-08-26T09:19:25Z",
        "groups": [],
        "user_permissions": [],
        "password": "pbkdf2_sha256$20000$cmSUnE4Cqsr9$iPHn7itS3nD/9ytvFNF9sNNGU2CeQpm9CU+DCpDX7LI=",
        "email": "paige.mackay@ubiquitypress.com",
        "date_joined": "2015-08-26T09:18:30Z"
    },
    "model": "auth.user",
    "pk": 2
},
{
    "fields": {
        "username": "mauro",
        "first_name": "Mauro",
        "last_name": "Sanchez",
        "is_active": true,
        "is_superuser": true,
        "is_staff": true,
        "last_login": null,
        "groups": [],
        "user_permissions": [],
        "password": "pbkdf2_sha256$20000$OoeWcFgjhtPc$zYlM6B2X3+OxQfnAPWBz1862EhcVfmQBNduu8rlzdL8=",
        "email": "mauro.sanchez@ubiquitypress.com",
        "date_joined": "2015-09-01T12:23:26Z"
    },
    "model": "auth.user",
    "pk": 3
},
{
    "fields": {
        "github": "ajrbyers",
        "middle_name": "JR",
        "roles": [
            3,
            4,
            8,
            9
        ],
        "confirmation_code": null,
        "date_confirmed": null,
        "country": "GB",
        "twitter": "ajrbyers",
        "profile_image": "profile_images/2de57d9a-f4d0-45f7-afae-dbde64024f78.jpg",
        "linkedin": "ajrbyers",
        "email_sent": null,
        "orcid": "0000-0002-4669-4330",
        "department": "Technical",
        "facebook": "ajrbyers",
        "user": 1,
        "impactstory": "",
        "salutation": "Mr",
        "activation_code": null,
        "institution": "Ubiquity Press",
        "biography": "Lead Web Developer for Ubiquity Press"
    },
    "model": "core.profile",
    "pk": 1
},
{
    "fields": {
        "github": "",
        "middle_name": "",
        "roles": [
            3,
            8,
            9
        ],
        "confirmation_code": "",
        "date_confirmed": "2015-08-26T09:18:47Z",
        "country": "AI",
        "twitter": "",
        "profile_image": "",
        "linkedin": "",
        "email_sent": null,
        "orcid": "",
        "department": "",
        "facebook": "",
        "user": 2,
        "impactstory": "",
        "salutation": null,
        "activation_code": "",
        "institution": "Ubiquity Press",
        "biography": ""
    },
    "model": "core.profile",
    "pk": 2
},
{
    "fields": {
        "github": "",
        "middle_name": "Lopez",
        "roles": [
            1,
            2,
            3,
            4,
            5,
            6,
            7,
            8,
            9
        ],
        "confirmation_code": "",
        "date_confirmed": "2015-09-01T12:24:16Z",
        "country": "GB",
        "twitter": "",
        "profile_image": "",
        "linkedin": "",
        "email_sent": "2015-09-01T12:24:14Z",
        "orcid": "",
        "department": "",
        "facebook": "",
        "user": 3,
        "impactstory": "",
        "salutation": "Miss",
        "activation_code": "",
        "institution": "Ubiquity Press",
        "biography": "dsfsdfdsf"
    },
    "model": "core.profile",
    "pk": 3
},
{
    "fields": {
        "files": [
            1,
            2,
            4,
            5
        ],
        "subtitle": "sadasdsds",
        "series": null,
        "competing_interests": "asdsadasds",
        "prefix": "1",
        "external_review_files": [],
        "owner": 1,
        "subject": [],
        "review_form": 1,
        "title": "Test 1",
        "pages": "1232",
        "languages": [
            1,
            8,
            28
        ],
        "editor": [],
        "review_type": "closed",
        "submission_date": null,
        "description": "asdasddasdsdfdsfdfsdfdsfsdf",
        "reviewer_suggestions": "dsaddasdasd",
        "misc_files": [
            19
        ],
        "review_assignments": [
            1,
            2
        ],
        "book_type": "monograph",
        "publication_date": null,
        "slug": "asdasdasd",
        "stage": 1,
        "cover_letter": "sdasdadsad",
        "license": 2,
        "author": [
            1
        ],
        "cover": "cover_images/26ae4a49-1ec8-4490-9195-e883de5cb48f.jpg",
        "contract": null,
        "internal_review_files": [
            1,
            2,
            4,
            5
        ],
        "submission_stage": 5,
        "keywords": []
    },
    "model": "core.book",
    "pk": 1
},
{
    "fields": {
        "files": [
            2,
            3
        ],
        "subtitle": "fdsf",
        "series": null,
        "competing_interests": "dsfsdfs",
        "prefix": "dsfsf",
        "external_review_files": [],
        "owner": 1,
        "subject": [],
        "review_form": null,
        "title": "dsfsdfds",
        "pages": "",
        "languages": [],
        "editor": [],
        "review_type": "open-with",
        "submission_date": null,
        "description": "dsfdsfsdf",
        "reviewer_suggestions": "dsfsdfsdf",
        "misc_files": [],
        "review_assignments": [],
        "book_type": "monograph",
        "publication_date": null,
        "slug": "dsfsdfds",
        "stage": 2,
        "cover_letter": "dfsdfdsf",
        "license": 5,
        "author": [
            2
        ],
        "cover": "",
        "contract": null,
        "internal_review_files": [],
        "submission_stage": 5,
        "keywords": [
            11,
            12,
            13
        ]
    },
    "model": "core.book",
    "pk": 2
},
{
    "fields": {
        "files": [
            4,
            5,
            6,
            7,
            8,
            9,
            10,
            11,
            12,
            13,
            14,
            15,
            16,
            17,
            18
        ],
        "subtitle": "sdsfsdfd",
        "series": null,
        "competing_interests": "fdsf",
        "prefix": "sdfdsf",
        "external_review_files": [],
        "owner": 1,
        "subject": [],
        "review_form": null,
        "title": "dsfsdfd",
        "pages": null,
        "languages": [],
        "editor": [],
        "review_type": "closed",
        "submission_date": null,
        "description": "sfsdfds",
        "reviewer_suggestions": "fsdfdsfsd",
        "misc_files": [],
        "review_assignments": [],
        "book_type": "monograph",
        "publication_date": null,
        "slug": null,
        "stage": null,
        "cover_letter": "dsfdsfsdfds",
        "license": 2,
        "author": [
            3
        ],
        "cover": "",
        "contract": null,
        "internal_review_files": [],
        "submission_stage": 3,
        "keywords": []
    },
    "model": "core.book",
    "pk": 3
},
{
    "fields": {
        "files": [
            20,
            21,
            22,
            23
        ],
        "subtitle": "dsfsdfsfsdf",
        "series": null,
        "competing_interests": "fsddsf",
        "prefix": "dfsdf",
        "external_review_files": [],
        "owner": 1,
        "subject": [],
        "review_form": 1,
        "title": "sdfdsfdsf",
        "pages": "",
        "languages": [],
        "editor": [],
        "review_type": "closed",
        "submission_date": null,
        "description": "dfdsfsdfs",
        "reviewer_suggestions": "fdsfsdfdsffds",
        "misc_files": [],
        "review_assignments": [
            5
        ],
        "book_type": "monograph",
        "publication_date": "2015-09-30",
        "slug": "sdfdsfdsf",
        "stage": 3,
        "cover_letter": "dsfsfdd",
        "license": 2,
        "author": [
            4
        ],
        "cover": "cover_images/59a0b506-e3c0-4853-894f-682e76bd89d3.jpg",
        "contract": null,
        "internal_review_files": [
            20,
            21
        ],
        "submission_stage": 5,
        "keywords": [
            7
        ]
    },
    "model": "core.book",
    "pk": 4
},
{
    "fields": {
        "files": [
            26
        ],
        "subtitle": "dsfdsfsd",
        "series": null,
        "competing_interests": "dsfsdff",
        "prefix": "dsfdsf",
        "external_review_files": [],
        "owner": 1,
        "subject": [],
        "review_form": null,
        "title": "dsfsdf",
        "pages": "343",
        "languages": [
            1
        ],
        "editor": [
            1,
            2
        ],
        "review_type": "open-with",
        "submission_date": null,
        "description": "dsfds",
        "reviewer_suggestions": "dsfdsfdsfdsf",
        "misc_files": [],
        "review_assignments": [],
        "book_type": "edited_volume",
        "publication_date": null,
        "slug": "dsfsdf",
        "stage": 4,
        "cover_letter": "dfdsfsdfdsf",
        "license": 3,
        "author": [],
        "cover": "",
        "contract": null,
        "internal_review_files": [],
        "submission_stage": 5,
        "keywords": []
    },
    "model": "core.book",
    "pk": 5
},
{
    "fields": {
        "files": [
            27
        ],
        "subtitle": "fdsfdsf",
        "series": null,
        "competing_interests": "dsfsdfdsf",
        "prefix": "sdfd",
        "external_review_files": [],
        "owner": 1,
        "subject": [],
        "review_form": null,
        "title": "fsdfds",
        "pages": null,
        "languages": [],
        "editor": [],
        "review_type": "closed",
        "submission_date": null,
        "description": "dsf",
        "reviewer_suggestions": "fdsfsdf",
        "misc_files": [],
        "review_assignments": [],
        "book_type": "monograph",
        "publication_date": null,
        "slug": "fsdfds",
        "stage": 5,
        "cover_letter": "sdfsfds",
        "license": 3,
        "author": [
            6
        ],
        "cover": "",
        "contract": null,
        "internal_review_files": [],
        "submission_stage": 5,
        "keywords": []
    },
    "model": "core.book",
    "pk": 6
},
{
    "fields": {
        "files": [],
        "subtitle": null,
        "series": null,
        "competing_interests": "gdfgdfgdfg",
        "prefix": null,
        "external_review_files": [],
        "owner": 1,
        "subject": [],
        "review_form": null,
        "title": null,
        "pages": null,
        "languages": [],
        "editor": [],
        "review_type": "closed",
        "submission_date": null,
        "description": null,
        "reviewer_suggestions": "gfgdfgfdgdf",
        "misc_files": [],
        "review_assignments": [],
        "book_type": "monograph",
        "publication_date": null,
        "slug": null,
        "stage": null,
        "cover_letter": "fdgdfgdf",
        "license": 4,
        "author": [
            7
        ],
        "cover": "",
        "contract": null,
        "internal_review_files": [],
        "submission_stage": 2,
        "keywords": []
    },
    "model": "core.book",
    "pk": 7
},
{
    "fields": {
        "files": [
            48,
            49
        ],
        "subtitle": "of Tests",
        "series": null,
        "competing_interests": "<span style=\"line-height: 22.2222232818604px;\">Test</span>",
        "prefix": "This",
        "external_review_files": [],
        "owner": 1,
        "subject": [],
        "review_form": 1,
        "title": "Is A Test",
        "pages": null,
        "languages": [],
        "editor": [],
        "review_type": "open-with",
        "submission_date": null,
        "description": "sdlfkjsdfkjsdf",
        "reviewer_suggestions": "<span style=\"line-height: 22.2222232818604px;\">Test</span>",
        "misc_files": [],
        "review_assignments": [
            6
        ],
        "book_type": "monograph",
        "publication_date": null,
        "slug": "is-a-test",
        "stage": 6,
        "cover_letter": "Test",
        "license": 2,
        "author": [
            8
        ],
        "cover": "",
        "contract": null,
        "internal_review_files": [
            48,
            49
        ],
        "submission_stage": 5,
        "keywords": []
    },
    "model": "core.book",
    "pk": 8
},
{
    "fields": {
        "body": "",
        "access_key": "d5d861c0-64e6-462e-980c-6f9b5e043b2c",
        "files": [],
        "accepted_reminder": true,
        "completed": null,
        "due": "2015-08-19",
        "results": null,
        "assigned": "2015-08-24",
        "competing_interests": "",
        "unaccepted_reminder": true,
        "book": 1,
        "user": 1,
        "recommendation": null,
        "review_type": "internal",
        "review_round": 1,
        "accepted": "2015-08-24",
        "declined": null,
        "overdue_reminder": true
    },
    "model": "core.reviewassignment",
    "pk": 1
},
{
    "fields": {
        "body": null,
        "access_key": "a364e7c5-4b61-40a2-8ab1-0b200426fc36",
        "files": [],
        "accepted_reminder": false,
        "completed": null,
        "due": "2015-08-31",
        "results": null,
        "assigned": "2015-08-27",
        "competing_interests": null,
        "unaccepted_reminder": false,
        "book": 1,
        "user": 1,
        "recommendation": null,
        "review_type": "internal",
        "review_round": 2,
        "accepted": null,
        "declined": null,
        "overdue_reminder": false
    },
    "model": "core.reviewassignment",
    "pk": 2
},
{
    "fields": {
        "body": null,
        "access_key": "7ce625b3-c2be-41ed-afc1-bf437bc3865d",
        "files": [],
        "accepted_reminder": false,
        "completed": null,
        "due": "2015-08-31",
        "results": null,
        "assigned": "2015-08-29",
        "competing_interests": null,
        "unaccepted_reminder": false,
        "book": 4,
        "user": 1,
        "recommendation": null,
        "review_type": "internal",
        "review_round": 5,
        "accepted": null,
        "declined": null,
        "overdue_reminder": false
    },
    "model": "core.reviewassignment",
    "pk": 5
},
{
    "fields": {
        "body": null,
        "access_key": "1d6f226a-bcc9-461e-8f39-b9fa78b1124d",
        "files": [
            52
        ],
        "accepted_reminder": false,
        "completed": "2015-09-01",
        "due": "2015-09-30",
        "results": 3,
        "assigned": "2015-09-01",
        "competing_interests": "dfdsaf",
        "unaccepted_reminder": false,
        "book": 8,
        "user": 1,
        "recommendation": "reject",
        "review_type": "internal",
        "review_round": 8,
        "accepted": "2015-09-01",
        "declined": null,
        "overdue_reminder": false
    },
    "model": "core.reviewassignment",
    "pk": 6
},
{
    "fields": {
        "files": [
            1,
            2,
            4,
            5
        ],
        "requested": "2015-08-31",
        "editor_review": null,
        "author_invited": null,
        "copyedit_files": [],
        "completed": null,
        "note_to_author": null,
        "due": "2015-09-30",
        "author_files": [],
        "note": null,
        "requestor": 1,
        "book": 1,
        "copyeditor": 2,
        "accepted": null,
        "note_from_author": null,
        "declined": null,
        "author_completed": null
    },
    "model": "core.copyeditassignment",
    "pk": 15
},
{
    "fields": {
        "files": [
            1,
            2
        ],
        "requested": "2015-09-01",
        "editor_review": null,
        "author_invited": null,
        "copyedit_files": [],
        "completed": null,
        "note_to_author": null,
        "due": "2015-09-30",
        "author_files": [],
        "note": null,
        "requestor": 1,
        "book": 1,
        "copyeditor": 3,
        "accepted": null,
        "note_from_author": null,
        "declined": null,
        "author_completed": null
    },
    "model": "core.copyeditassignment",
    "pk": 16
},
{
    "fields": {
        "files": [
            1,
            2
        ],
        "requested": "2015-09-01",
        "editor_review": null,
        "author_invited": null,
        "copyedit_files": [],
        "completed": null,
        "note_to_author": null,
        "due": "2015-09-30",
        "author_files": [],
        "note": null,
        "requestor": 1,
        "book": 1,
        "copyeditor": 2,
        "accepted": null,
        "note_from_author": null,
        "declined": null,
        "author_completed": null
    },
    "model": "core.copyeditassignment",
    "pk": 17
},
{
    "fields": {
        "files": [
            1,
            2
        ],
        "requested": "2015-09-01",
        "editor_review": null,
        "author_invited": null,
        "copyedit_files": [
            29,
            30,
            31,
            32,
            33,
            34,
            35,
            36
        ],
        "completed": "2015-09-01",
        "note_to_author": null,
        "due": "2015-09-30",
        "author_files": [],
        "note": "Hello,\r\n\r\nThis is a note from the copyeditor.\r\n\r\nAndy",
        "requestor": 1,
        "book": 1,
        "copyeditor": 1,
        "accepted": "2015-09-01",
        "note_from_author": null,
        "declined": null,
        "author_completed": null
    },
    "model": "core.copyeditassignment",
    "pk": 18
},
{
    "fields": {
        "files": [
            2,
            3
        ],
        "requested": "2015-09-01",
        "editor_review": null,
        "author_invited": null,
        "copyedit_files": [],
        "completed": null,
        "note_to_author": null,
        "due": "2015-09-30",
        "author_files": [],
        "note": null,
        "requestor": 1,
        "book": 2,
        "copyeditor": 3,
        "accepted": null,
        "note_from_author": null,
        "declined": null,
        "author_completed": null
    },
    "model": "core.copyeditassignment",
    "pk": 19
},
{
    "fields": {
        "files": [
            2,
            3
        ],
        "requested": "2015-09-01",
        "editor_review": null,
        "author_invited": null,
        "copyedit_files": [],
        "completed": null,
        "note_to_author": null,
        "due": "2015-09-30",
        "author_files": [],
        "note": null,
        "requestor": 1,
        "book": 2,
        "copyeditor": 2,
        "accepted": null,
        "note_from_author": null,
        "declined": null,
        "author_completed": null
    },
    "model": "core.copyeditassignment",
    "pk": 20
},
{
    "fields": {
        "files": [
            2,
            3
        ],
        "requested": "2015-09-01",
        "editor_review": null,
        "author_invited": null,
        "copyedit_files": [
            37,
            38,
            39
        ],
        "completed": "2015-09-01",
        "note_to_author": null,
        "due": "2015-09-30",
        "author_files": [],
        "note": "Dear Editor,\r\n\r\nThis is a note from the copy editor.\r\n\r\n- An issue\r\n- Another issue\r\n\r\nRegards,\r\n\r\nMr Copyeditor",
        "requestor": 1,
        "book": 2,
        "copyeditor": 1,
        "accepted": "2015-09-01",
        "note_from_author": null,
        "declined": null,
        "author_completed": null
    },
    "model": "core.copyeditassignment",
    "pk": 21
},
{
    "fields": {
        "files": [
            26
        ],
        "requested": "2015-09-01",
        "editor_review": null,
        "author_invited": null,
        "copyedit_files": [],
        "completed": null,
        "note_to_author": null,
        "due": "2015-09-30",
        "author_files": [],
        "note": null,
        "requestor": 1,
        "book": 5,
        "copyeditor": 3,
        "accepted": null,
        "note_from_author": null,
        "declined": null,
        "author_completed": null
    },
    "model": "core.copyeditassignment",
    "pk": 22
},
{
    "fields": {
        "files": [
            26
        ],
        "requested": "2015-09-01",
        "editor_review": null,
        "author_invited": null,
        "copyedit_files": [],
        "completed": null,
        "note_to_author": null,
        "due": "2015-09-30",
        "author_files": [],
        "note": null,
        "requestor": 1,
        "book": 5,
        "copyeditor": 2,
        "accepted": null,
        "note_from_author": null,
        "declined": null,
        "author_completed": null
    },
    "model": "core.copyeditassignment",
    "pk": 23
},
{
    "fields": {
        "files": [
            26
        ],
        "requested": "2015-09-01",
        "editor_review": "2015-09-01",
        "author_invited": "2015-09-01",
        "copyedit_files": [
            41
        ],
        "completed": "2015-09-01",
        "note_to_author": "dfsdfdfsdadfsdfdf",
        "due": "2015-09-30",
        "author_files": [
            42,
            43,
            44,
            45
        ],
        "note": "sdfsdf",
        "requestor": 1,
        "book": 5,
        "copyeditor": 1,
        "accepted": "2015-09-01",
        "note_from_author": "dafsdffs",
        "declined": null,
        "author_completed": "2015-09-01"
    },
    "model": "core.copyeditassignment",
    "pk": 24
},
{
    "fields": {
        "files": [
            20
        ],
        "requested": "2015-09-01",
        "editor_review": null,
        "author_invited": null,
        "copyedit_files": [],
        "completed": null,
        "note_to_author": null,
        "due": "2015-09-30",
        "author_files": [],
        "note": null,
        "requestor": 1,
        "book": 4,
        "copyeditor": 3,
        "accepted": null,
        "note_from_author": null,
        "declined": null,
        "author_completed": null
    },
    "model": "core.copyeditassignment",
    "pk": 25
},
{
    "fields": {
        "files": [
            20
        ],
        "requested": "2015-09-01",
        "editor_review": null,
        "author_invited": null,
        "copyedit_files": [],
        "completed": null,
        "note_to_author": null,
        "due": "2015-09-30",
        "author_files": [],
        "note": null,
        "requestor": 1,
        "book": 4,
        "copyeditor": 2,
        "accepted": null,
        "note_from_author": null,
        "declined": null,
        "author_completed": null
    },
    "model": "core.copyeditassignment",
    "pk": 26
},
{
    "fields": {
        "files": [
            20
        ],
        "requested": "2015-09-01",
        "editor_review": "2015-09-01",
        "author_invited": "2015-09-01",
        "copyedit_files": [
            46
        ],
        "completed": "2015-09-01",
        "note_to_author": "dfsdfsdfsdf",
        "due": "2015-09-30",
        "author_files": [
            47
        ],
        "note": "sfsfsdfsdf",
        "requestor": 1,
        "book": 4,
        "copyeditor": 1,
        "accepted": "2015-09-01",
        "note_from_author": "dfsdfsdf",
        "declined": null,
        "author_completed": "2015-09-01"
    },
    "model": "core.copyeditassignment",
    "pk": 27
},
{
    "fields": {
        "files": [
            48,
            49
        ],
        "requested": "2015-09-01",
        "editor_review": "2015-09-01",
        "author_invited": "2015-09-01",
        "copyedit_files": [
            50
        ],
        "completed": "2015-09-01",
        "note_to_author": "sdfsdfdsf",
        "due": "2015-09-30",
        "author_files": [
            51
        ],
        "note": "erterte",
        "requestor": 1,
        "book": 8,
        "copyeditor": 1,
        "accepted": "2015-09-01",
        "note_from_author": "This is good. Made a small tweak.",
        "declined": null,
        "author_completed": "2015-09-01"
    },
    "model": "core.copyeditassignment",
    "pk": 34
},
{
    "fields": {
        "files": [
            48,
            50
        ],
        "requested": "2015-09-01",
        "note_from_indexer": "sdfsdfsdfsfsdfdf",
        "completed": "2015-09-02",
        "due": "2015-09-30",
        "indexer": 1,
        "requestor": 1,
        "book": 8,
        "accepted": "2015-09-02",
        "declined": null
    },
    "model": "core.indexassignment",
    "pk": 1
},
{
    "fields": {
        "files": [
            20,
            21
        ],
        "requested": "2015-09-02",
        "note_from_indexer": "dfsfdf",
        "completed": "2015-09-02",
        "due": "2015-09-16",
        "indexer": 1,
        "requestor": 1,
        "book": 4,
        "accepted": "2015-09-02",
        "declined": null
    },
    "model": "core.indexassignment",
    "pk": 2
},
{
    "fields": {
        "files": [],
        "requested": "2015-09-02",
        "accepted": null,
        "author_invited": null,
        "completed": null,
        "index_files": [],
        "note_to_author": null,
        "due": "2015-09-17",
        "typeset_files": [],
        "editor_review": null,
        "requestor": 1,
        "note": null,
        "book": 4,
        "note_from_author": null,
        "typesetter": 1,
        "author_files": [],
        "declined": null,
        "author_completed": null
    },
    "model": "core.typesetassignment",
    "pk": 1
},
{
    "fields": {
        "files": [
            20
        ],
        "requested": "2015-09-02",
        "accepted": "2015-09-02",
        "author_invited": "2015-09-02",
        "completed": "2015-09-02",
        "index_files": [],
        "note_to_author": "fdfsdfdfsfsdfdsff",
        "due": "2015-09-17",
        "typeset_files": [
            58,
            59,
            60,
            61,
            62,
            63
        ],
        "editor_review": "2015-09-02",
        "requestor": 1,
        "note": "rwefsfdfsdffdfdsfsd",
        "book": 4,
        "note_from_author": null,
        "typesetter": 1,
        "author_files": [],
        "declined": null,
        "author_completed": null
    },
    "model": "core.typesetassignment",
    "pk": 2
},
{
    "fields": {
        "kind": "manuscript",
        "description": null,
        "sequence": 1,
        "uuid_filename": "20f8578e-1b19-4430-8549-3536c58735e0.pdf",
        "label": "sadasd",
        "stage_uploaded": 1,
        "mime_type": "application/pdf",
        "original_filename": "2-33-1-PB.pdf",
        "owner": 1,
        "date_uploaded": "2015-08-25T17:29:21.919Z"
    },
    "model": "core.file",
    "pk": 1
},
{
    "fields": {
        "kind": "manuscript",
        "description": null,
        "sequence": 1,
        "uuid_filename": "26594e43-4a67-474e-9c97-fafb9c74a889..xml",
        "label": "dfsdf",
        "stage_uploaded": 1,
        "mime_type": "application/xml",
        "original_filename": "4-29-1-PB.xml",
        "owner": 1,
        "date_uploaded": "2015-08-25T14:01:36.843Z"
    },
    "model": "core.file",
    "pk": 2
},
{
    "fields": {
        "kind": "additional",
        "description": null,
        "sequence": 1,
        "uuid_filename": "24772162-c315-477b-a329-b9a2f76e9fb1..pdf",
        "label": "dsfdsfsd",
        "stage_uploaded": 1,
        "mime_type": "application/pdf",
        "original_filename": "21-136-2-PB.pdf",
        "owner": 1,
        "date_uploaded": "2015-08-25T14:01:42.682Z"
    },
    "model": "core.file",
    "pk": 3
},
{
    "fields": {
        "kind": "manuscript",
        "description": null,
        "sequence": 1,
        "uuid_filename": "75cf74cc-063c-43f5-9614-13e24f889aa2..epub",
        "label": null,
        "stage_uploaded": 1,
        "mime_type": "application/epub+zip",
        "original_filename": "1-3-9-1-10-20150129.epub",
        "owner": 1,
        "date_uploaded": "2015-08-25T14:47:07.888Z"
    },
    "model": "core.file",
    "pk": 4
},
{
    "fields": {
        "kind": "manuscript",
        "description": null,
        "sequence": 1,
        "uuid_filename": "232b68da-17d7-4d14-8002-e1f0f1a42053.epub",
        "label": null,
        "stage_uploaded": 1,
        "mime_type": "application/epub+zip",
        "original_filename": "12-3-121-1-10-20141114.epub",
        "owner": 1,
        "date_uploaded": "2015-08-25T17:29:33.492Z"
    },
    "model": "core.file",
    "pk": 5
},
{
    "fields": {
        "kind": "manuscript",
        "description": null,
        "sequence": 1,
        "uuid_filename": "8ea08669-c402-41bf-b675-618897ff281e..pdf",
        "label": null,
        "stage_uploaded": 1,
        "mime_type": "application/pdf",
        "original_filename": "2-33-1-PB.pdf",
        "owner": 1,
        "date_uploaded": "2015-08-25T14:47:07.955Z"
    },
    "model": "core.file",
    "pk": 6
},
{
    "fields": {
        "kind": "manuscript",
        "description": null,
        "sequence": 1,
        "uuid_filename": "7c900b33-94e0-4c11-b193-af8ca3042e0a..xml",
        "label": null,
        "stage_uploaded": 1,
        "mime_type": "application/xml",
        "original_filename": "4-29-1-PB-1.xml",
        "owner": 1,
        "date_uploaded": "2015-08-25T14:47:08.001Z"
    },
    "model": "core.file",
    "pk": 7
},
{
    "fields": {
        "kind": "manuscript",
        "description": null,
        "sequence": 1,
        "uuid_filename": "6cf0902a-2cae-487a-ae91-41f3a0701902..xml",
        "label": null,
        "stage_uploaded": 1,
        "mime_type": "application/xml",
        "original_filename": "4-29-1-PB.xml",
        "owner": 1,
        "date_uploaded": "2015-08-25T14:47:08.028Z"
    },
    "model": "core.file",
    "pk": 8
},
{
    "fields": {
        "kind": "manuscript",
        "description": null,
        "sequence": 1,
        "uuid_filename": "4f2cd1de-9848-4c11-9dbc-022a26ccec1e..xml",
        "label": null,
        "stage_uploaded": 1,
        "mime_type": "application/xml",
        "original_filename": "7-144-2-PB.xml",
        "owner": 1,
        "date_uploaded": "2015-08-25T14:47:08.052Z"
    },
    "model": "core.file",
    "pk": 9
},
{
    "fields": {
        "kind": "manuscript",
        "description": null,
        "sequence": 1,
        "uuid_filename": "f32951d5-f894-48f1-8f46-4f928bbbfdba..epub",
        "label": null,
        "stage_uploaded": 1,
        "mime_type": "application/epub+zip",
        "original_filename": "12-3-121-1-10-20141114.epub",
        "owner": 1,
        "date_uploaded": "2015-08-25T14:47:08.079Z"
    },
    "model": "core.file",
    "pk": 10
},
{
    "fields": {
        "kind": "manuscript",
        "description": null,
        "sequence": 1,
        "uuid_filename": "77dc2731-4829-4e09-ad08-455e0410d49e..xml",
        "label": null,
        "stage_uploaded": 1,
        "mime_type": "application/xml",
        "original_filename": "12-54-11-PB.xml",
        "owner": 1,
        "date_uploaded": "2015-08-25T14:47:08.105Z"
    },
    "model": "core.file",
    "pk": 11
},
{
    "fields": {
        "kind": "manuscript",
        "description": null,
        "sequence": 1,
        "uuid_filename": "c23f6030-c9f4-432b-b044-1205a650d5b6..pdf",
        "label": null,
        "stage_uploaded": 1,
        "mime_type": "application/pdf",
        "original_filename": "12-55-2-PB.pdf",
        "owner": 1,
        "date_uploaded": "2015-08-25T14:47:08.130Z"
    },
    "model": "core.file",
    "pk": 12
},
{
    "fields": {
        "kind": "manuscript",
        "description": null,
        "sequence": 1,
        "uuid_filename": "c103f402-2c3f-4ed7-995c-73d8cd6a204b..epub",
        "label": null,
        "stage_uploaded": 1,
        "mime_type": "application/epub+zip",
        "original_filename": "13-3-126-1-10-20141128 (1).epub",
        "owner": 1,
        "date_uploaded": "2015-08-25T14:47:08.157Z"
    },
    "model": "core.file",
    "pk": 13
},
{
    "fields": {
        "kind": "manuscript",
        "description": null,
        "sequence": 1,
        "uuid_filename": "6450035e-3800-4d33-a468-f11597afa5b4..epub",
        "label": null,
        "stage_uploaded": 1,
        "mime_type": "application/epub+zip",
        "original_filename": "13-3-126-1-10-20141128-2.epub",
        "owner": 1,
        "date_uploaded": "2015-08-25T14:47:08.183Z"
    },
    "model": "core.file",
    "pk": 14
},
{
    "fields": {
        "kind": "manuscript",
        "description": null,
        "sequence": 1,
        "uuid_filename": "e2812ec3-3318-49ca-b7f3-92ebe04b6734..epub",
        "label": null,
        "stage_uploaded": 1,
        "mime_type": "application/epub+zip",
        "original_filename": "13-3-126-1-10-20141128.epub",
        "owner": 1,
        "date_uploaded": "2015-08-25T14:47:08.210Z"
    },
    "model": "core.file",
    "pk": 15
},
{
    "fields": {
        "kind": "manuscript",
        "description": null,
        "sequence": 1,
        "uuid_filename": "2144e62a-261b-44cc-a6a5-01986b17c942..pdf",
        "label": null,
        "stage_uploaded": 1,
        "mime_type": "application/pdf",
        "original_filename": "13-3-127-1-10-20141128 (1).pdf",
        "owner": 1,
        "date_uploaded": "2015-08-25T14:47:08.248Z"
    },
    "model": "core.file",
    "pk": 16
},
{
    "fields": {
        "kind": "manuscript",
        "description": null,
        "sequence": 1,
        "uuid_filename": "51da3873-0239-4ff5-a53d-84d82d5c79cb..pdf",
        "label": null,
        "stage_uploaded": 1,
        "mime_type": "application/pdf",
        "original_filename": "13-3-127-1-10-20141128-2.pdf",
        "owner": 1,
        "date_uploaded": "2015-08-25T14:47:08.279Z"
    },
    "model": "core.file",
    "pk": 17
},
{
    "fields": {
        "kind": "manuscript",
        "description": null,
        "sequence": 1,
        "uuid_filename": "e654b692-3bf1-44c7-b04e-dec49aeb05aa..pdf",
        "label": null,
        "stage_uploaded": 1,
        "mime_type": "application/pdf",
        "original_filename": "13-3-127-1-10-20141128-3.pdf",
        "owner": 1,
        "date_uploaded": "2015-08-25T14:47:08.313Z"
    },
    "model": "core.file",
    "pk": 18
},
{
    "fields": {
        "kind": "other",
        "description": null,
        "sequence": 1,
        "uuid_filename": "eba39b63-3ab1-430b-9e63-cfee4b20ec40.xml",
        "label": "Test",
        "stage_uploaded": 1,
        "mime_type": "application/xml",
        "original_filename": "2-30-2-PB.xml",
        "owner": 1,
        "date_uploaded": "2015-08-25T14:48:15.244Z"
    },
    "model": "core.file",
    "pk": 19
},
{
    "fields": {
        "kind": "manuscript",
        "description": null,
        "sequence": 1,
        "uuid_filename": "e27b3d94-d8b9-42bf-b7e2-2b50bafe72c8..xml",
        "label": "dsfsdfsdf",
        "stage_uploaded": 1,
        "mime_type": "application/xml",
        "original_filename": "2-30-2-PB.xml",
        "owner": 1,
        "date_uploaded": "2015-08-26T09:15:26.993Z"
    },
    "model": "core.file",
    "pk": 20
},
{
    "fields": {
        "kind": "manuscript",
        "description": null,
        "sequence": 1,
        "uuid_filename": "250490e7-f1e4-4000-b505-ab8980951fae..pdf",
        "label": "dfdsf",
        "stage_uploaded": 1,
        "mime_type": "application/pdf",
        "original_filename": "2-33-1-PB.pdf",
        "owner": 1,
        "date_uploaded": "2015-08-26T09:15:27.000Z"
    },
    "model": "core.file",
    "pk": 21
},
{
    "fields": {
        "kind": "additional",
        "description": null,
        "sequence": 1,
        "uuid_filename": "94a4ac94-37b5-4c41-91af-8414a308a9e0..xml",
        "label": "sdfdsfds",
        "stage_uploaded": 1,
        "mime_type": "application/xml",
        "original_filename": "12-54-11-PB.xml",
        "owner": 1,
        "date_uploaded": "2015-08-26T09:15:34.847Z"
    },
    "model": "core.file",
    "pk": 22
},
{
    "fields": {
        "kind": "additional",
        "description": null,
        "sequence": 1,
        "uuid_filename": "159fefd0-d15c-43ed-9bb3-66e088a2370f.xml",
        "label": "fsdfds",
        "stage_uploaded": 1,
        "mime_type": "application/xml",
        "original_filename": "4-29-1-PB-1.xml",
        "owner": 2,
        "date_uploaded": "2015-08-26T09:20:58.590Z"
    },
    "model": "core.file",
    "pk": 23
},
{
    "fields": {
        "kind": "format",
        "description": null,
        "sequence": 1,
        "uuid_filename": "7d820b47-0b64-406f-bed0-3ec3687f9a2e.xml",
        "label": null,
        "stage_uploaded": 1,
        "mime_type": "application/xml",
        "original_filename": "74-778-1-PB.xml",
        "owner": 1,
        "date_uploaded": "2015-08-27T16:16:37.240Z"
    },
    "model": "core.file",
    "pk": 24
},
{
    "fields": {
        "kind": "chapter",
        "description": null,
        "sequence": 1,
        "uuid_filename": "4c3cb26e-47b4-4f01-84e4-4847447ecf14.pdf",
        "label": null,
        "stage_uploaded": 1,
        "mime_type": "application/pdf",
        "original_filename": "2-33-1-PB.pdf",
        "owner": 1,
        "date_uploaded": "2015-08-28T15:05:09.096Z"
    },
    "model": "core.file",
    "pk": 25
},
{
    "fields": {
        "kind": "manuscript",
        "description": null,
        "sequence": 1,
        "uuid_filename": "78a0ca09-6b3e-45e5-86ef-ec56d06409f5..jpg",
        "label": "dsfsdf",
        "stage_uploaded": 1,
        "mime_type": "image/jpeg",
        "original_filename": "cover.jpg",
        "owner": 1,
        "date_uploaded": "2015-08-29T00:00:43.727Z"
    },
    "model": "core.file",
    "pk": 26
},
{
    "fields": {
        "kind": "manuscript",
        "description": null,
        "sequence": 1,
        "uuid_filename": "9dfb0a80-cbd2-4cdb-95d8-85aef32b4836..epub",
        "label": "",
        "stage_uploaded": 1,
        "mime_type": "application/epub+zip",
        "original_filename": "1-3-5-1-10-20140630.epub",
        "owner": 1,
        "date_uploaded": "2015-08-29T01:04:30.646Z"
    },
    "model": "core.file",
    "pk": 27
},
{
    "fields": {
        "kind": "copyedit",
        "description": null,
        "sequence": 1,
        "uuid_filename": "804c5269-6c43-4214-bb25-a2b11004ea3e.pdf",
        "label": null,
        "stage_uploaded": 1,
        "mime_type": "application/pdf",
        "original_filename": "1-3-3-1-10-20140630.pdf",
        "owner": 1,
        "date_uploaded": "2015-09-01T14:49:05.048Z"
    },
    "model": "core.file",
    "pk": 28
},
{
    "fields": {
        "kind": "copyedit",
        "description": null,
        "sequence": 1,
        "uuid_filename": "eebe10ed-94f1-4fae-a6a1-e7717b4497bc.pdf",
        "label": "dsfdsfds",
        "stage_uploaded": 1,
        "mime_type": "application/pdf",
        "original_filename": "1-3-3-1-10-20140630.pdf",
        "owner": 1,
        "date_uploaded": "2015-09-01T15:03:21.938Z"
    },
    "model": "core.file",
    "pk": 29
},
{
    "fields": {
        "kind": "copyedit",
        "description": null,
        "sequence": 1,
        "uuid_filename": "81029646-fdaf-42c1-9a63-4f3b9c1604bd.epub",
        "label": "fdsfdsfdsf",
        "stage_uploaded": 1,
        "mime_type": "application/epub+zip",
        "original_filename": "1-3-5-1-10-20140630.epub",
        "owner": 1,
        "date_uploaded": "2015-09-01T15:03:21.945Z"
    },
    "model": "core.file",
    "pk": 30
},
{
    "fields": {
        "kind": "copyedit",
        "description": null,
        "sequence": 1,
        "uuid_filename": "d931db25-828c-4bb1-ba4b-1bc5f7b50cfc.jpg",
        "label": "sdfsdfsd",
        "stage_uploaded": 1,
        "mime_type": "image/jpeg",
        "original_filename": "cover.jpg",
        "owner": 1,
        "date_uploaded": "2015-09-01T15:03:21.953Z"
    },
    "model": "core.file",
    "pk": 31
},
{
    "fields": {
        "kind": "copyedit",
        "description": null,
        "sequence": 1,
        "uuid_filename": "58a7e5dd-1d83-41fd-afaf-b8eb15614148.jpg",
        "label": "fsdfsdfdsf",
        "stage_uploaded": 1,
        "mime_type": "image/jpeg",
        "original_filename": "cover.jpg",
        "owner": 1,
        "date_uploaded": "2015-09-01T15:03:21.959Z"
    },
    "model": "core.file",
    "pk": 32
},
{
    "fields": {
        "kind": "copyedit",
        "description": null,
        "sequence": 1,
        "uuid_filename": "04d7bad0-1751-4ab2-805f-899573778ce2.jpg",
        "label": "fsdfsdfdsf",
        "stage_uploaded": 1,
        "mime_type": "image/jpeg",
        "original_filename": "cover.jpg",
        "owner": 1,
        "date_uploaded": "2015-09-01T15:03:21.966Z"
    },
    "model": "core.file",
    "pk": 33
},
{
    "fields": {
        "kind": "copyedit",
        "description": null,
        "sequence": 1,
        "uuid_filename": "5c233846-7f8f-48e4-9db4-632860c16848.pdf",
        "label": "sdfdsfdsf",
        "stage_uploaded": 1,
        "mime_type": "application/pdf",
        "original_filename": "1-3-3-1-10-20140630.pdf",
        "owner": 1,
        "date_uploaded": "2015-09-01T15:03:21.973Z"
    },
    "model": "core.file",
    "pk": 34
},
{
    "fields": {
        "kind": "copyedit",
        "description": null,
        "sequence": 1,
        "uuid_filename": "403df9c4-c0fb-4157-8745-500150a84c22.epub",
        "label": "sdfsdfsdfsdf",
        "stage_uploaded": 1,
        "mime_type": "application/epub+zip",
        "original_filename": "1-3-5-1-10-20140630.epub",
        "owner": 1,
        "date_uploaded": "2015-09-01T15:03:21.979Z"
    },
    "model": "core.file",
    "pk": 35
},
{
    "fields": {
        "kind": "copyedit",
        "description": null,
        "sequence": 1,
        "uuid_filename": "702bb59f-ec90-47c7-8e32-319dbba0661c.jpg",
        "label": "sdfdsfsdf",
        "stage_uploaded": 1,
        "mime_type": "image/jpeg",
        "original_filename": "cover.jpg",
        "owner": 1,
        "date_uploaded": "2015-09-01T15:03:21.986Z"
    },
    "model": "core.file",
    "pk": 36
},
{
    "fields": {
        "kind": "copyedit",
        "description": null,
        "sequence": 1,
        "uuid_filename": "877eef20-47e8-42db-b799-5905f7765ae9.pdf",
        "label": "Completed PDF",
        "stage_uploaded": 1,
        "mime_type": "application/pdf",
        "original_filename": "1-3-3-1-10-20140630.pdf",
        "owner": 1,
        "date_uploaded": "2015-09-01T15:05:30.963Z"
    },
    "model": "core.file",
    "pk": 37
},
{
    "fields": {
        "kind": "copyedit",
        "description": null,
        "sequence": 1,
        "uuid_filename": "17791243-f119-4d42-be76-63b228ba5013.epub",
        "label": "Completed EPUB",
        "stage_uploaded": 1,
        "mime_type": "application/epub+zip",
        "original_filename": "1-3-5-1-10-20140630.epub",
        "owner": 1,
        "date_uploaded": "2015-09-01T15:05:30.973Z"
    },
    "model": "core.file",
    "pk": 38
},
{
    "fields": {
        "kind": "copyedit",
        "description": null,
        "sequence": 1,
        "uuid_filename": "e1435901-0c4a-4875-9ce8-7eb013841a9d.jpg",
        "label": "A cover image",
        "stage_uploaded": 1,
        "mime_type": "image/jpeg",
        "original_filename": "cover.jpg",
        "owner": 1,
        "date_uploaded": "2015-09-01T15:05:30.980Z"
    },
    "model": "core.file",
    "pk": 39
},
{
    "fields": {
        "kind": "copyedit",
        "description": null,
        "sequence": 1,
        "uuid_filename": "4ec28ec5-32bf-4772-927b-7a1977828f87.pdf",
        "label": "A PDF",
        "stage_uploaded": 1,
        "mime_type": "application/pdf",
        "original_filename": "1-3-3-1-10-20140630.pdf",
        "owner": 1,
        "date_uploaded": "2015-09-01T15:10:16.071Z"
    },
    "model": "core.file",
    "pk": 40
},
{
    "fields": {
        "kind": "copyedit",
        "description": null,
        "sequence": 1,
        "uuid_filename": "bc3779d1-7313-4952-85dc-8c67dc2c73b9.pdf",
        "label": "dsfdsf",
        "stage_uploaded": 1,
        "mime_type": "application/pdf",
        "original_filename": "1-3-3-1-10-20140630.pdf",
        "owner": 1,
        "date_uploaded": "2015-09-01T15:11:01.251Z"
    },
    "model": "core.file",
    "pk": 41
},
{
    "fields": {
        "kind": "copyedit",
        "description": null,
        "sequence": 1,
        "uuid_filename": "c8d08ccf-e938-470e-9100-201a03b05bdc.pdf",
        "label": null,
        "stage_uploaded": 1,
        "mime_type": "application/pdf",
        "original_filename": "author_guidelines_aug_2015.pdf",
        "owner": 1,
        "date_uploaded": "2015-09-01T22:23:11.720Z"
    },
    "model": "core.file",
    "pk": 42
},
{
    "fields": {
        "kind": "copyedit",
        "description": null,
        "sequence": 1,
        "uuid_filename": "eea0a58f-3774-4135-a875-e355ae1786d6.xlsx",
        "label": null,
        "stage_uploaded": 1,
        "mime_type": "application/vnd.openxmlformats-officedocument.spreadsheetml.sheet",
        "original_filename": "Transfer_schedule_Uopen.xlsx",
        "owner": 1,
        "date_uploaded": "2015-09-01T22:23:11.758Z"
    },
    "model": "core.file",
    "pk": 43
},
{
    "fields": {
        "kind": "copyedit",
        "description": null,
        "sequence": 1,
        "uuid_filename": "dd78293f-a679-4a54-b0ee-0c0542e004c9.xlsx",
        "label": null,
        "stage_uploaded": 1,
        "mime_type": "application/vnd.openxmlformats-officedocument.spreadsheetml.sheet",
        "original_filename": "Transfer_schedule_Uopen.xlsx",
        "owner": 1,
        "date_uploaded": "2015-09-01T22:25:17.518Z"
    },
    "model": "core.file",
    "pk": 44
},
{
    "fields": {
        "kind": "copyedit",
        "description": null,
        "sequence": 1,
        "uuid_filename": "765e8331-0c67-4efd-b5da-93d66300e9e1.xlsx",
        "label": null,
        "stage_uploaded": 1,
        "mime_type": "application/vnd.openxmlformats-officedocument.spreadsheetml.sheet",
        "original_filename": "Transfer_schedule_Uopen.xlsx",
        "owner": 1,
        "date_uploaded": "2015-09-01T22:26:12.352Z"
    },
    "model": "core.file",
    "pk": 45
},
{
    "fields": {
        "kind": "copyedit",
        "description": null,
        "sequence": 1,
        "uuid_filename": "5ae95cdb-fa39-4598-bb94-c57ee7d034f4.pdf",
        "label": "dfdsfs",
        "stage_uploaded": 1,
        "mime_type": "application/pdf",
        "original_filename": "author_guidelines_aug_2015.pdf",
        "owner": 1,
        "date_uploaded": "2015-09-01T22:28:55.142Z"
    },
    "model": "core.file",
    "pk": 46
},
{
    "fields": {
        "kind": "copyedit",
        "description": null,
        "sequence": 1,
        "uuid_filename": "fa233538-5468-4727-ad7d-1199f92ee2ad.xlsx",
        "label": null,
        "stage_uploaded": 1,
        "mime_type": "application/vnd.openxmlformats-officedocument.spreadsheetml.sheet",
        "original_filename": "Transfer_schedule_Uopen.xlsx",
        "owner": 1,
        "date_uploaded": "2015-09-01T22:29:51.879Z"
    },
    "model": "core.file",
    "pk": 47
},
{
    "fields": {
        "kind": "manuscript",
        "description": null,
        "sequence": 1,
        "uuid_filename": "ec89bd25-5867-4a7f-af2e-28689ceb9282..pdf",
        "label": "Manuscript",
        "stage_uploaded": 1,
        "mime_type": "application/pdf",
        "original_filename": "author_guidelines_aug_2015.pdf",
        "owner": 1,
        "date_uploaded": "2015-09-01T22:30:56.172Z"
    },
    "model": "core.file",
    "pk": 48
},
{
    "fields": {
        "kind": "manuscript",
        "description": null,
        "sequence": 1,
        "uuid_filename": "59c32b0d-7533-485e-851c-6612a0ed04f8..xlsx",
        "label": "Data",
        "stage_uploaded": 1,
        "mime_type": "application/vnd.openxmlformats-officedocument.spreadsheetml.sheet",
        "original_filename": "Transfer_schedule_Uopen.xlsx",
        "owner": 1,
        "date_uploaded": "2015-09-01T22:30:56.178Z"
    },
    "model": "core.file",
    "pk": 49
},
{
    "fields": {
        "kind": "copyedit",
        "description": null,
        "sequence": 1,
        "uuid_filename": "82941156-9c9d-4de4-b6cf-f95ae5d2ac92.xlsx",
        "label": "Data",
        "stage_uploaded": 1,
        "mime_type": "application/vnd.openxmlformats-officedocument.spreadsheetml.sheet",
        "original_filename": "Transfer_schedule_Uopen.xlsx",
        "owner": 1,
        "date_uploaded": "2015-09-01T22:33:40.829Z"
    },
    "model": "core.file",
    "pk": 50
},
{
    "fields": {
        "kind": "copyedit",
        "description": null,
        "sequence": 1,
        "uuid_filename": "91911a72-b446-4bd0-8a15-1c0d1f7817b3.pdf",
        "label": null,
        "stage_uploaded": 1,
        "mime_type": "application/pdf",
        "original_filename": "author_guidelines_aug_2015.pdf",
        "owner": 1,
        "date_uploaded": "2015-09-01T22:35:03.004Z"
    },
    "model": "core.file",
    "pk": 51
},
{
    "fields": {
        "kind": "reviewer",
        "description": null,
        "sequence": 1,
        "uuid_filename": "793b9a11-688b-453d-b5d7-54ecf0d11fee.pdf",
        "label": null,
        "stage_uploaded": 1,
        "mime_type": "application/pdf",
        "original_filename": "author_guidelines_aug_2015.pdf",
        "owner": 1,
        "date_uploaded": "2015-09-01T22:54:10.838Z"
    },
    "model": "core.file",
    "pk": 52
},
{
    "fields": {
        "kind": "index",
        "description": null,
        "sequence": 1,
        "uuid_filename": "7673ecbc-3ea7-439e-b0d7-64eb7e3e1fa3.pdf",
        "label": "dfdsfsdf",
        "stage_uploaded": 1,
        "mime_type": "application/pdf",
        "original_filename": "author_guidelines_aug_2015.pdf",
        "owner": 1,
        "date_uploaded": "2015-09-02T00:22:05.265Z"
    },
    "model": "core.file",
    "pk": 53
},
{
    "fields": {
        "kind": "index",
        "description": null,
        "sequence": 1,
        "uuid_filename": "4993968f-120f-410a-ac03-1eb3f476cbc6.xlsx",
        "label": "sdfsdfdsf",
        "stage_uploaded": 1,
        "mime_type": "application/vnd.openxmlformats-officedocument.spreadsheetml.sheet",
        "original_filename": "Transfer_schedule_Uopen.xlsx",
        "owner": 1,
        "date_uploaded": "2015-09-02T00:22:05.273Z"
    },
    "model": "core.file",
    "pk": 54
},
{
    "fields": {
        "kind": "index",
        "description": null,
        "sequence": 1,
        "uuid_filename": "4c4ca52a-4227-4389-8e20-cc2fb8a07fc9.pdf",
        "label": "sadsadsad",
        "stage_uploaded": 1,
        "mime_type": "application/pdf",
        "original_filename": "6-4-32-1-10-20140723.pdf",
        "owner": 1,
        "date_uploaded": "2015-09-02T12:21:28.388Z"
    },
    "model": "core.file",
    "pk": 55
},
{
    "fields": {
        "kind": "index",
        "description": null,
        "sequence": 1,
        "uuid_filename": "6db13506-b863-461b-915d-62bd02cf30d5.pdf",
        "label": "sadasdsaas",
        "stage_uploaded": 1,
        "mime_type": "application/pdf",
        "original_filename": "6-4-33-1-10-20140723.pdf",
        "owner": 1,
        "date_uploaded": "2015-09-02T12:21:28.397Z"
    },
    "model": "core.file",
    "pk": 56
},
{
    "fields": {
        "kind": "index",
        "description": null,
        "sequence": 1,
        "uuid_filename": "c94ccca1-6ded-4b49-844f-f015492d4f5a.pdf",
        "label": "asdasd",
        "stage_uploaded": 1,
        "mime_type": "application/pdf",
        "original_filename": "6-4-34-1-10-20140723.pdf",
        "owner": 1,
        "date_uploaded": "2015-09-02T12:21:28.407Z"
    },
    "model": "core.file",
    "pk": 57
},
{
    "fields": {
        "kind": "typeset",
        "description": null,
        "sequence": 1,
        "uuid_filename": "81e94c45-32bf-4081-8220-787d89ac4fe8.azw3",
        "label": "dfsf",
        "stage_uploaded": 1,
        "mime_type": "unknown",
        "original_filename": "6-3-62-1-10-20140818.azw3",
        "owner": 1,
        "date_uploaded": "2015-09-02T13:39:22.751Z"
    },
    "model": "core.file",
    "pk": 58
},
{
    "fields": {
        "kind": "typeset",
        "description": null,
        "sequence": 1,
        "uuid_filename": "1bcf3dee-12d4-4a5e-8c2c-d392335db61d.pdf",
        "label": "dsfsdfdsf",
        "stage_uploaded": 1,
        "mime_type": "application/pdf",
        "original_filename": "6-4-26-1-10-20140723.pdf",
        "owner": 1,
        "date_uploaded": "2015-09-02T13:39:22.759Z"
    },
    "model": "core.file",
    "pk": 59
},
{
    "fields": {
        "kind": "typeset",
        "description": null,
        "sequence": 1,
        "uuid_filename": "fdca561e-2df7-4d2a-8450-7b9029d2c688.pdf",
        "label": "sdfdsfsdfds",
        "stage_uploaded": 1,
        "mime_type": "application/pdf",
        "original_filename": "6-4-28-1-10-20140723.pdf",
        "owner": 1,
        "date_uploaded": "2015-09-02T13:39:22.766Z"
    },
    "model": "core.file",
    "pk": 60
},
{
    "fields": {
        "kind": "typeset",
        "description": null,
        "sequence": 1,
        "uuid_filename": "ce420dab-6322-4205-960d-ee71ea02ef5f.azw3",
        "label": "fsfdsfdsf",
        "stage_uploaded": 1,
        "mime_type": "unknown",
        "original_filename": "6-3-62-1-10-20140818.azw3",
        "owner": 1,
        "date_uploaded": "2015-09-02T13:39:22.775Z"
    },
    "model": "core.file",
    "pk": 61
},
{
    "fields": {
        "kind": "typeset",
        "description": null,
        "sequence": 1,
        "uuid_filename": "d790d3e5-fc36-4de5-bc7f-4f447c33ed8e.pdf",
        "label": "dsfsdfsdf",
        "stage_uploaded": 1,
        "mime_type": "application/pdf",
        "original_filename": "6-4-26-1-10-20140723.pdf",
        "owner": 1,
        "date_uploaded": "2015-09-02T13:39:22.783Z"
    },
    "model": "core.file",
    "pk": 62
},
{
    "fields": {
        "kind": "typeset",
        "description": null,
        "sequence": 1,
        "uuid_filename": "993bb8ae-7c63-48b7-8d16-8df0dbb80959.pdf",
        "label": "dsfsdfdfs",
        "stage_uploaded": 1,
        "mime_type": "application/pdf",
        "original_filename": "6-4-28-1-10-20140723.pdf",
        "owner": 1,
        "date_uploaded": "2015-09-02T13:39:22.791Z"
    },
    "model": "core.file",
    "pk": 63
},
{
    "fields": {
        "owner": 1,
        "uuid_filename": "c1df8d2d-0630-47f9-a430-316092d687af..xml",
        "date_uploaded": "2015-08-20T13:36:55.004Z",
        "original_filename": "crossref (6).xml",
        "file": 1
    },
    "model": "core.fileversion",
    "pk": 1
},
{
    "fields": {
        "owner": 1,
        "uuid_filename": "3a22b576-ec7e-43a9-aa94-b2dd104f6e47.xml",
        "date_uploaded": "2015-08-24T14:38:40.066Z",
        "original_filename": "176-780-1-PB.xml",
        "file": 1
    },
    "model": "core.fileversion",
    "pk": 2
},
{
    "fields": {
        "owner": 1,
        "uuid_filename": "b7fc0239-a462-4e82-a123-f0564a1cb725.pdf",
        "date_uploaded": "2015-08-25T17:28:23.211Z",
        "original_filename": "2-33-1-PB.pdf",
        "file": 1
    },
    "model": "core.fileversion",
    "pk": 3
},
{
    "fields": {
        "owner": 1,
        "uuid_filename": "924a6eb3-c127-4b92-819f-68deef26268b.pdf",
        "date_uploaded": "2015-08-25T17:28:51.372Z",
        "original_filename": "2-33-1-PB.pdf",
        "file": 1
    },
    "model": "core.fileversion",
    "pk": 4
},
{
    "fields": {
        "owner": 1,
        "uuid_filename": "d8acee5a-7343-4dba-a22b-3f1fcfa49cae..xml",
        "date_uploaded": "2015-08-25T14:47:07.913Z",
        "original_filename": "2-30-2-PB.xml",
        "file": 5
    },
    "model": "core.fileversion",
    "pk": 5
},
{
    "fields": {
        "owner": 1,
        "uuid_filename": "7a9b4532-f2ca-47df-9ee2-267aa6db312b..pdf",
        "date_uploaded": "2015-08-26T09:15:34.853Z",
        "original_filename": "12-55-2-PB.pdf",
        "file": 23
    },
    "model": "core.fileversion",
    "pk": 6
},
{
    "fields": {
        "owner": 1,
        "uuid_filename": "1a10b81a-3a0a-416f-9e98-927d4f35f7f6.xml",
        "date_uploaded": "2015-08-26T09:18:08.302Z",
        "original_filename": "4-29-1-PB-1.xml",
        "file": 23
    },
    "model": "core.fileversion",
    "pk": 7
},
{
    "fields": {
        "owner": 2,
        "uuid_filename": "6eeed234-c6f4-4eed-9332-5a6a62cd05bc.pdf",
        "date_uploaded": "2015-08-26T09:19:37.309Z",
        "original_filename": "2-33-1-PB.pdf",
        "file": 23
    },
    "model": "core.fileversion",
    "pk": 8
},
{
    "fields": {
        "owner": 1,
        "uuid_filename": "7fd3748c-a844-4098-9d1a-c4fe91e01ced.xml",
        "date_uploaded": "2015-08-27T16:16:21.671Z",
        "original_filename": "68-581-2-PB.xml",
        "file": 24
    },
    "model": "core.fileversion",
    "pk": 9
},
{
    "fields": {
        "workflow": "review",
        "text": "Revisions submitted for Test 1",
        "completed": "2015-09-01",
        "creator": 1,
        "due": null,
        "assigned": "2015-08-26",
        "assignee": 1,
        "book": 1
    },
    "model": "core.task",
    "pk": 1
},
{
    "fields": {
        "workflow": "submission",
        "text": "Revisions submitted for sdfdsfdsf",
        "completed": "2015-09-01",
        "creator": 1,
        "due": null,
        "assigned": "2015-08-27",
        "assignee": 1,
        "book": 4
    },
    "model": "core.task",
    "pk": 2
},
{
    "fields": {
        "workflow": "editing",
        "text": "Copyediting completed for dsfsdf",
        "completed": "2015-09-01",
        "creator": 1,
        "due": null,
        "assigned": "2015-09-01",
        "assignee": 1,
        "book": 5
    },
    "model": "core.task",
    "pk": 3
},
{
    "fields": {
        "workflow": "editing",
        "text": "Copyediting completed for sdfdsfdsf",
        "completed": "2015-09-01",
        "creator": 1,
        "due": null,
        "assigned": "2015-09-01",
        "assignee": 1,
        "book": 4
    },
    "model": "core.task",
    "pk": 4
},
{
    "fields": {
        "workflow": "editing",
        "text": "Author Copyediting completed for sdfdsfdsf",
        "completed": "2015-09-01",
        "creator": 1,
        "due": null,
        "assigned": "2015-09-01",
        "assignee": 1,
        "book": 4
    },
    "model": "core.task",
    "pk": 5
},
{
    "fields": {
        "workflow": "editing",
        "text": "Copyediting completed for Is A Test",
        "completed": "2015-09-01",
        "creator": 1,
        "due": null,
        "assigned": "2015-09-01",
        "assignee": 1,
        "book": 8
    },
    "model": "core.task",
    "pk": 6
},
{
    "fields": {
        "workflow": "editing",
        "text": "Author Copyediting completed for Is A Test",
        "completed": "2015-09-01",
        "creator": 1,
        "due": null,
        "assigned": "2015-09-01",
        "assignee": 1,
        "book": 8
    },
    "model": "core.task",
    "pk": 7
},
{
    "fields": {
        "workflow": "editing",
        "text": "Indexing completed for Is A Test",
        "completed": "2015-09-02",
        "creator": 1,
        "due": null,
        "assigned": "2015-09-02",
        "assignee": 1,
        "book": 8
    },
    "model": "core.task",
    "pk": 8
},
{
    "fields": {
        "workflow": "editing",
        "text": "Indexing completed for sdfdsfdsf",
        "completed": "2015-09-02",
        "creator": 1,
        "due": null,
        "assigned": "2015-09-02",
        "assignee": 1,
        "book": 4
    },
    "model": "core.task",
    "pk": 9
},
{
    "fields": {
        "kind": "submission",
        "short_name": "Submission Completed",
        "date_logged": "2015-08-20T13:36:58.173Z",
        "book": 1,
        "user": 1,
        "message": "Submission of asdasdasd completed"
    },
    "model": "core.log",
    "pk": 1
},
{
    "fields": {
        "kind": "review",
        "short_name": "Review Assignment",
        "date_logged": "2015-08-24T10:47:33.437Z",
        "book": 1,
        "user": 1,
        "message": "Reviewer Andy Byers assigned. Round 1"
    },
    "model": "core.log",
    "pk": 2
},
{
    "fields": {
        "kind": "file",
        "short_name": "Download",
        "date_logged": "2015-08-25T13:39:40.741Z",
        "book": 1,
        "user": 1,
        "message": "File 3a22b576-ec7e-43a9-aa94-b2dd104f6e47.xml downloaded."
    },
    "model": "core.log",
    "pk": 3
},
{
    "fields": {
        "kind": "submission",
        "short_name": "Submission Completed",
        "date_logged": "2015-08-25T14:01:47.229Z",
        "book": 2,
        "user": 1,
        "message": "Submission of dsfsdfds completed"
    },
    "model": "core.log",
    "pk": 4
},
{
    "fields": {
        "kind": "file",
        "short_name": "Download",
        "date_logged": "2015-08-25T17:21:01.064Z",
        "book": 1,
        "user": 1,
        "message": "File 3a22b576-ec7e-43a9-aa94-b2dd104f6e47.xml downloaded."
    },
    "model": "core.log",
    "pk": 5
},
{
    "fields": {
        "kind": "file",
        "short_name": "Download",
        "date_logged": "2015-08-25T17:21:05.823Z",
        "book": 1,
        "user": 1,
        "message": "File 3a22b576-ec7e-43a9-aa94-b2dd104f6e47.xml downloaded."
    },
    "model": "core.log",
    "pk": 6
},
{
    "fields": {
        "kind": "submission",
        "short_name": "Submission Completed",
        "date_logged": "2015-08-26T09:15:38.633Z",
        "book": 4,
        "user": 1,
        "message": "Submission of sdfdsfdsf completed"
    },
    "model": "core.log",
    "pk": 7
},
{
    "fields": {
        "kind": "file",
        "short_name": "Download",
        "date_logged": "2015-08-26T09:15:45.110Z",
        "book": 4,
        "user": 1,
        "message": "File e27b3d94-d8b9-42bf-b7e2-2b50bafe72c8..xml downloaded."
    },
    "model": "core.log",
    "pk": 8
},
{
    "fields": {
        "kind": "file",
        "short_name": "Download",
        "date_logged": "2015-08-26T09:15:45.882Z",
        "book": 4,
        "user": 1,
        "message": "File 250490e7-f1e4-4000-b505-ab8980951fae..pdf downloaded."
    },
    "model": "core.log",
    "pk": 9
},
{
    "fields": {
        "kind": "file",
        "short_name": "Download",
        "date_logged": "2015-08-26T09:15:46.548Z",
        "book": 4,
        "user": 1,
        "message": "File 94a4ac94-37b5-4c41-91af-8414a308a9e0..xml downloaded."
    },
    "model": "core.log",
    "pk": 10
},
{
    "fields": {
        "kind": "file",
        "short_name": "Download",
        "date_logged": "2015-08-26T09:15:47.107Z",
        "book": 4,
        "user": 1,
        "message": "File 7a9b4532-f2ca-47df-9ee2-267aa6db312b..pdf downloaded."
    },
    "model": "core.log",
    "pk": 11
},
{
    "fields": {
        "kind": "file",
        "short_name": "Download",
        "date_logged": "2015-08-27T16:16:45.144Z",
        "book": 1,
        "user": 1,
        "message": "File 7fd3748c-a844-4098-9d1a-c4fe91e01ced.xml downloaded."
    },
    "model": "core.log",
    "pk": 12
},
{
    "fields": {
        "kind": "review",
        "short_name": "Review Assignment",
        "date_logged": "2015-08-27T16:29:01.687Z",
        "book": 1,
        "user": 1,
        "message": "Reviewer Andy Byers assigned. Round 2"
    },
    "model": "core.log",
    "pk": 13
},
{
    "fields": {
        "kind": "submission",
        "short_name": "Submission Completed",
        "date_logged": "2015-08-29T00:00:58.554Z",
        "book": 5,
        "user": 1,
        "message": "Submission of dsfsdf completed"
    },
    "model": "core.log",
    "pk": 14
},
{
    "fields": {
        "kind": "submission",
        "short_name": "Submission Completed",
        "date_logged": "2015-08-29T01:04:34.943Z",
        "book": 6,
        "user": 1,
        "message": "Submission of fsdfds completed"
    },
    "model": "core.log",
    "pk": 15
},
{
    "fields": {
        "kind": "review",
        "short_name": "Review Assignment",
        "date_logged": "2015-08-29T01:08:28.686Z",
        "book": 4,
        "user": 1,
        "message": "Reviewer Andy Byers assigned. Round 1"
    },
    "model": "core.log",
    "pk": 16
},
{
    "fields": {
        "kind": "review",
        "short_name": "Review Assignment",
        "date_logged": "2015-08-29T01:09:05.910Z",
        "book": 4,
        "user": 1,
        "message": "Reviewer Andy Byers assigned. Round 1"
    },
    "model": "core.log",
    "pk": 17
},
{
    "fields": {
        "kind": "review",
        "short_name": "Review Assignment",
        "date_logged": "2015-08-29T01:10:33.944Z",
        "book": 4,
        "user": 1,
        "message": "Reviewer Andy Byers assigned. Round 1"
    },
    "model": "core.log",
    "pk": 18
},
{
    "fields": {
        "kind": "copyedit",
        "short_name": "Copyedit Assignment",
        "date_logged": "2015-08-31T16:09:58.071Z",
        "book": 1,
        "user": 1,
        "message": "Copyeditor Andy Byers assigned. Due 2015-08-31"
    },
    "model": "core.log",
    "pk": 19
},
{
    "fields": {
        "kind": "copyedit",
        "short_name": "Copyedit Assignment",
        "date_logged": "2015-08-31T16:10:07.025Z",
        "book": 1,
        "user": 1,
        "message": "Copyeditor Andy Byers assigned. Due 2015-08-31"
    },
    "model": "core.log",
    "pk": 20
},
{
    "fields": {
        "kind": "copyedit",
        "short_name": "Copyedit Assignment",
        "date_logged": "2015-08-31T16:10:23.588Z",
        "book": 1,
        "user": 1,
        "message": "Copyeditor Andy Byers assigned. Due 2015-08-31"
    },
    "model": "core.log",
    "pk": 21
},
{
    "fields": {
        "kind": "copyedit",
        "short_name": "Copyedit Assignment",
        "date_logged": "2015-08-31T16:10:53.088Z",
        "book": 1,
        "user": 1,
        "message": "Copyeditor Andy Byers assigned. Due 2015-08-31"
    },
    "model": "core.log",
    "pk": 22
},
{
    "fields": {
        "kind": "copyedit",
        "short_name": "Copyedit Assignment",
        "date_logged": "2015-08-31T16:11:33.236Z",
        "book": 1,
        "user": 1,
        "message": "Copyeditor Andy Byers assigned. Due 2015-08-31"
    },
    "model": "core.log",
    "pk": 23
},
{
    "fields": {
        "kind": "copyedit",
        "short_name": "Copyedit Assignment",
        "date_logged": "2015-08-31T16:13:11.061Z",
        "book": 1,
        "user": 1,
        "message": "Copyeditor Andy Byers assigned. Due 2015-08-31"
    },
    "model": "core.log",
    "pk": 24
},
{
    "fields": {
        "kind": "copyedit",
        "short_name": "Copyedit Assignment",
        "date_logged": "2015-08-31T16:13:30.657Z",
        "book": 1,
        "user": 1,
        "message": "Copyeditor Andy Byers assigned. Due 2015-08-31"
    },
    "model": "core.log",
    "pk": 25
},
{
    "fields": {
        "kind": "copyedit",
        "short_name": "Copyedit Assignment",
        "date_logged": "2015-08-31T16:13:42.470Z",
        "book": 1,
        "user": 1,
        "message": "Copyeditor Andy Byers assigned. Due 2015-08-01"
    },
    "model": "core.log",
    "pk": 26
},
{
    "fields": {
        "kind": "copyedit",
        "short_name": "Copyedit Assignment",
        "date_logged": "2015-08-31T16:14:18.223Z",
        "book": 1,
        "user": 1,
        "message": "Copyeditor Andy Byers assigned. Due 2015-08-31"
    },
    "model": "core.log",
    "pk": 27
},
{
    "fields": {
        "kind": "copyedit",
        "short_name": "Copyedit Assignment",
        "date_logged": "2015-08-31T16:14:30.884Z",
        "book": 1,
        "user": 1,
        "message": "Copyeditor Andy Byers assigned. Due 2015-08-12"
    },
    "model": "core.log",
    "pk": 28
},
{
    "fields": {
        "kind": "copyedit",
        "short_name": "Copyedit Assignment",
        "date_logged": "2015-08-31T16:14:45.291Z",
        "book": 1,
        "user": 1,
        "message": "Copyeditor Andy Byers assigned. Due 2015-08-31"
    },
    "model": "core.log",
    "pk": 29
},
{
    "fields": {
        "kind": "copyedit",
        "short_name": "Copyedit Assignment",
        "date_logged": "2015-08-31T16:14:55.183Z",
        "book": 1,
        "user": 1,
        "message": "Copyeditor Andy Byers assigned. Due 2015-08-14"
    },
    "model": "core.log",
    "pk": 30
},
{
    "fields": {
        "kind": "copyedit",
        "short_name": "Copyedit Assignment",
        "date_logged": "2015-08-31T16:15:41.732Z",
        "book": 1,
        "user": 1,
        "message": "Copyeditor Andy Byers assigned. Due 2015-08-31"
    },
    "model": "core.log",
    "pk": 31
},
{
    "fields": {
        "kind": "copyedit",
        "short_name": "Copyedit Assignment",
        "date_logged": "2015-08-31T16:26:06.988Z",
        "book": 1,
        "user": 1,
        "message": "Copyeditor Andy Byers assigned. Due 2015-09-30"
    },
    "model": "core.log",
    "pk": 32
},
{
    "fields": {
        "kind": "copyedit",
        "short_name": "Copyedit Assignment",
        "date_logged": "2015-09-01T12:34:29.893Z",
        "book": 1,
        "user": 1,
        "message": "Copyeditor Mauro Sanchez assigned. Due 2015-09-30"
    },
    "model": "core.log",
    "pk": 33
},
{
    "fields": {
        "kind": "copyedit",
        "short_name": "Copyedit Assignment",
        "date_logged": "2015-09-01T12:34:30.567Z",
        "book": 1,
        "user": 1,
        "message": "Copyeditor Paige MacKay assigned. Due 2015-09-30"
    },
    "model": "core.log",
    "pk": 34
},
{
    "fields": {
        "kind": "copyedit",
        "short_name": "Copyedit Assignment",
        "date_logged": "2015-09-01T12:34:30.623Z",
        "book": 1,
        "user": 1,
        "message": "Copyeditor Andy Byers assigned. Due 2015-09-30"
    },
    "model": "core.log",
    "pk": 35
},
{
    "fields": {
        "kind": "file",
        "short_name": "Download",
        "date_logged": "2015-09-01T12:53:32.235Z",
        "book": 1,
        "user": 1,
        "message": "File 20f8578e-1b19-4430-8549-3536c58735e0.pdf downloaded."
    },
    "model": "core.log",
    "pk": 36
},
{
    "fields": {
        "kind": "copyedit",
        "short_name": "Copyedit Assignment",
        "date_logged": "2015-09-01T15:04:03.255Z",
        "book": 2,
        "user": 1,
        "message": "Copyeditor Mauro Sanchez assigned. Due 2015-09-30"
    },
    "model": "core.log",
    "pk": 37
},
{
    "fields": {
        "kind": "copyedit",
        "short_name": "Copyedit Assignment",
        "date_logged": "2015-09-01T15:04:03.941Z",
        "book": 2,
        "user": 1,
        "message": "Copyeditor Paige MacKay assigned. Due 2015-09-30"
    },
    "model": "core.log",
    "pk": 38
},
{
    "fields": {
        "kind": "copyedit",
        "short_name": "Copyedit Assignment",
        "date_logged": "2015-09-01T15:04:04.001Z",
        "book": 2,
        "user": 1,
        "message": "Copyeditor Andy Byers assigned. Due 2015-09-30"
    },
    "model": "core.log",
    "pk": 39
},
{
    "fields": {
        "kind": "copyedit",
        "short_name": "Copyedit Assignment",
        "date_logged": "2015-09-01T15:09:50.965Z",
        "book": 5,
        "user": 1,
        "message": "Copyeditor Mauro Sanchez assigned. Due 2015-09-30"
    },
    "model": "core.log",
    "pk": 40
},
{
    "fields": {
        "kind": "copyedit",
        "short_name": "Copyedit Assignment",
        "date_logged": "2015-09-01T15:09:51.489Z",
        "book": 5,
        "user": 1,
        "message": "Copyeditor Paige MacKay assigned. Due 2015-09-30"
    },
    "model": "core.log",
    "pk": 41
},
{
    "fields": {
        "kind": "copyedit",
        "short_name": "Copyedit Assignment",
        "date_logged": "2015-09-01T15:09:51.536Z",
        "book": 5,
        "user": 1,
        "message": "Copyeditor Andy Byers assigned. Due 2015-09-30"
    },
    "model": "core.log",
    "pk": 42
},
{
    "fields": {
        "kind": "copyedit",
        "short_name": "Copyedit Assignment",
        "date_logged": "2015-09-01T22:28:02.106Z",
        "book": 4,
        "user": 1,
        "message": "Copyeditor Mauro Sanchez assigned. Due 2015-09-30"
    },
    "model": "core.log",
    "pk": 43
},
{
    "fields": {
        "kind": "copyedit",
        "short_name": "Copyedit Assignment",
        "date_logged": "2015-09-01T22:28:02.778Z",
        "book": 4,
        "user": 1,
        "message": "Copyeditor Paige MacKay assigned. Due 2015-09-30"
    },
    "model": "core.log",
    "pk": 44
},
{
    "fields": {
        "kind": "copyedit",
        "short_name": "Copyedit Assignment",
        "date_logged": "2015-09-01T22:28:02.824Z",
        "book": 4,
        "user": 1,
        "message": "Copyeditor Andy Byers assigned. Due 2015-09-30"
    },
    "model": "core.log",
    "pk": 45
},
{
    "fields": {
        "kind": "file",
        "short_name": "Download",
        "date_logged": "2015-09-01T22:28:10.400Z",
        "book": 4,
        "user": 1,
        "message": "File e27b3d94-d8b9-42bf-b7e2-2b50bafe72c8..xml downloaded."
    },
    "model": "core.log",
    "pk": 46
},
{
    "fields": {
        "kind": "submission",
        "short_name": "Submission Completed",
        "date_logged": "2015-09-01T22:31:00.563Z",
        "book": 8,
        "user": 1,
        "message": "Submission of Is A Test completed"
    },
    "model": "core.log",
    "pk": 47
},
{
    "fields": {
        "kind": "copyedit",
        "short_name": "Copyedit Assignment",
        "date_logged": "2015-09-01T22:31:19.786Z",
        "book": 8,
        "user": 1,
        "message": "Copyeditor Mauro Sanchez assigned. Due 2015-09-30"
    },
    "model": "core.log",
    "pk": 48
},
{
    "fields": {
        "kind": "copyedit",
        "short_name": "Copyedit Assignment",
        "date_logged": "2015-09-01T22:31:19.832Z",
        "book": 8,
        "user": 1,
        "message": "Copyeditor Paige MacKay assigned. Due 2015-09-30"
    },
    "model": "core.log",
    "pk": 49
},
{
    "fields": {
        "kind": "copyedit",
        "short_name": "Copyedit Assignment",
        "date_logged": "2015-09-01T22:31:19.881Z",
        "book": 8,
        "user": 1,
        "message": "Copyeditor Andy Byers assigned. Due 2015-09-30"
    },
    "model": "core.log",
    "pk": 50
},
{
    "fields": {
        "kind": "copyedit",
        "short_name": "Copyedit Assignment",
        "date_logged": "2015-09-01T22:32:38.362Z",
        "book": 8,
        "user": 1,
        "message": "Copyeditor Mauro Sanchez assigned. Due 2015-09-19"
    },
    "model": "core.log",
    "pk": 51
},
{
    "fields": {
        "kind": "copyedit",
        "short_name": "Copyedit Assignment",
        "date_logged": "2015-09-01T22:32:39.045Z",
        "book": 8,
        "user": 1,
        "message": "Copyeditor Paige MacKay assigned. Due 2015-09-19"
    },
    "model": "core.log",
    "pk": 52
},
{
    "fields": {
        "kind": "copyedit",
        "short_name": "Copyedit Assignment",
        "date_logged": "2015-09-01T22:32:39.091Z",
        "book": 8,
        "user": 1,
        "message": "Copyeditor Andy Byers assigned. Due 2015-09-19"
    },
    "model": "core.log",
    "pk": 53
},
{
    "fields": {
        "kind": "copyedit",
        "short_name": "Copyedit Assignment",
        "date_logged": "2015-09-01T22:33:24.318Z",
        "book": 8,
        "user": 1,
        "message": "Copyeditor Andy Byers assigned. Due 2015-09-30"
    },
    "model": "core.log",
    "pk": 54
},
{
    "fields": {
        "kind": "review",
        "short_name": "Review Assignment",
        "date_logged": "2015-09-01T22:53:02.928Z",
        "book": 8,
        "user": 1,
        "message": "Reviewer Andy Byers assigned. Round 1"
    },
    "model": "core.log",
    "pk": 55
},
{
    "fields": {
        "kind": "review",
        "short_name": "Review Assignment",
        "date_logged": "2015-09-01T22:54:10.875Z",
        "book": 8,
        "user": 1,
        "message": "Reviewer Andy Byers completed review."
    },
    "model": "core.log",
    "pk": 56
},
{
    "fields": {
        "kind": "index",
        "short_name": "Indexing Assignment",
        "date_logged": "2015-09-01T22:56:37.688Z",
        "book": 8,
        "user": 1,
        "message": "Indexer Andy Byers assigned. Due 2015-09-30"
    },
    "model": "core.log",
    "pk": 57
},
{
    "fields": {
        "kind": "file",
        "short_name": "Download",
        "date_logged": "2015-09-02T00:18:32.831Z",
        "book": 8,
        "user": 1,
        "message": "File ec89bd25-5867-4a7f-af2e-28689ceb9282..pdf downloaded."
    },
    "model": "core.log",
    "pk": 58
},
{
    "fields": {
        "kind": "file",
        "short_name": "Download",
        "date_logged": "2015-09-02T00:18:33.430Z",
        "book": 8,
        "user": 1,
        "message": "File 82941156-9c9d-4de4-b6cf-f95ae5d2ac92.xlsx downloaded."
    },
    "model": "core.log",
    "pk": 59
},
{
    "fields": {
        "kind": "file",
        "short_name": "Download",
        "date_logged": "2015-09-02T00:27:53.287Z",
        "book": 8,
        "user": 1,
        "message": "File ec89bd25-5867-4a7f-af2e-28689ceb9282..pdf downloaded."
    },
    "model": "core.log",
    "pk": 60
},
{
    "fields": {
        "kind": "file",
        "short_name": "Download",
        "date_logged": "2015-09-02T00:27:53.830Z",
        "book": 8,
        "user": 1,
        "message": "File 59c32b0d-7533-485e-851c-6612a0ed04f8..xlsx downloaded."
    },
    "model": "core.log",
    "pk": 61
},
{
    "fields": {
        "kind": "file",
        "short_name": "Download",
        "date_logged": "2015-09-02T00:27:54.411Z",
        "book": 8,
        "user": 1,
        "message": "File 82941156-9c9d-4de4-b6cf-f95ae5d2ac92.xlsx downloaded."
    },
    "model": "core.log",
    "pk": 62
},
{
    "fields": {
        "kind": "file",
        "short_name": "Download",
        "date_logged": "2015-09-02T00:27:55.027Z",
        "book": 8,
        "user": 1,
        "message": "File 91911a72-b446-4bd0-8a15-1c0d1f7817b3.pdf downloaded."
    },
    "model": "core.log",
    "pk": 63
},
{
    "fields": {
        "kind": "index",
        "short_name": "Indexing Assignment",
        "date_logged": "2015-09-02T12:21:15.868Z",
        "book": 4,
        "user": 1,
        "message": "Indexer Andy Byers assigned. Due 2015-09-16"
    },
    "model": "core.log",
    "pk": 64
},
{
    "fields": {
        "kind": "typeser",
        "short_name": "Typeset Assignment",
        "date_logged": "2015-09-02T12:31:32.015Z",
        "book": 4,
        "user": 1,
        "message": "Typesetter Andy Byers assigned. Due 2015-09-17"
    },
    "model": "core.log",
    "pk": 65
},
{
    "fields": {
        "status": "submission",
        "review_form": 2,
        "subtitle": "title",
        "form": 1,
        "author": "author",
        "title": "subtitle",
        "date_submitted": "2015-08-25T13:51:56.116Z",
        "review_assignments": [
            1
        ],
        "date_review_started": "2015-08-28T22:02:03.775Z",
        "owner": 1,
        "data": "{\"Test\": [\";oaihjfsd`kljfghds\", \"text\"], \"Another Form Element\": [\"wlghjdfgk.jshgiule\", \"text\"], \"Pages\": [\"10,000\", \"text\"]}"
    },
    "model": "submission.proposal",
    "pk": 1
},
{
    "fields": {
        "status": "submission",
        "review_form": 2,
        "subtitle": "Subtiel",
        "form": 1,
        "author": "Me",
        "title": "Title",
        "date_submitted": "2015-08-27T12:56:01.310Z",
        "review_assignments": [],
        "date_review_started": null,
        "owner": 1,
        "data": "{\"Test\": [\"Test\", \"text\"], \"Another Form Element\": [\"test\", \"text\"], \"Pages\": [\"100,000+\", \"text\"]}"
    },
    "model": "submission.proposal",
    "pk": 2
},
{
    "fields": {
        "files": [],
        "completed": null,
        "due": "2015-08-31",
        "results": null,
        "assigned": "2015-08-28",
        "competing_interests": null,
        "user": 1,
        "recommendation": null,
        "proposal": 1,
        "accepted": null,
        "declined": null
    },
    "model": "submission.proposalreview",
    "pk": 1
},
{
    "fields": {
        "cover_letter": "",
        "requested": "2015-08-25",
        "completed": null,
        "due": "2015-08-25",
        "requestor": 1,
        "book": 1,
        "overdue_reminder": false,
        "revision_type": "submission",
        "notes_from_editor": ""
    },
    "model": "revisions.revision",
    "pk": 1
},
{
    "fields": {
        "cover_letter": null,
        "requested": "2015-08-25",
        "completed": null,
        "due": "2015-08-31",
        "requestor": 1,
        "book": 1,
        "overdue_reminder": false,
        "revision_type": "submission",
        "notes_from_editor": "Here are some awesome notes to help you complete your revisions. Your work sucks."
    },
    "model": "revisions.revision",
    "pk": 2
},
{
    "fields": {
        "cover_letter": null,
        "requested": "2015-08-25",
        "completed": null,
        "due": "2015-08-29",
        "requestor": 1,
        "book": 2,
        "overdue_reminder": false,
        "revision_type": "submission",
        "notes_from_editor": "dfsfdf"
    },
    "model": "revisions.revision",
    "pk": 3
},
{
    "fields": {
        "cover_letter": null,
        "requested": "2015-08-25",
        "completed": null,
        "due": "2015-08-31",
        "requestor": 1,
        "book": 2,
        "overdue_reminder": false,
        "revision_type": "submission",
        "notes_from_editor": "dfdsf"
    },
    "model": "revisions.revision",
    "pk": 4
},
{
    "fields": {
        "cover_letter": null,
        "requested": "2015-08-25",
        "completed": null,
        "due": "2015-08-31",
        "requestor": 1,
        "book": 2,
        "overdue_reminder": false,
        "revision_type": "submission",
        "notes_from_editor": "sdfsdfsfsd"
    },
    "model": "revisions.revision",
    "pk": 5
},
{
    "fields": {
        "cover_letter": null,
        "requested": "2015-08-26",
        "completed": null,
        "due": "2015-08-31",
        "requestor": 2,
        "book": 4,
        "overdue_reminder": false,
        "revision_type": "submission",
        "notes_from_editor": "dsfdsfdsfdsf"
    },
    "model": "revisions.revision",
    "pk": 6
},
{
    "fields": {
        "cover_letter": "dfsdfdsf",
        "requested": "2015-08-26",
        "completed": "2015-08-26",
        "due": "2015-08-31",
        "requestor": 1,
        "book": 1,
        "overdue_reminder": false,
        "revision_type": "review",
        "notes_from_editor": "The reviewers said that you need to do some revision work. Because you suck."
    },
    "model": "revisions.revision",
    "pk": 7
},
{
    "fields": {
        "cover_letter": "dsfdsfsdf",
        "requested": "2015-08-26",
        "completed": "2015-08-26",
        "due": "2015-08-31",
        "requestor": 1,
        "book": 2,
        "overdue_reminder": false,
        "revision_type": "submission",
        "notes_from_editor": "sgsgfdg"
    },
    "model": "revisions.revision",
    "pk": 8
},
{
    "fields": {
        "cover_letter": "fdsfdsfsdfsfdsffdsfsdfdsfff",
        "requested": "2015-08-26",
        "completed": "2015-08-26",
        "due": "2015-08-31",
        "requestor": 1,
        "book": 2,
        "overdue_reminder": false,
        "revision_type": "submission",
        "notes_from_editor": "dfsdf"
    },
    "model": "revisions.revision",
    "pk": 9
},
{
    "fields": {
        "cover_letter": "dsafsfdsf",
        "requested": "2015-08-26",
        "completed": "2015-08-26",
        "due": "2015-08-31",
        "requestor": 1,
        "book": 2,
        "overdue_reminder": false,
        "revision_type": "submission",
        "notes_from_editor": "dfsdf"
    },
    "model": "revisions.revision",
    "pk": 10
},
{
    "fields": {
        "cover_letter": "sefdsfsfdsfsfdfdsfsfdsf",
        "requested": "2015-08-26",
        "completed": "2015-08-26",
        "due": "2015-08-31",
        "requestor": 1,
        "book": 2,
        "overdue_reminder": false,
        "revision_type": "submission",
        "notes_from_editor": "efdsfsdff"
    },
    "model": "revisions.revision",
    "pk": 11
},
{
    "fields": {
        "cover_letter": null,
        "requested": "2015-08-27",
        "completed": null,
        "due": "2015-08-31",
        "requestor": 1,
        "book": 2,
        "overdue_reminder": false,
        "revision_type": "review",
        "notes_from_editor": "dfsdfd"
    },
    "model": "revisions.revision",
    "pk": 12
},
{
    "fields": {
        "cover_letter": "ddsdfsdfdsfdsfsdf",
        "requested": "2015-08-27",
        "completed": null,
        "due": "2015-08-13",
        "requestor": 1,
        "book": 4,
        "overdue_reminder": true,
        "revision_type": "submission",
        "notes_from_editor": "sdasdsdsadasdasd"
    },
    "model": "revisions.revision",
    "pk": 13
},
{
    "fields": {
        "action_flag": 1,
        "action_time": "2015-08-24T10:44:15.554Z",
        "object_repr": "A Form Element",
        "object_id": "1",
        "change_message": "",
        "user": 1,
        "content_type": 39
    },
    "model": "admin.logentry",
    "pk": 1
},
{
    "fields": {
        "action_flag": 1,
        "action_time": "2015-08-24T10:47:15.044Z",
        "object_repr": "Another Form Element",
        "object_id": "2",
        "change_message": "",
        "user": 1,
        "content_type": 39
    },
    "model": "admin.logentry",
    "pk": 2
},
{
    "fields": {
        "action_flag": 1,
        "action_time": "2015-08-24T10:47:26.851Z",
        "object_repr": "Review Form",
        "object_id": "1",
        "change_message": "",
        "user": 1,
        "content_type": 37
    },
    "model": "admin.logentry",
    "pk": 3
},
{
    "fields": {
        "action_flag": 1,
        "action_time": "2015-08-24T10:54:53.340Z",
        "object_repr": "reminders",
        "object_id": "1",
        "change_message": "",
        "user": 1,
        "content_type": 41
    },
    "model": "admin.logentry",
    "pk": 4
},
{
    "fields": {
        "action_flag": 1,
        "action_time": "2015-08-24T10:55:31.915Z",
        "object_repr": "cron",
        "object_id": "5",
        "change_message": "",
        "user": 1,
        "content_type": 25
    },
    "model": "admin.logentry",
    "pk": 5
},
{
    "fields": {
        "action_flag": 1,
        "action_time": "2015-08-24T10:55:45.296Z",
        "object_repr": "remind_unaccepted_reviews",
        "object_id": "15",
        "change_message": "",
        "user": 1,
        "content_type": 26
    },
    "model": "admin.logentry",
    "pk": 6
},
{
    "fields": {
        "action_flag": 1,
        "action_time": "2015-08-24T11:29:24.832Z",
        "object_repr": "unaccepted_reminder",
        "object_id": "16",
        "change_message": "",
        "user": 1,
        "content_type": 26
    },
    "model": "admin.logentry",
    "pk": 7
},
{
    "fields": {
        "action_flag": 2,
        "action_time": "2015-08-24T11:35:36.704Z",
        "object_repr": "1 - asdasdasd ajrbyers",
        "object_id": "1",
        "change_message": "Changed accepted.",
        "user": 1,
        "content_type": 13
    },
    "model": "admin.logentry",
    "pk": 8
},
{
    "fields": {
        "action_flag": 2,
        "action_time": "2015-08-24T11:37:56.623Z",
        "object_repr": "remind_unaccepted_reviews",
        "object_id": "15",
        "change_message": "No fields changed.",
        "user": 1,
        "content_type": 26
    },
    "model": "admin.logentry",
    "pk": 9
},
{
    "fields": {
        "action_flag": 1,
        "action_time": "2015-08-24T11:38:04.910Z",
        "object_repr": "remind_accepted_reviews",
        "object_id": "17",
        "change_message": "",
        "user": 1,
        "content_type": 26
    },
    "model": "admin.logentry",
    "pk": 10
},
{
    "fields": {
        "action_flag": 2,
        "action_time": "2015-08-24T11:38:21.647Z",
        "object_repr": "remind_accepted_reviews",
        "object_id": "17",
        "change_message": "Changed value.",
        "user": 1,
        "content_type": 26
    },
    "model": "admin.logentry",
    "pk": 11
},
{
    "fields": {
        "action_flag": 1,
        "action_time": "2015-08-24T11:38:54.712Z",
        "object_repr": "accepted_reminder",
        "object_id": "18",
        "change_message": "",
        "user": 1,
        "content_type": 26
    },
    "model": "admin.logentry",
    "pk": 12
},
{
    "fields": {
        "action_flag": 2,
        "action_time": "2015-08-24T11:39:45.475Z",
        "object_repr": "remind_unaccepted_reviews",
        "object_id": "15",
        "change_message": "Changed value.",
        "user": 1,
        "content_type": 26
    },
    "model": "admin.logentry",
    "pk": 13
},
{
    "fields": {
        "action_flag": 2,
        "action_time": "2015-08-24T11:40:41.365Z",
        "object_repr": "remind_accepted_reviews",
        "object_id": "17",
        "change_message": "No fields changed.",
        "user": 1,
        "content_type": 26
    },
    "model": "admin.logentry",
    "pk": 14
},
{
    "fields": {
        "action_flag": 2,
        "action_time": "2015-08-24T11:47:12.831Z",
        "object_repr": "accepted_reminder",
        "object_id": "18",
        "change_message": "Changed value.",
        "user": 1,
        "content_type": 26
    },
    "model": "admin.logentry",
    "pk": 15
},
{
    "fields": {
        "action_flag": 2,
        "action_time": "2015-08-24T11:54:24.033Z",
        "object_repr": "unaccepted_reminder",
        "object_id": "16",
        "change_message": "Changed value.",
        "user": 1,
        "content_type": 26
    },
    "model": "admin.logentry",
    "pk": 16
},
{
    "fields": {
        "action_flag": 2,
        "action_time": "2015-08-24T11:54:38.028Z",
        "object_repr": "accepted_reminder",
        "object_id": "18",
        "change_message": "Changed value.",
        "user": 1,
        "content_type": 26
    },
    "model": "admin.logentry",
    "pk": 17
},
{
    "fields": {
        "action_flag": 1,
        "action_time": "2015-08-24T12:27:16.698Z",
        "object_repr": "remind_overdue_reviews",
        "object_id": "19",
        "change_message": "",
        "user": 1,
        "content_type": 26
    },
    "model": "admin.logentry",
    "pk": 18
},
{
    "fields": {
        "action_flag": 1,
        "action_time": "2015-08-24T12:27:56.821Z",
        "object_repr": "overdue_reminder",
        "object_id": "20",
        "change_message": "",
        "user": 1,
        "content_type": 26
    },
    "model": "admin.logentry",
    "pk": 19
},
{
    "fields": {
        "action_flag": 2,
        "action_time": "2015-08-24T12:29:44.915Z",
        "object_repr": "1 - asdasdasd ajrbyers",
        "object_id": "1",
        "change_message": "Changed due.",
        "user": 1,
        "content_type": 13
    },
    "model": "admin.logentry",
    "pk": 20
},
{
    "fields": {
        "action_flag": 1,
        "action_time": "2015-08-25T13:47:30.222Z",
        "object_repr": "Proposal Form",
        "object_id": "2",
        "change_message": "",
        "user": 1,
        "content_type": 37
    },
    "model": "admin.logentry",
    "pk": 21
},
{
    "fields": {
        "action_flag": 1,
        "action_time": "2015-08-25T13:48:01.212Z",
        "object_repr": "proposal_form",
        "object_id": "21",
        "change_message": "",
        "user": 1,
        "content_type": 26
    },
    "model": "admin.logentry",
    "pk": 22
},
{
    "fields": {
        "action_flag": 2,
        "action_time": "2015-08-25T13:49:13.350Z",
        "object_repr": "proposal_form",
        "object_id": "21",
        "change_message": "Changed types and value.",
        "user": 1,
        "content_type": 26
    },
    "model": "admin.logentry",
    "pk": 23
},
{
    "fields": {
        "action_flag": 1,
        "action_time": "2015-08-25T13:50:02.487Z",
        "object_repr": "Test",
        "object_id": "1",
        "change_message": "",
        "user": 1,
        "content_type": 30
    },
    "model": "admin.logentry",
    "pk": 24
},
{
    "fields": {
        "action_flag": 1,
        "action_time": "2015-08-25T13:50:15.838Z",
        "object_repr": "Another Form Element",
        "object_id": "2",
        "change_message": "",
        "user": 1,
        "content_type": 30
    },
    "model": "admin.logentry",
    "pk": 25
},
{
    "fields": {
        "action_flag": 1,
        "action_time": "2015-08-25T13:50:56.617Z",
        "object_repr": "Pages",
        "object_id": "3",
        "change_message": "",
        "user": 1,
        "content_type": 30
    },
    "model": "admin.logentry",
    "pk": 26
},
{
    "fields": {
        "action_flag": 1,
        "action_time": "2015-08-25T13:51:12.640Z",
        "object_repr": "Pages",
        "object_id": "4",
        "change_message": "",
        "user": 1,
        "content_type": 30
    },
    "model": "admin.logentry",
    "pk": 27
},
{
    "fields": {
        "action_flag": 1,
        "action_time": "2015-08-25T13:51:29.488Z",
        "object_repr": "Proposal Form",
        "object_id": "1",
        "change_message": "",
        "user": 1,
        "content_type": 29
    },
    "model": "admin.logentry",
    "pk": 28
},
{
    "fields": {
        "action_flag": 2,
        "action_time": "2015-08-25T14:49:09.200Z",
        "object_repr": "Test 1",
        "object_id": "1",
        "change_message": "Changed prefix, title and files.",
        "user": 1,
        "content_type": 10
    },
    "model": "admin.logentry",
    "pk": 29
},
{
    "fields": {
        "action_flag": 1,
        "action_time": "2015-08-25T17:13:29.232Z",
        "object_repr": "Revision object",
        "object_id": "1",
        "change_message": "",
        "user": 1,
        "content_type": 48
    },
    "model": "admin.logentry",
    "pk": 30
},
{
    "fields": {
        "action_flag": 2,
        "action_time": "2015-08-26T09:19:16.996Z",
        "object_repr": "andy",
        "object_id": "2",
        "change_message": "Changed is_staff and is_superuser.",
        "user": 1,
        "content_type": 5
    },
    "model": "admin.logentry",
    "pk": 31
},
{
    "fields": {
        "action_flag": 1,
        "action_time": "2015-08-26T13:39:21.358Z",
        "object_repr": "request_revisions",
        "object_id": "22",
        "change_message": "",
        "user": 1,
        "content_type": 26
    },
    "model": "admin.logentry",
    "pk": 32
},
{
    "fields": {
        "action_flag": 2,
        "action_time": "2015-08-27T13:01:40.922Z",
        "object_repr": "Proposal object",
        "object_id": "2",
        "change_message": "Changed review_form.",
        "user": 1,
        "content_type": 32
    },
    "model": "admin.logentry",
    "pk": 33
},
{
    "fields": {
        "action_flag": 1,
        "action_time": "2015-08-27T14:25:09.688Z",
        "object_repr": "revisions_reminder",
        "object_id": "23",
        "change_message": "",
        "user": 1,
        "content_type": 26
    },
    "model": "admin.logentry",
    "pk": 34
},
{
    "fields": {
        "action_flag": 1,
        "action_time": "2015-08-27T17:44:53.827Z",
        "object_repr": "revisions_reminder_email",
        "object_id": "24",
        "change_message": "",
        "user": 1,
        "content_type": 26
    },
    "model": "admin.logentry",
    "pk": 35
},
{
    "fields": {
        "action_flag": 2,
        "action_time": "2015-08-27T18:00:23.425Z",
        "object_repr": "Revision object",
        "object_id": "13",
        "change_message": "Changed due and completed.",
        "user": 1,
        "content_type": 48
    },
    "model": "admin.logentry",
    "pk": 36
},
{
    "fields": {
        "action_flag": 2,
        "action_time": "2015-08-27T18:01:07.199Z",
        "object_repr": "Revision object",
        "object_id": "13",
        "change_message": "Changed due.",
        "user": 1,
        "content_type": 48
    },
    "model": "admin.logentry",
    "pk": 37
},
{
    "fields": {
        "action_flag": 2,
        "action_time": "2015-08-27T18:03:00.456Z",
        "object_repr": "revisions_reminder_email",
        "object_id": "24",
        "change_message": "Changed value.",
        "user": 1,
        "content_type": 26
    },
    "model": "admin.logentry",
    "pk": 38
},
{
    "fields": {
        "action_flag": 3,
        "action_time": "2015-08-29T01:10:25.616Z",
        "object_repr": "4 - sdfdsfdsf ajrbyers",
        "object_id": "4",
        "change_message": "",
        "user": 1,
        "content_type": 13
    },
    "model": "admin.logentry",
    "pk": 39
},
{
    "fields": {
        "action_flag": 3,
        "action_time": "2015-08-29T01:10:25.624Z",
        "object_repr": "3 - sdfdsfdsf ajrbyers",
        "object_id": "3",
        "change_message": "",
        "user": 1,
        "content_type": 13
    },
    "model": "admin.logentry",
    "pk": 40
},
{
    "fields": {
        "action_flag": 3,
        "action_time": "2015-08-29T01:33:06.165Z",
        "object_repr": "Zuni",
        "object_id": "487",
        "change_message": "",
        "user": 1,
        "content_type": 51
    },
    "model": "admin.logentry",
    "pk": 41
},
{
    "fields": {
        "action_flag": 3,
        "action_time": "2015-08-29T01:33:06.175Z",
        "object_repr": "Zenaga",
        "object_id": "484",
        "change_message": "",
        "user": 1,
        "content_type": 51
    },
    "model": "admin.logentry",
    "pk": 42
},
{
    "fields": {
        "action_flag": 3,
        "action_time": "2015-08-29T01:33:06.185Z",
        "object_repr": "Zaza; Dimili; Dimli; Kirdki; Kirmanjki; Zazaki",
        "object_id": "483",
        "change_message": "",
        "user": 1,
        "content_type": 51
    },
    "model": "admin.logentry",
    "pk": 43
},
{
    "fields": {
        "action_flag": 3,
        "action_time": "2015-08-29T01:33:06.194Z",
        "object_repr": "Zande languages",
        "object_id": "481",
        "change_message": "",
        "user": 1,
        "content_type": 51
    },
    "model": "admin.logentry",
    "pk": 44
},
{
    "fields": {
        "action_flag": 3,
        "action_time": "2015-08-29T01:33:06.203Z",
        "object_repr": "Yupik languages",
        "object_id": "480",
        "change_message": "",
        "user": 1,
        "content_type": 51
    },
    "model": "admin.logentry",
    "pk": 45
},
{
    "fields": {
        "action_flag": 3,
        "action_time": "2015-08-29T01:33:06.211Z",
        "object_repr": "Yoruba",
        "object_id": "479",
        "change_message": "",
        "user": 1,
        "content_type": 51
    },
    "model": "admin.logentry",
    "pk": 46
},
{
    "fields": {
        "action_flag": 3,
        "action_time": "2015-08-29T01:33:06.220Z",
        "object_repr": "Yao",
        "object_id": "476",
        "change_message": "",
        "user": 1,
        "content_type": 51
    },
    "model": "admin.logentry",
    "pk": 47
},
{
    "fields": {
        "action_flag": 3,
        "action_time": "2015-08-29T01:33:06.228Z",
        "object_repr": "Yakut",
        "object_id": "475",
        "change_message": "",
        "user": 1,
        "content_type": 51
    },
    "model": "admin.logentry",
    "pk": 48
},
{
    "fields": {
        "action_flag": 3,
        "action_time": "2015-08-29T01:33:06.236Z",
        "object_repr": "Xhosa",
        "object_id": "474",
        "change_message": "",
        "user": 1,
        "content_type": 51
    },
    "model": "admin.logentry",
    "pk": 49
},
{
    "fields": {
        "action_flag": 3,
        "action_time": "2015-08-29T01:33:06.244Z",
        "object_repr": "Wolof",
        "object_id": "473",
        "change_message": "",
        "user": 1,
        "content_type": 51
    },
    "model": "admin.logentry",
    "pk": 50
},
{
    "fields": {
        "action_flag": 3,
        "action_time": "2015-08-29T01:33:06.252Z",
        "object_repr": "Wolaitta; Wolaytta",
        "object_id": "472",
        "change_message": "",
        "user": 1,
        "content_type": 51
    },
    "model": "admin.logentry",
    "pk": 51
},
{
    "fields": {
        "action_flag": 3,
        "action_time": "2015-08-29T01:33:06.261Z",
        "object_repr": "Western Frisian",
        "object_id": "471",
        "change_message": "",
        "user": 1,
        "content_type": 51
    },
    "model": "admin.logentry",
    "pk": 52
},
{
    "fields": {
        "action_flag": 3,
        "action_time": "2015-08-29T01:33:06.269Z",
        "object_repr": "Washo",
        "object_id": "469",
        "change_message": "",
        "user": 1,
        "content_type": 51
    },
    "model": "admin.logentry",
    "pk": 53
},
{
    "fields": {
        "action_flag": 3,
        "action_time": "2015-08-29T01:33:06.278Z",
        "object_repr": "Waray",
        "object_id": "468",
        "change_message": "",
        "user": 1,
        "content_type": 51
    },
    "model": "admin.logentry",
    "pk": 54
},
{
    "fields": {
        "action_flag": 3,
        "action_time": "2015-08-29T01:33:06.287Z",
        "object_repr": "Walloon",
        "object_id": "467",
        "change_message": "",
        "user": 1,
        "content_type": 51
    },
    "model": "admin.logentry",
    "pk": 55
},
{
    "fields": {
        "action_flag": 3,
        "action_time": "2015-08-29T01:33:06.295Z",
        "object_repr": "Wakashan languages",
        "object_id": "466",
        "change_message": "",
        "user": 1,
        "content_type": 51
    },
    "model": "admin.logentry",
    "pk": 56
},
{
    "fields": {
        "action_flag": 3,
        "action_time": "2015-08-29T01:33:06.304Z",
        "object_repr": "Votic",
        "object_id": "465",
        "change_message": "",
        "user": 1,
        "content_type": 51
    },
    "model": "admin.logentry",
    "pk": 57
},
{
    "fields": {
        "action_flag": 3,
        "action_time": "2015-08-29T01:33:06.313Z",
        "object_repr": "Volap\u00fck",
        "object_id": "464",
        "change_message": "",
        "user": 1,
        "content_type": 51
    },
    "model": "admin.logentry",
    "pk": 58
},
{
    "fields": {
        "action_flag": 3,
        "action_time": "2015-08-29T01:33:06.322Z",
        "object_repr": "Upper Sorbian",
        "object_id": "458",
        "change_message": "",
        "user": 1,
        "content_type": 51
    },
    "model": "admin.logentry",
    "pk": 59
},
{
    "fields": {
        "action_flag": 3,
        "action_time": "2015-08-29T01:33:06.333Z",
        "object_repr": "Undetermined",
        "object_id": "457",
        "change_message": "",
        "user": 1,
        "content_type": 51
    },
    "model": "admin.logentry",
    "pk": 60
},
{
    "fields": {
        "action_flag": 3,
        "action_time": "2015-08-29T01:33:06.344Z",
        "object_repr": "Uncoded languages",
        "object_id": "456",
        "change_message": "",
        "user": 1,
        "content_type": 51
    },
    "model": "admin.logentry",
    "pk": 61
},
{
    "fields": {
        "action_flag": 3,
        "action_time": "2015-08-29T01:33:06.357Z",
        "object_repr": "Umbundu",
        "object_id": "455",
        "change_message": "",
        "user": 1,
        "content_type": 51
    },
    "model": "admin.logentry",
    "pk": 62
},
{
    "fields": {
        "action_flag": 3,
        "action_time": "2015-08-29T01:33:06.368Z",
        "object_repr": "Uighur; Uyghur",
        "object_id": "453",
        "change_message": "",
        "user": 1,
        "content_type": 51
    },
    "model": "admin.logentry",
    "pk": 63
},
{
    "fields": {
        "action_flag": 3,
        "action_time": "2015-08-29T01:33:06.379Z",
        "object_repr": "Ugaritic",
        "object_id": "452",
        "change_message": "",
        "user": 1,
        "content_type": 51
    },
    "model": "admin.logentry",
    "pk": 64
},
{
    "fields": {
        "action_flag": 3,
        "action_time": "2015-08-29T01:33:06.391Z",
        "object_repr": "Udmurt",
        "object_id": "451",
        "change_message": "",
        "user": 1,
        "content_type": 51
    },
    "model": "admin.logentry",
    "pk": 65
},
{
    "fields": {
        "action_flag": 3,
        "action_time": "2015-08-29T01:33:06.402Z",
        "object_repr": "Twi",
        "object_id": "450",
        "change_message": "",
        "user": 1,
        "content_type": 51
    },
    "model": "admin.logentry",
    "pk": 66
},
{
    "fields": {
        "action_flag": 3,
        "action_time": "2015-08-29T01:33:06.413Z",
        "object_repr": "Tuvinian",
        "object_id": "449",
        "change_message": "",
        "user": 1,
        "content_type": 51
    },
    "model": "admin.logentry",
    "pk": 67
},
{
    "fields": {
        "action_flag": 3,
        "action_time": "2015-08-29T01:33:06.422Z",
        "object_repr": "Tuvalu",
        "object_id": "448",
        "change_message": "",
        "user": 1,
        "content_type": 51
    },
    "model": "admin.logentry",
    "pk": 68
},
{
    "fields": {
        "action_flag": 3,
        "action_time": "2015-08-29T01:33:06.431Z",
        "object_repr": "Turkmen",
        "object_id": "447",
        "change_message": "",
        "user": 1,
        "content_type": 51
    },
    "model": "admin.logentry",
    "pk": 69
},
{
    "fields": {
        "action_flag": 3,
        "action_time": "2015-08-29T01:33:06.440Z",
        "object_repr": "Turkish, Ottoman (1500-1928)",
        "object_id": "446",
        "change_message": "",
        "user": 1,
        "content_type": 51
    },
    "model": "admin.logentry",
    "pk": 70
},
{
    "fields": {
        "action_flag": 3,
        "action_time": "2015-08-29T01:33:06.448Z",
        "object_repr": "Tupi languages",
        "object_id": "444",
        "change_message": "",
        "user": 1,
        "content_type": 51
    },
    "model": "admin.logentry",
    "pk": 71
},
{
    "fields": {
        "action_flag": 3,
        "action_time": "2015-08-29T01:33:06.457Z",
        "object_repr": "Tokelau",
        "object_id": "437",
        "change_message": "",
        "user": 1,
        "content_type": 51
    },
    "model": "admin.logentry",
    "pk": 72
},
{
    "fields": {
        "action_flag": 3,
        "action_time": "2015-08-29T01:33:06.466Z",
        "object_repr": "Tok Pisin",
        "object_id": "436",
        "change_message": "",
        "user": 1,
        "content_type": 51
    },
    "model": "admin.logentry",
    "pk": 73
},
{
    "fields": {
        "action_flag": 3,
        "action_time": "2015-08-29T01:33:06.475Z",
        "object_repr": "Tlingit",
        "object_id": "435",
        "change_message": "",
        "user": 1,
        "content_type": 51
    },
    "model": "admin.logentry",
    "pk": 74
},
{
    "fields": {
        "action_flag": 3,
        "action_time": "2015-08-29T01:33:06.484Z",
        "object_repr": "Tiv",
        "object_id": "434",
        "change_message": "",
        "user": 1,
        "content_type": 51
    },
    "model": "admin.logentry",
    "pk": 75
},
{
    "fields": {
        "action_flag": 3,
        "action_time": "2015-08-29T01:33:06.493Z",
        "object_repr": "Timne",
        "object_id": "433",
        "change_message": "",
        "user": 1,
        "content_type": 51
    },
    "model": "admin.logentry",
    "pk": 76
},
{
    "fields": {
        "action_flag": 3,
        "action_time": "2015-08-29T01:33:06.502Z",
        "object_repr": "Tigrinya",
        "object_id": "432",
        "change_message": "",
        "user": 1,
        "content_type": 51
    },
    "model": "admin.logentry",
    "pk": 77
},
{
    "fields": {
        "action_flag": 3,
        "action_time": "2015-08-29T01:33:06.511Z",
        "object_repr": "Tigre",
        "object_id": "431",
        "change_message": "",
        "user": 1,
        "content_type": 51
    },
    "model": "admin.logentry",
    "pk": 78
},
{
    "fields": {
        "action_flag": 3,
        "action_time": "2015-08-29T01:33:06.519Z",
        "object_repr": "Tibetan",
        "object_id": "430",
        "change_message": "",
        "user": 1,
        "content_type": 51
    },
    "model": "admin.logentry",
    "pk": 79
},
{
    "fields": {
        "action_flag": 3,
        "action_time": "2015-08-29T01:33:06.528Z",
        "object_repr": "Tetum",
        "object_id": "428",
        "change_message": "",
        "user": 1,
        "content_type": 51
    },
    "model": "admin.logentry",
    "pk": 80
},
{
    "fields": {
        "action_flag": 3,
        "action_time": "2015-08-29T01:33:06.537Z",
        "object_repr": "Tereno",
        "object_id": "427",
        "change_message": "",
        "user": 1,
        "content_type": 51
    },
    "model": "admin.logentry",
    "pk": 81
},
{
    "fields": {
        "action_flag": 3,
        "action_time": "2015-08-29T01:33:06.546Z",
        "object_repr": "Telugu",
        "object_id": "426",
        "change_message": "",
        "user": 1,
        "content_type": 51
    },
    "model": "admin.logentry",
    "pk": 82
},
{
    "fields": {
        "action_flag": 3,
        "action_time": "2015-08-29T01:33:06.554Z",
        "object_repr": "Tatar",
        "object_id": "425",
        "change_message": "",
        "user": 1,
        "content_type": 51
    },
    "model": "admin.logentry",
    "pk": 83
},
{
    "fields": {
        "action_flag": 3,
        "action_time": "2015-08-29T01:33:06.567Z",
        "object_repr": "Tamil",
        "object_id": "424",
        "change_message": "",
        "user": 1,
        "content_type": 51
    },
    "model": "admin.logentry",
    "pk": 84
},
{
    "fields": {
        "action_flag": 3,
        "action_time": "2015-08-29T01:33:06.575Z",
        "object_repr": "Tamashek",
        "object_id": "423",
        "change_message": "",
        "user": 1,
        "content_type": 51
    },
    "model": "admin.logentry",
    "pk": 85
},
{
    "fields": {
        "action_flag": 3,
        "action_time": "2015-08-29T01:33:06.584Z",
        "object_repr": "Tajik",
        "object_id": "422",
        "change_message": "",
        "user": 1,
        "content_type": 51
    },
    "model": "admin.logentry",
    "pk": 86
},
{
    "fields": {
        "action_flag": 3,
        "action_time": "2015-08-29T01:33:06.592Z",
        "object_repr": "Tai languages",
        "object_id": "421",
        "change_message": "",
        "user": 1,
        "content_type": 51
    },
    "model": "admin.logentry",
    "pk": 87
},
{
    "fields": {
        "action_flag": 3,
        "action_time": "2015-08-29T01:33:06.601Z",
        "object_repr": "Tahitian",
        "object_id": "420",
        "change_message": "",
        "user": 1,
        "content_type": 51
    },
    "model": "admin.logentry",
    "pk": 88
},
{
    "fields": {
        "action_flag": 3,
        "action_time": "2015-08-29T01:33:06.609Z",
        "object_repr": "Tagalog",
        "object_id": "419",
        "change_message": "",
        "user": 1,
        "content_type": 51
    },
    "model": "admin.logentry",
    "pk": 89
},
{
    "fields": {
        "action_flag": 3,
        "action_time": "2015-08-29T01:33:06.619Z",
        "object_repr": "Swati",
        "object_id": "415",
        "change_message": "",
        "user": 1,
        "content_type": 51
    },
    "model": "admin.logentry",
    "pk": 90
},
{
    "fields": {
        "action_flag": 3,
        "action_time": "2015-08-29T01:33:06.627Z",
        "object_repr": "Susu",
        "object_id": "413",
        "change_message": "",
        "user": 1,
        "content_type": 51
    },
    "model": "admin.logentry",
    "pk": 91
},
{
    "fields": {
        "action_flag": 3,
        "action_time": "2015-08-29T01:33:06.636Z",
        "object_repr": "Sumerian",
        "object_id": "411",
        "change_message": "",
        "user": 1,
        "content_type": 51
    },
    "model": "admin.logentry",
    "pk": 92
},
{
    "fields": {
        "action_flag": 3,
        "action_time": "2015-08-29T01:33:06.644Z",
        "object_repr": "Sranan Tongo",
        "object_id": "408",
        "change_message": "",
        "user": 1,
        "content_type": 51
    },
    "model": "admin.logentry",
    "pk": 93
},
{
    "fields": {
        "action_flag": 3,
        "action_time": "2015-08-29T01:33:06.652Z",
        "object_repr": "Southern Sami",
        "object_id": "406",
        "change_message": "",
        "user": 1,
        "content_type": 51
    },
    "model": "admin.logentry",
    "pk": 94
},
{
    "fields": {
        "action_flag": 3,
        "action_time": "2015-08-29T01:33:06.661Z",
        "object_repr": "Southern Altai",
        "object_id": "405",
        "change_message": "",
        "user": 1,
        "content_type": 51
    },
    "model": "admin.logentry",
    "pk": 95
},
{
    "fields": {
        "action_flag": 3,
        "action_time": "2015-08-29T01:33:06.669Z",
        "object_repr": "South American Indian languages",
        "object_id": "404",
        "change_message": "",
        "user": 1,
        "content_type": 51
    },
    "model": "admin.logentry",
    "pk": 96
},
{
    "fields": {
        "action_flag": 3,
        "action_time": "2015-08-29T01:33:06.677Z",
        "object_repr": "Sotho, Southern",
        "object_id": "403",
        "change_message": "",
        "user": 1,
        "content_type": 51
    },
    "model": "admin.logentry",
    "pk": 97
},
{
    "fields": {
        "action_flag": 3,
        "action_time": "2015-08-29T01:33:06.687Z",
        "object_repr": "Soninke",
        "object_id": "401",
        "change_message": "",
        "user": 1,
        "content_type": 51
    },
    "model": "admin.logentry",
    "pk": 98
},
{
    "fields": {
        "action_flag": 3,
        "action_time": "2015-08-29T01:34:08.816Z",
        "object_repr": "Slave (Athapascan)",
        "object_id": "394",
        "change_message": "",
        "user": 1,
        "content_type": 51
    },
    "model": "admin.logentry",
    "pk": 99
},
{
    "fields": {
        "action_flag": 3,
        "action_time": "2015-08-29T01:34:08.825Z",
        "object_repr": "Skolt Sami",
        "object_id": "393",
        "change_message": "",
        "user": 1,
        "content_type": 51
    },
    "model": "admin.logentry",
    "pk": 100
},
{
    "fields": {
        "action_flag": 3,
        "action_time": "2015-08-29T01:34:08.836Z",
        "object_repr": "Siouan languages",
        "object_id": "392",
        "change_message": "",
        "user": 1,
        "content_type": 51
    },
    "model": "admin.logentry",
    "pk": 101
},
{
    "fields": {
        "action_flag": 3,
        "action_time": "2015-08-29T01:34:08.845Z",
        "object_repr": "Sino-Tibetan languages",
        "object_id": "391",
        "change_message": "",
        "user": 1,
        "content_type": 51
    },
    "model": "admin.logentry",
    "pk": 102
},
{
    "fields": {
        "action_flag": 3,
        "action_time": "2015-08-29T01:34:08.853Z",
        "object_repr": "Sinhala; Sinhalese",
        "object_id": "390",
        "change_message": "",
        "user": 1,
        "content_type": 51
    },
    "model": "admin.logentry",
    "pk": 103
},
{
    "fields": {
        "action_flag": 3,
        "action_time": "2015-08-29T01:34:08.861Z",
        "object_repr": "Sindhi",
        "object_id": "389",
        "change_message": "",
        "user": 1,
        "content_type": 51
    },
    "model": "admin.logentry",
    "pk": 104
},
{
    "fields": {
        "action_flag": 3,
        "action_time": "2015-08-29T01:34:08.871Z",
        "object_repr": "Siksika",
        "object_id": "388",
        "change_message": "",
        "user": 1,
        "content_type": 51
    },
    "model": "admin.logentry",
    "pk": 105
},
{
    "fields": {
        "action_flag": 3,
        "action_time": "2015-08-29T01:34:08.879Z",
        "object_repr": "Sign Languages",
        "object_id": "387",
        "change_message": "",
        "user": 1,
        "content_type": 51
    },
    "model": "admin.logentry",
    "pk": 106
},
{
    "fields": {
        "action_flag": 3,
        "action_time": "2015-08-29T01:34:08.888Z",
        "object_repr": "Sidamo",
        "object_id": "386",
        "change_message": "",
        "user": 1,
        "content_type": 51
    },
    "model": "admin.logentry",
    "pk": 107
},
{
    "fields": {
        "action_flag": 3,
        "action_time": "2015-08-29T01:34:08.896Z",
        "object_repr": "Shona",
        "object_id": "383",
        "change_message": "",
        "user": 1,
        "content_type": 51
    },
    "model": "admin.logentry",
    "pk": 108
},
{
    "fields": {
        "action_flag": 3,
        "action_time": "2015-08-29T01:34:08.904Z",
        "object_repr": "Shan",
        "object_id": "382",
        "change_message": "",
        "user": 1,
        "content_type": 51
    },
    "model": "admin.logentry",
    "pk": 109
},
{
    "fields": {
        "action_flag": 3,
        "action_time": "2015-08-29T01:34:08.913Z",
        "object_repr": "Serer",
        "object_id": "381",
        "change_message": "",
        "user": 1,
        "content_type": 51
    },
    "model": "admin.logentry",
    "pk": 110
},
{
    "fields": {
        "action_flag": 3,
        "action_time": "2015-08-29T01:34:08.921Z",
        "object_repr": "Semitic languages",
        "object_id": "379",
        "change_message": "",
        "user": 1,
        "content_type": 51
    },
    "model": "admin.logentry",
    "pk": 111
},
{
    "fields": {
        "action_flag": 3,
        "action_time": "2015-08-29T01:34:08.930Z",
        "object_repr": "Selkup",
        "object_id": "378",
        "change_message": "",
        "user": 1,
        "content_type": 51
    },
    "model": "admin.logentry",
    "pk": 112
},
{
    "fields": {
        "action_flag": 3,
        "action_time": "2015-08-29T01:34:08.938Z",
        "object_repr": "Sasak",
        "object_id": "376",
        "change_message": "",
        "user": 1,
        "content_type": 51
    },
    "model": "admin.logentry",
    "pk": 113
},
{
    "fields": {
        "action_flag": 3,
        "action_time": "2015-08-29T01:34:08.948Z",
        "object_repr": "Sardinian",
        "object_id": "375",
        "change_message": "",
        "user": 1,
        "content_type": 51
    },
    "model": "admin.logentry",
    "pk": 114
},
{
    "fields": {
        "action_flag": 3,
        "action_time": "2015-08-29T01:34:08.956Z",
        "object_repr": "Santali",
        "object_id": "374",
        "change_message": "",
        "user": 1,
        "content_type": 51
    },
    "model": "admin.logentry",
    "pk": 115
},
{
    "fields": {
        "action_flag": 3,
        "action_time": "2015-08-29T01:34:08.966Z",
        "object_repr": "Sanskrit",
        "object_id": "373",
        "change_message": "",
        "user": 1,
        "content_type": 51
    },
    "model": "admin.logentry",
    "pk": 116
},
{
    "fields": {
        "action_flag": 3,
        "action_time": "2015-08-29T01:34:08.975Z",
        "object_repr": "Sango",
        "object_id": "372",
        "change_message": "",
        "user": 1,
        "content_type": 51
    },
    "model": "admin.logentry",
    "pk": 117
},
{
    "fields": {
        "action_flag": 3,
        "action_time": "2015-08-29T01:34:08.985Z",
        "object_repr": "Sandawe",
        "object_id": "371",
        "change_message": "",
        "user": 1,
        "content_type": 51
    },
    "model": "admin.logentry",
    "pk": 118
},
{
    "fields": {
        "action_flag": 3,
        "action_time": "2015-08-29T01:34:08.994Z",
        "object_repr": "Sami languages",
        "object_id": "369",
        "change_message": "",
        "user": 1,
        "content_type": 51
    },
    "model": "admin.logentry",
    "pk": 119
},
{
    "fields": {
        "action_flag": 3,
        "action_time": "2015-08-29T01:34:09.003Z",
        "object_repr": "Samaritan Aramaic",
        "object_id": "368",
        "change_message": "",
        "user": 1,
        "content_type": 51
    },
    "model": "admin.logentry",
    "pk": 120
},
{
    "fields": {
        "action_flag": 3,
        "action_time": "2015-08-29T01:34:09.012Z",
        "object_repr": "Salishan languages",
        "object_id": "367",
        "change_message": "",
        "user": 1,
        "content_type": 51
    },
    "model": "admin.logentry",
    "pk": 121
},
{
    "fields": {
        "action_flag": 3,
        "action_time": "2015-08-29T01:34:09.022Z",
        "object_repr": "Rundi",
        "object_id": "365",
        "change_message": "",
        "user": 1,
        "content_type": 51
    },
    "model": "admin.logentry",
    "pk": 122
},
{
    "fields": {
        "action_flag": 3,
        "action_time": "2015-08-29T01:34:09.030Z",
        "object_repr": "Romansh",
        "object_id": "363",
        "change_message": "",
        "user": 1,
        "content_type": 51
    },
    "model": "admin.logentry",
    "pk": 123
},
{
    "fields": {
        "action_flag": 3,
        "action_time": "2015-08-29T01:34:09.040Z",
        "object_repr": "Romance languages",
        "object_id": "361",
        "change_message": "",
        "user": 1,
        "content_type": 51
    },
    "model": "admin.logentry",
    "pk": 124
},
{
    "fields": {
        "action_flag": 3,
        "action_time": "2015-08-29T01:34:09.049Z",
        "object_repr": "Reserved for local use",
        "object_id": "360",
        "change_message": "",
        "user": 1,
        "content_type": 51
    },
    "model": "admin.logentry",
    "pk": 125
},
{
    "fields": {
        "action_flag": 3,
        "action_time": "2015-08-29T01:34:09.061Z",
        "object_repr": "Rarotongan; Cook Islands Maori",
        "object_id": "359",
        "change_message": "",
        "user": 1,
        "content_type": 51
    },
    "model": "admin.logentry",
    "pk": 126
},
{
    "fields": {
        "action_flag": 3,
        "action_time": "2015-08-29T01:34:09.070Z",
        "object_repr": "Rapanui",
        "object_id": "358",
        "change_message": "",
        "user": 1,
        "content_type": 51
    },
    "model": "admin.logentry",
    "pk": 127
},
{
    "fields": {
        "action_flag": 3,
        "action_time": "2015-08-29T01:34:09.079Z",
        "object_repr": "Rajasthani",
        "object_id": "357",
        "change_message": "",
        "user": 1,
        "content_type": 51
    },
    "model": "admin.logentry",
    "pk": 128
},
{
    "fields": {
        "action_flag": 3,
        "action_time": "2015-08-29T01:34:09.088Z",
        "object_repr": "Quechua",
        "object_id": "356",
        "change_message": "",
        "user": 1,
        "content_type": 51
    },
    "model": "admin.logentry",
    "pk": 129
},
{
    "fields": {
        "action_flag": 3,
        "action_time": "2015-08-29T01:34:09.097Z",
        "object_repr": "Pushto; Pashto",
        "object_id": "355",
        "change_message": "",
        "user": 1,
        "content_type": 51
    },
    "model": "admin.logentry",
    "pk": 130
},
{
    "fields": {
        "action_flag": 3,
        "action_time": "2015-08-29T01:34:09.106Z",
        "object_repr": "Proven\u00e7al, Old (to 1500); Occitan, Old (to 1500)",
        "object_id": "354",
        "change_message": "",
        "user": 1,
        "content_type": 51
    },
    "model": "admin.logentry",
    "pk": 131
},
{
    "fields": {
        "action_flag": 3,
        "action_time": "2015-08-29T01:34:09.115Z",
        "object_repr": "Prakrit languages",
        "object_id": "353",
        "change_message": "",
        "user": 1,
        "content_type": 51
    },
    "model": "admin.logentry",
    "pk": 132
},
{
    "fields": {
        "action_flag": 3,
        "action_time": "2015-08-29T01:34:09.124Z",
        "object_repr": "Pohnpeian",
        "object_id": "350",
        "change_message": "",
        "user": 1,
        "content_type": 51
    },
    "model": "admin.logentry",
    "pk": 133
},
{
    "fields": {
        "action_flag": 3,
        "action_time": "2015-08-29T01:34:09.134Z",
        "object_repr": "Phoenician",
        "object_id": "349",
        "change_message": "",
        "user": 1,
        "content_type": 51
    },
    "model": "admin.logentry",
    "pk": 134
},
{
    "fields": {
        "action_flag": 3,
        "action_time": "2015-08-29T01:34:09.142Z",
        "object_repr": "Persian, Old (ca. 600-400 B.C.)",
        "object_id": "347",
        "change_message": "",
        "user": 1,
        "content_type": 51
    },
    "model": "admin.logentry",
    "pk": 135
},
{
    "fields": {
        "action_flag": 3,
        "action_time": "2015-08-29T01:34:09.155Z",
        "object_repr": "Pedi; Sepedi; Northern Sotho",
        "object_id": "345",
        "change_message": "",
        "user": 1,
        "content_type": 51
    },
    "model": "admin.logentry",
    "pk": 136
},
{
    "fields": {
        "action_flag": 3,
        "action_time": "2015-08-29T01:34:09.173Z",
        "object_repr": "Papiamento",
        "object_id": "343",
        "change_message": "",
        "user": 1,
        "content_type": 51
    },
    "model": "admin.logentry",
    "pk": 137
},
{
    "fields": {
        "action_flag": 3,
        "action_time": "2015-08-29T01:34:09.190Z",
        "object_repr": "Pampanga; Kapampangan",
        "object_id": "340",
        "change_message": "",
        "user": 1,
        "content_type": 51
    },
    "model": "admin.logentry",
    "pk": 138
},
{
    "fields": {
        "action_flag": 3,
        "action_time": "2015-08-29T01:34:09.209Z",
        "object_repr": "Pali",
        "object_id": "339",
        "change_message": "",
        "user": 1,
        "content_type": 51
    },
    "model": "admin.logentry",
    "pk": 139
},
{
    "fields": {
        "action_flag": 3,
        "action_time": "2015-08-29T01:34:09.230Z",
        "object_repr": "Palauan",
        "object_id": "338",
        "change_message": "",
        "user": 1,
        "content_type": 51
    },
    "model": "admin.logentry",
    "pk": 140
},
{
    "fields": {
        "action_flag": 3,
        "action_time": "2015-08-29T01:34:09.243Z",
        "object_repr": "Pahlavi",
        "object_id": "337",
        "change_message": "",
        "user": 1,
        "content_type": 51
    },
    "model": "admin.logentry",
    "pk": 141
},
{
    "fields": {
        "action_flag": 3,
        "action_time": "2015-08-29T01:34:09.253Z",
        "object_repr": "Otomian languages",
        "object_id": "336",
        "change_message": "",
        "user": 1,
        "content_type": 51
    },
    "model": "admin.logentry",
    "pk": 142
},
{
    "fields": {
        "action_flag": 3,
        "action_time": "2015-08-29T01:34:09.261Z",
        "object_repr": "Ossetian; Ossetic",
        "object_id": "335",
        "change_message": "",
        "user": 1,
        "content_type": 51
    },
    "model": "admin.logentry",
    "pk": 143
},
{
    "fields": {
        "action_flag": 3,
        "action_time": "2015-08-29T01:34:09.270Z",
        "object_repr": "Osage",
        "object_id": "334",
        "change_message": "",
        "user": 1,
        "content_type": 51
    },
    "model": "admin.logentry",
    "pk": 144
},
{
    "fields": {
        "action_flag": 3,
        "action_time": "2015-08-29T01:34:09.279Z",
        "object_repr": "Oriya",
        "object_id": "332",
        "change_message": "",
        "user": 1,
        "content_type": 51
    },
    "model": "admin.logentry",
    "pk": 145
},
{
    "fields": {
        "action_flag": 3,
        "action_time": "2015-08-29T01:34:09.288Z",
        "object_repr": "Ojibwa",
        "object_id": "331",
        "change_message": "",
        "user": 1,
        "content_type": 51
    },
    "model": "admin.logentry",
    "pk": 146
},
{
    "fields": {
        "action_flag": 3,
        "action_time": "2015-08-29T01:34:09.297Z",
        "object_repr": "Official Aramaic (700-300 BCE); Imperial Aramaic (700-300 BCE)",
        "object_id": "330",
        "change_message": "",
        "user": 1,
        "content_type": 51
    },
    "model": "admin.logentry",
    "pk": 147
},
{
    "fields": {
        "action_flag": 3,
        "action_time": "2015-08-29T01:34:56.242Z",
        "object_repr": "Oromo",
        "object_id": "333",
        "change_message": "",
        "user": 1,
        "content_type": 51
    },
    "model": "admin.logentry",
    "pk": 148
},
{
    "fields": {
        "action_flag": 3,
        "action_time": "2015-08-29T01:34:56.251Z",
        "object_repr": "Occitan (post 1500)",
        "object_id": "329",
        "change_message": "",
        "user": 1,
        "content_type": 51
    },
    "model": "admin.logentry",
    "pk": 149
},
{
    "fields": {
        "action_flag": 3,
        "action_time": "2015-08-29T01:34:56.261Z",
        "object_repr": "Nzima",
        "object_id": "328",
        "change_message": "",
        "user": 1,
        "content_type": 51
    },
    "model": "admin.logentry",
    "pk": 150
},
{
    "fields": {
        "action_flag": 3,
        "action_time": "2015-08-29T01:34:56.270Z",
        "object_repr": "Nyoro",
        "object_id": "327",
        "change_message": "",
        "user": 1,
        "content_type": 51
    },
    "model": "admin.logentry",
    "pk": 151
},
{
    "fields": {
        "action_flag": 3,
        "action_time": "2015-08-29T01:34:56.278Z",
        "object_repr": "Nyankole",
        "object_id": "326",
        "change_message": "",
        "user": 1,
        "content_type": 51
    },
    "model": "admin.logentry",
    "pk": 152
},
{
    "fields": {
        "action_flag": 3,
        "action_time": "2015-08-29T01:34:56.287Z",
        "object_repr": "Nyamwezi",
        "object_id": "325",
        "change_message": "",
        "user": 1,
        "content_type": 51
    },
    "model": "admin.logentry",
    "pk": 153
},
{
    "fields": {
        "action_flag": 3,
        "action_time": "2015-08-29T01:34:56.295Z",
        "object_repr": "Nubian languages",
        "object_id": "324",
        "change_message": "",
        "user": 1,
        "content_type": 51
    },
    "model": "admin.logentry",
    "pk": 154
},
{
    "fields": {
        "action_flag": 3,
        "action_time": "2015-08-29T01:34:56.305Z",
        "object_repr": "Northern Sami",
        "object_id": "321",
        "change_message": "",
        "user": 1,
        "content_type": 51
    },
    "model": "admin.logentry",
    "pk": 155
},
{
    "fields": {
        "action_flag": 3,
        "action_time": "2015-08-29T01:34:56.314Z",
        "object_repr": "Northern Frisian",
        "object_id": "320",
        "change_message": "",
        "user": 1,
        "content_type": 51
    },
    "model": "admin.logentry",
    "pk": 156
},
{
    "fields": {
        "action_flag": 3,
        "action_time": "2015-08-29T01:34:56.322Z",
        "object_repr": "Nogai",
        "object_id": "317",
        "change_message": "",
        "user": 1,
        "content_type": 51
    },
    "model": "admin.logentry",
    "pk": 157
},
{
    "fields": {
        "action_flag": 3,
        "action_time": "2015-08-29T01:34:56.330Z",
        "object_repr": "No linguistic content; Not applicable",
        "object_id": "316",
        "change_message": "",
        "user": 1,
        "content_type": 51
    },
    "model": "admin.logentry",
    "pk": 158
},
{
    "fields": {
        "action_flag": 3,
        "action_time": "2015-08-29T01:34:56.339Z",
        "object_repr": "Niuean",
        "object_id": "315",
        "change_message": "",
        "user": 1,
        "content_type": 51
    },
    "model": "admin.logentry",
    "pk": 159
},
{
    "fields": {
        "action_flag": 3,
        "action_time": "2015-08-29T01:34:56.347Z",
        "object_repr": "Nilo-Saharan languages",
        "object_id": "314",
        "change_message": "",
        "user": 1,
        "content_type": 51
    },
    "model": "admin.logentry",
    "pk": 160
},
{
    "fields": {
        "action_flag": 3,
        "action_time": "2015-08-29T01:34:56.355Z",
        "object_repr": "Niger-Kordofanian languages",
        "object_id": "313",
        "change_message": "",
        "user": 1,
        "content_type": 51
    },
    "model": "admin.logentry",
    "pk": 161
},
{
    "fields": {
        "action_flag": 3,
        "action_time": "2015-08-29T01:34:56.364Z",
        "object_repr": "Nias",
        "object_id": "312",
        "change_message": "",
        "user": 1,
        "content_type": 51
    },
    "model": "admin.logentry",
    "pk": 162
},
{
    "fields": {
        "action_flag": 3,
        "action_time": "2015-08-29T01:34:56.372Z",
        "object_repr": "Neapolitan",
        "object_id": "309",
        "change_message": "",
        "user": 1,
        "content_type": 51
    },
    "model": "admin.logentry",
    "pk": 163
},
{
    "fields": {
        "action_flag": 3,
        "action_time": "2015-08-29T01:34:56.381Z",
        "object_repr": "Ndonga",
        "object_id": "308",
        "change_message": "",
        "user": 1,
        "content_type": 51
    },
    "model": "admin.logentry",
    "pk": 164
},
{
    "fields": {
        "action_flag": 3,
        "action_time": "2015-08-29T01:34:56.390Z",
        "object_repr": "Ndebele, South; South Ndebele",
        "object_id": "307",
        "change_message": "",
        "user": 1,
        "content_type": 51
    },
    "model": "admin.logentry",
    "pk": 165
},
{
    "fields": {
        "action_flag": 3,
        "action_time": "2015-08-29T01:34:56.399Z",
        "object_repr": "Ndebele, North; North Ndebele",
        "object_id": "306",
        "change_message": "",
        "user": 1,
        "content_type": 51
    },
    "model": "admin.logentry",
    "pk": 166
},
{
    "fields": {
        "action_flag": 3,
        "action_time": "2015-08-29T01:34:56.408Z",
        "object_repr": "Navajo; Navaho",
        "object_id": "305",
        "change_message": "",
        "user": 1,
        "content_type": 51
    },
    "model": "admin.logentry",
    "pk": 167
},
{
    "fields": {
        "action_flag": 3,
        "action_time": "2015-08-29T01:34:56.417Z",
        "object_repr": "Nauru",
        "object_id": "304",
        "change_message": "",
        "user": 1,
        "content_type": 51
    },
    "model": "admin.logentry",
    "pk": 168
},
{
    "fields": {
        "action_flag": 3,
        "action_time": "2015-08-29T01:34:56.425Z",
        "object_repr": "Nahuatl languages",
        "object_id": "303",
        "change_message": "",
        "user": 1,
        "content_type": 51
    },
    "model": "admin.logentry",
    "pk": 169
},
{
    "fields": {
        "action_flag": 3,
        "action_time": "2015-08-29T01:34:56.437Z",
        "object_repr": "N'Ko",
        "object_id": "302",
        "change_message": "",
        "user": 1,
        "content_type": 51
    },
    "model": "admin.logentry",
    "pk": 170
},
{
    "fields": {
        "action_flag": 3,
        "action_time": "2015-08-29T01:34:56.447Z",
        "object_repr": "Munda languages",
        "object_id": "301",
        "change_message": "",
        "user": 1,
        "content_type": 51
    },
    "model": "admin.logentry",
    "pk": 171
},
{
    "fields": {
        "action_flag": 3,
        "action_time": "2015-08-29T01:34:56.458Z",
        "object_repr": "Multiple languages",
        "object_id": "300",
        "change_message": "",
        "user": 1,
        "content_type": 51
    },
    "model": "admin.logentry",
    "pk": 172
},
{
    "fields": {
        "action_flag": 3,
        "action_time": "2015-08-29T01:34:56.472Z",
        "object_repr": "Mossi",
        "object_id": "299",
        "change_message": "",
        "user": 1,
        "content_type": 51
    },
    "model": "admin.logentry",
    "pk": 173
},
{
    "fields": {
        "action_flag": 3,
        "action_time": "2015-08-29T01:34:56.484Z",
        "object_repr": "Mongo",
        "object_id": "297",
        "change_message": "",
        "user": 1,
        "content_type": 51
    },
    "model": "admin.logentry",
    "pk": 174
},
{
    "fields": {
        "action_flag": 3,
        "action_time": "2015-08-29T01:34:56.494Z",
        "object_repr": "Mon-Khmer languages",
        "object_id": "296",
        "change_message": "",
        "user": 1,
        "content_type": 51
    },
    "model": "admin.logentry",
    "pk": 175
},
{
    "fields": {
        "action_flag": 3,
        "action_time": "2015-08-29T01:34:56.503Z",
        "object_repr": "Moksha",
        "object_id": "294",
        "change_message": "",
        "user": 1,
        "content_type": 51
    },
    "model": "admin.logentry",
    "pk": 176
},
{
    "fields": {
        "action_flag": 3,
        "action_time": "2015-08-29T01:34:56.512Z",
        "object_repr": "Mirandese",
        "object_id": "292",
        "change_message": "",
        "user": 1,
        "content_type": 51
    },
    "model": "admin.logentry",
    "pk": 177
},
{
    "fields": {
        "action_flag": 3,
        "action_time": "2015-08-29T01:34:56.522Z",
        "object_repr": "Minangkabau",
        "object_id": "291",
        "change_message": "",
        "user": 1,
        "content_type": 51
    },
    "model": "admin.logentry",
    "pk": 178
},
{
    "fields": {
        "action_flag": 3,
        "action_time": "2015-08-29T01:34:56.531Z",
        "object_repr": "Mi'kmaq; Micmac",
        "object_id": "290",
        "change_message": "",
        "user": 1,
        "content_type": 51
    },
    "model": "admin.logentry",
    "pk": 179
},
{
    "fields": {
        "action_flag": 3,
        "action_time": "2015-08-29T01:34:56.540Z",
        "object_repr": "Mende",
        "object_id": "289",
        "change_message": "",
        "user": 1,
        "content_type": 51
    },
    "model": "admin.logentry",
    "pk": 180
},
{
    "fields": {
        "action_flag": 3,
        "action_time": "2015-08-29T01:34:56.549Z",
        "object_repr": "Masai",
        "object_id": "287",
        "change_message": "",
        "user": 1,
        "content_type": 51
    },
    "model": "admin.logentry",
    "pk": 181
},
{
    "fields": {
        "action_flag": 3,
        "action_time": "2015-08-29T01:34:56.557Z",
        "object_repr": "Marwari",
        "object_id": "286",
        "change_message": "",
        "user": 1,
        "content_type": 51
    },
    "model": "admin.logentry",
    "pk": 182
},
{
    "fields": {
        "action_flag": 3,
        "action_time": "2015-08-29T01:34:56.566Z",
        "object_repr": "Marshallese",
        "object_id": "285",
        "change_message": "",
        "user": 1,
        "content_type": 51
    },
    "model": "admin.logentry",
    "pk": 183
},
{
    "fields": {
        "action_flag": 3,
        "action_time": "2015-08-29T01:34:56.574Z",
        "object_repr": "Mari",
        "object_id": "284",
        "change_message": "",
        "user": 1,
        "content_type": 51
    },
    "model": "admin.logentry",
    "pk": 184
},
{
    "fields": {
        "action_flag": 3,
        "action_time": "2015-08-29T01:34:56.583Z",
        "object_repr": "Marathi",
        "object_id": "283",
        "change_message": "",
        "user": 1,
        "content_type": 51
    },
    "model": "admin.logentry",
    "pk": 185
},
{
    "fields": {
        "action_flag": 3,
        "action_time": "2015-08-29T01:34:56.592Z",
        "object_repr": "Mapudungun; Mapuche",
        "object_id": "282",
        "change_message": "",
        "user": 1,
        "content_type": 51
    },
    "model": "admin.logentry",
    "pk": 186
},
{
    "fields": {
        "action_flag": 3,
        "action_time": "2015-08-29T01:35:37.649Z",
        "object_repr": "Manx",
        "object_id": "280",
        "change_message": "",
        "user": 1,
        "content_type": 51
    },
    "model": "admin.logentry",
    "pk": 187
},
{
    "fields": {
        "action_flag": 3,
        "action_time": "2015-08-29T01:35:37.658Z",
        "object_repr": "Manobo languages",
        "object_id": "279",
        "change_message": "",
        "user": 1,
        "content_type": 51
    },
    "model": "admin.logentry",
    "pk": 188
},
{
    "fields": {
        "action_flag": 3,
        "action_time": "2015-08-29T01:35:37.667Z",
        "object_repr": "Mandingo",
        "object_id": "277",
        "change_message": "",
        "user": 1,
        "content_type": 51
    },
    "model": "admin.logentry",
    "pk": 189
},
{
    "fields": {
        "action_flag": 3,
        "action_time": "2015-08-29T01:35:37.675Z",
        "object_repr": "Mandar",
        "object_id": "276",
        "change_message": "",
        "user": 1,
        "content_type": 51
    },
    "model": "admin.logentry",
    "pk": 190
},
{
    "fields": {
        "action_flag": 3,
        "action_time": "2015-08-29T01:35:37.684Z",
        "object_repr": "Manchu",
        "object_id": "275",
        "change_message": "",
        "user": 1,
        "content_type": 51
    },
    "model": "admin.logentry",
    "pk": 191
},
{
    "fields": {
        "action_flag": 3,
        "action_time": "2015-08-29T01:35:37.692Z",
        "object_repr": "Makasar",
        "object_id": "270",
        "change_message": "",
        "user": 1,
        "content_type": 51
    },
    "model": "admin.logentry",
    "pk": 192
},
{
    "fields": {
        "action_flag": 3,
        "action_time": "2015-08-29T01:35:37.701Z",
        "object_repr": "Maithili",
        "object_id": "269",
        "change_message": "",
        "user": 1,
        "content_type": 51
    },
    "model": "admin.logentry",
    "pk": 193
},
{
    "fields": {
        "action_flag": 3,
        "action_time": "2015-08-29T01:35:37.710Z",
        "object_repr": "Magahi",
        "object_id": "268",
        "change_message": "",
        "user": 1,
        "content_type": 51
    },
    "model": "admin.logentry",
    "pk": 194
},
{
    "fields": {
        "action_flag": 3,
        "action_time": "2015-08-29T01:35:37.718Z",
        "object_repr": "Madurese",
        "object_id": "267",
        "change_message": "",
        "user": 1,
        "content_type": 51
    },
    "model": "admin.logentry",
    "pk": 195
},
{
    "fields": {
        "action_flag": 3,
        "action_time": "2015-08-29T01:35:37.726Z",
        "object_repr": "Luo (Kenya and Tanzania)",
        "object_id": "263",
        "change_message": "",
        "user": 1,
        "content_type": 51
    },
    "model": "admin.logentry",
    "pk": 196
},
{
    "fields": {
        "action_flag": 3,
        "action_time": "2015-08-29T01:35:37.734Z",
        "object_repr": "Lunda",
        "object_id": "262",
        "change_message": "",
        "user": 1,
        "content_type": 51
    },
    "model": "admin.logentry",
    "pk": 197
},
{
    "fields": {
        "action_flag": 3,
        "action_time": "2015-08-29T01:35:37.743Z",
        "object_repr": "Lule Sami",
        "object_id": "261",
        "change_message": "",
        "user": 1,
        "content_type": 51
    },
    "model": "admin.logentry",
    "pk": 198
},
{
    "fields": {
        "action_flag": 3,
        "action_time": "2015-08-29T01:35:37.752Z",
        "object_repr": "Luiseno",
        "object_id": "260",
        "change_message": "",
        "user": 1,
        "content_type": 51
    },
    "model": "admin.logentry",
    "pk": 199
},
{
    "fields": {
        "action_flag": 3,
        "action_time": "2015-08-29T01:35:37.761Z",
        "object_repr": "Luba-Lulua",
        "object_id": "259",
        "change_message": "",
        "user": 1,
        "content_type": 51
    },
    "model": "admin.logentry",
    "pk": 200
},
{
    "fields": {
        "action_flag": 3,
        "action_time": "2015-08-29T01:35:37.769Z",
        "object_repr": "Luba-Katanga",
        "object_id": "258",
        "change_message": "",
        "user": 1,
        "content_type": 51
    },
    "model": "admin.logentry",
    "pk": 201
},
{
    "fields": {
        "action_flag": 3,
        "action_time": "2015-08-29T01:35:37.778Z",
        "object_repr": "Lozi",
        "object_id": "257",
        "change_message": "",
        "user": 1,
        "content_type": 51
    },
    "model": "admin.logentry",
    "pk": 202
},
{
    "fields": {
        "action_flag": 3,
        "action_time": "2015-08-29T01:35:37.785Z",
        "object_repr": "Lower Sorbian",
        "object_id": "256",
        "change_message": "",
        "user": 1,
        "content_type": 51
    },
    "model": "admin.logentry",
    "pk": 203
},
{
    "fields": {
        "action_flag": 3,
        "action_time": "2015-08-29T01:35:37.794Z",
        "object_repr": "Lojban",
        "object_id": "254",
        "change_message": "",
        "user": 1,
        "content_type": 51
    },
    "model": "admin.logentry",
    "pk": 204
},
{
    "fields": {
        "action_flag": 3,
        "action_time": "2015-08-29T01:35:37.802Z",
        "object_repr": "Lingala",
        "object_id": "252",
        "change_message": "",
        "user": 1,
        "content_type": 51
    },
    "model": "admin.logentry",
    "pk": 205
},
{
    "fields": {
        "action_flag": 3,
        "action_time": "2015-08-29T01:35:37.811Z",
        "object_repr": "Limburgan; Limburger; Limburgish",
        "object_id": "251",
        "change_message": "",
        "user": 1,
        "content_type": 51
    },
    "model": "admin.logentry",
    "pk": 206
},
{
    "fields": {
        "action_flag": 3,
        "action_time": "2015-08-29T01:35:37.821Z",
        "object_repr": "Lezghian",
        "object_id": "250",
        "change_message": "",
        "user": 1,
        "content_type": 51
    },
    "model": "admin.logentry",
    "pk": 207
},
{
    "fields": {
        "action_flag": 3,
        "action_time": "2015-08-29T01:35:37.834Z",
        "object_repr": "Lao",
        "object_id": "247",
        "change_message": "",
        "user": 1,
        "content_type": 51
    },
    "model": "admin.logentry",
    "pk": 208
},
{
    "fields": {
        "action_flag": 3,
        "action_time": "2015-08-29T01:35:37.842Z",
        "object_repr": "Land Dayak languages",
        "object_id": "246",
        "change_message": "",
        "user": 1,
        "content_type": 51
    },
    "model": "admin.logentry",
    "pk": 209
},
{
    "fields": {
        "action_flag": 3,
        "action_time": "2015-08-29T01:35:37.850Z",
        "object_repr": "Lamba",
        "object_id": "245",
        "change_message": "",
        "user": 1,
        "content_type": 51
    },
    "model": "admin.logentry",
    "pk": 210
},
{
    "fields": {
        "action_flag": 3,
        "action_time": "2015-08-29T01:35:37.859Z",
        "object_repr": "Lahnda",
        "object_id": "244",
        "change_message": "",
        "user": 1,
        "content_type": 51
    },
    "model": "admin.logentry",
    "pk": 211
},
{
    "fields": {
        "action_flag": 3,
        "action_time": "2015-08-29T01:35:37.868Z",
        "object_repr": "Ladino",
        "object_id": "243",
        "change_message": "",
        "user": 1,
        "content_type": 51
    },
    "model": "admin.logentry",
    "pk": 212
},
{
    "fields": {
        "action_flag": 3,
        "action_time": "2015-08-29T01:35:37.877Z",
        "object_repr": "Kutenai",
        "object_id": "242",
        "change_message": "",
        "user": 1,
        "content_type": 51
    },
    "model": "admin.logentry",
    "pk": 213
},
{
    "fields": {
        "action_flag": 3,
        "action_time": "2015-08-29T01:36:04.250Z",
        "object_repr": "Kumyk",
        "object_id": "239",
        "change_message": "",
        "user": 1,
        "content_type": 51
    },
    "model": "admin.logentry",
    "pk": 214
},
{
    "fields": {
        "action_flag": 3,
        "action_time": "2015-08-29T01:36:04.260Z",
        "object_repr": "Kuanyama; Kwanyama",
        "object_id": "238",
        "change_message": "",
        "user": 1,
        "content_type": 51
    },
    "model": "admin.logentry",
    "pk": 215
},
{
    "fields": {
        "action_flag": 3,
        "action_time": "2015-08-29T01:36:04.269Z",
        "object_repr": "Kru languages",
        "object_id": "237",
        "change_message": "",
        "user": 1,
        "content_type": 51
    },
    "model": "admin.logentry",
    "pk": 216
},
{
    "fields": {
        "action_flag": 3,
        "action_time": "2015-08-29T01:36:04.277Z",
        "object_repr": "Kpelle",
        "object_id": "236",
        "change_message": "",
        "user": 1,
        "content_type": 51
    },
    "model": "admin.logentry",
    "pk": 217
},
{
    "fields": {
        "action_flag": 3,
        "action_time": "2015-08-29T01:36:04.286Z",
        "object_repr": "Kosraean",
        "object_id": "235",
        "change_message": "",
        "user": 1,
        "content_type": 51
    },
    "model": "admin.logentry",
    "pk": 218
},
{
    "fields": {
        "action_flag": 3,
        "action_time": "2015-08-29T01:36:04.294Z",
        "object_repr": "Konkani",
        "object_id": "233",
        "change_message": "",
        "user": 1,
        "content_type": 51
    },
    "model": "admin.logentry",
    "pk": 219
},
{
    "fields": {
        "action_flag": 3,
        "action_time": "2015-08-29T01:36:04.303Z",
        "object_repr": "Komi",
        "object_id": "231",
        "change_message": "",
        "user": 1,
        "content_type": 51
    },
    "model": "admin.logentry",
    "pk": 220
},
{
    "fields": {
        "action_flag": 3,
        "action_time": "2015-08-29T01:36:04.312Z",
        "object_repr": "Kirghiz; Kyrgyz",
        "object_id": "229",
        "change_message": "",
        "user": 1,
        "content_type": 51
    },
    "model": "admin.logentry",
    "pk": 221
},
{
    "fields": {
        "action_flag": 3,
        "action_time": "2015-08-29T01:36:04.320Z",
        "object_repr": "Kinyarwanda",
        "object_id": "228",
        "change_message": "",
        "user": 1,
        "content_type": 51
    },
    "model": "admin.logentry",
    "pk": 222
},
{
    "fields": {
        "action_flag": 3,
        "action_time": "2015-08-29T01:36:04.329Z",
        "object_repr": "Kimbundu",
        "object_id": "227",
        "change_message": "",
        "user": 1,
        "content_type": 51
    },
    "model": "admin.logentry",
    "pk": 223
},
{
    "fields": {
        "action_flag": 3,
        "action_time": "2015-08-29T01:36:04.337Z",
        "object_repr": "Kikuyu; Gikuyu",
        "object_id": "226",
        "change_message": "",
        "user": 1,
        "content_type": 51
    },
    "model": "admin.logentry",
    "pk": 224
},
{
    "fields": {
        "action_flag": 3,
        "action_time": "2015-08-29T01:36:04.346Z",
        "object_repr": "Khotanese;Sakan",
        "object_id": "225",
        "change_message": "",
        "user": 1,
        "content_type": 51
    },
    "model": "admin.logentry",
    "pk": 225
},
{
    "fields": {
        "action_flag": 3,
        "action_time": "2015-08-29T01:36:04.354Z",
        "object_repr": "Khoisan languages",
        "object_id": "224",
        "change_message": "",
        "user": 1,
        "content_type": 51
    },
    "model": "admin.logentry",
    "pk": 226
},
{
    "fields": {
        "action_flag": 3,
        "action_time": "2015-08-29T01:36:04.362Z",
        "object_repr": "Khasi",
        "object_id": "223",
        "change_message": "",
        "user": 1,
        "content_type": 51
    },
    "model": "admin.logentry",
    "pk": 227
},
{
    "fields": {
        "action_flag": 3,
        "action_time": "2015-08-29T01:36:04.371Z",
        "object_repr": "Kazakh",
        "object_id": "222",
        "change_message": "",
        "user": 1,
        "content_type": 51
    },
    "model": "admin.logentry",
    "pk": 228
},
{
    "fields": {
        "action_flag": 3,
        "action_time": "2015-08-29T01:36:04.379Z",
        "object_repr": "Kawi",
        "object_id": "221",
        "change_message": "",
        "user": 1,
        "content_type": 51
    },
    "model": "admin.logentry",
    "pk": 229
},
{
    "fields": {
        "action_flag": 3,
        "action_time": "2015-08-29T01:36:04.387Z",
        "object_repr": "Kashubian",
        "object_id": "220",
        "change_message": "",
        "user": 1,
        "content_type": 51
    },
    "model": "admin.logentry",
    "pk": 230
},
{
    "fields": {
        "action_flag": 3,
        "action_time": "2015-08-29T01:36:04.395Z",
        "object_repr": "Kashmiri",
        "object_id": "219",
        "change_message": "",
        "user": 1,
        "content_type": 51
    },
    "model": "admin.logentry",
    "pk": 231
},
{
    "fields": {
        "action_flag": 3,
        "action_time": "2015-08-29T01:36:04.404Z",
        "object_repr": "Karen languages",
        "object_id": "218",
        "change_message": "",
        "user": 1,
        "content_type": 51
    },
    "model": "admin.logentry",
    "pk": 232
},
{
    "fields": {
        "action_flag": 3,
        "action_time": "2015-08-29T01:36:04.412Z",
        "object_repr": "Karelian",
        "object_id": "217",
        "change_message": "",
        "user": 1,
        "content_type": 51
    },
    "model": "admin.logentry",
    "pk": 233
},
{
    "fields": {
        "action_flag": 3,
        "action_time": "2015-08-29T01:36:04.421Z",
        "object_repr": "Karachay-Balkar",
        "object_id": "216",
        "change_message": "",
        "user": 1,
        "content_type": 51
    },
    "model": "admin.logentry",
    "pk": 234
},
{
    "fields": {
        "action_flag": 3,
        "action_time": "2015-08-29T01:36:04.429Z",
        "object_repr": "Kara-Kalpak",
        "object_id": "215",
        "change_message": "",
        "user": 1,
        "content_type": 51
    },
    "model": "admin.logentry",
    "pk": 235
},
{
    "fields": {
        "action_flag": 3,
        "action_time": "2015-08-29T01:36:28.996Z",
        "object_repr": "Kanuri",
        "object_id": "214",
        "change_message": "",
        "user": 1,
        "content_type": 51
    },
    "model": "admin.logentry",
    "pk": 236
},
{
    "fields": {
        "action_flag": 3,
        "action_time": "2015-08-29T01:36:29.006Z",
        "object_repr": "Kannada",
        "object_id": "213",
        "change_message": "",
        "user": 1,
        "content_type": 51
    },
    "model": "admin.logentry",
    "pk": 237
},
{
    "fields": {
        "action_flag": 3,
        "action_time": "2015-08-29T01:36:29.017Z",
        "object_repr": "Kamba",
        "object_id": "212",
        "change_message": "",
        "user": 1,
        "content_type": 51
    },
    "model": "admin.logentry",
    "pk": 238
},
{
    "fields": {
        "action_flag": 3,
        "action_time": "2015-08-29T01:36:29.026Z",
        "object_repr": "Kalmyk; Oirat",
        "object_id": "211",
        "change_message": "",
        "user": 1,
        "content_type": 51
    },
    "model": "admin.logentry",
    "pk": 239
},
{
    "fields": {
        "action_flag": 3,
        "action_time": "2015-08-29T01:36:29.034Z",
        "object_repr": "Kalaallisut; Greenlandic",
        "object_id": "210",
        "change_message": "",
        "user": 1,
        "content_type": 51
    },
    "model": "admin.logentry",
    "pk": 240
},
{
    "fields": {
        "action_flag": 3,
        "action_time": "2015-08-29T01:36:29.042Z",
        "object_repr": "Kachin; Jingpho",
        "object_id": "209",
        "change_message": "",
        "user": 1,
        "content_type": 51
    },
    "model": "admin.logentry",
    "pk": 241
},
{
    "fields": {
        "action_flag": 3,
        "action_time": "2015-08-29T01:36:29.051Z",
        "object_repr": "Kabyle",
        "object_id": "208",
        "change_message": "",
        "user": 1,
        "content_type": 51
    },
    "model": "admin.logentry",
    "pk": 242
},
{
    "fields": {
        "action_flag": 3,
        "action_time": "2015-08-29T01:36:29.059Z",
        "object_repr": "Kabardian",
        "object_id": "207",
        "change_message": "",
        "user": 1,
        "content_type": 51
    },
    "model": "admin.logentry",
    "pk": 243
},
{
    "fields": {
        "action_flag": 3,
        "action_time": "2015-08-29T01:36:29.068Z",
        "object_repr": "Judeo-Persian",
        "object_id": "206",
        "change_message": "",
        "user": 1,
        "content_type": 51
    },
    "model": "admin.logentry",
    "pk": 244
},
{
    "fields": {
        "action_flag": 3,
        "action_time": "2015-08-29T01:36:29.076Z",
        "object_repr": "Judeo-Arabic",
        "object_id": "205",
        "change_message": "",
        "user": 1,
        "content_type": 51
    },
    "model": "admin.logentry",
    "pk": 245
},
{
    "fields": {
        "action_flag": 3,
        "action_time": "2015-08-29T01:36:29.085Z",
        "object_repr": "Javanese",
        "object_id": "204",
        "change_message": "",
        "user": 1,
        "content_type": 51
    },
    "model": "admin.logentry",
    "pk": 246
},
{
    "fields": {
        "action_flag": 3,
        "action_time": "2015-08-29T01:36:29.093Z",
        "object_repr": "Iroquoian languages",
        "object_id": "201",
        "change_message": "",
        "user": 1,
        "content_type": 51
    },
    "model": "admin.logentry",
    "pk": 247
},
{
    "fields": {
        "action_flag": 3,
        "action_time": "2015-08-29T01:36:29.101Z",
        "object_repr": "Irish, Old (to 900)",
        "object_id": "200",
        "change_message": "",
        "user": 1,
        "content_type": 51
    },
    "model": "admin.logentry",
    "pk": 248
},
{
    "fields": {
        "action_flag": 3,
        "action_time": "2015-08-29T01:36:29.109Z",
        "object_repr": "Irish, Middle (900-1200)",
        "object_id": "199",
        "change_message": "",
        "user": 1,
        "content_type": 51
    },
    "model": "admin.logentry",
    "pk": 249
},
{
    "fields": {
        "action_flag": 3,
        "action_time": "2015-08-29T01:36:29.123Z",
        "object_repr": "Iranian languages",
        "object_id": "197",
        "change_message": "",
        "user": 1,
        "content_type": 51
    },
    "model": "admin.logentry",
    "pk": 250
},
{
    "fields": {
        "action_flag": 3,
        "action_time": "2015-08-29T01:36:29.142Z",
        "object_repr": "Inupiaq",
        "object_id": "196",
        "change_message": "",
        "user": 1,
        "content_type": 51
    },
    "model": "admin.logentry",
    "pk": 251
},
{
    "fields": {
        "action_flag": 3,
        "action_time": "2015-08-29T01:36:29.159Z",
        "object_repr": "Inuktitut",
        "object_id": "195",
        "change_message": "",
        "user": 1,
        "content_type": 51
    },
    "model": "admin.logentry",
    "pk": 252
},
{
    "fields": {
        "action_flag": 3,
        "action_time": "2015-08-29T01:36:29.177Z",
        "object_repr": "Interlingue; Occidental",
        "object_id": "194",
        "change_message": "",
        "user": 1,
        "content_type": 51
    },
    "model": "admin.logentry",
    "pk": 253
},
{
    "fields": {
        "action_flag": 3,
        "action_time": "2015-08-29T01:36:29.194Z",
        "object_repr": "Interlingua (International Auxiliary Language Association)",
        "object_id": "193",
        "change_message": "",
        "user": 1,
        "content_type": 51
    },
    "model": "admin.logentry",
    "pk": 254
},
{
    "fields": {
        "action_flag": 3,
        "action_time": "2015-08-29T01:36:51.463Z",
        "object_repr": "Ingush",
        "object_id": "192",
        "change_message": "",
        "user": 1,
        "content_type": 51
    },
    "model": "admin.logentry",
    "pk": 255
},
{
    "fields": {
        "action_flag": 3,
        "action_time": "2015-08-29T01:36:51.472Z",
        "object_repr": "Indo-European languages",
        "object_id": "190",
        "change_message": "",
        "user": 1,
        "content_type": 51
    },
    "model": "admin.logentry",
    "pk": 256
},
{
    "fields": {
        "action_flag": 3,
        "action_time": "2015-08-29T01:36:51.482Z",
        "object_repr": "Indic languages",
        "object_id": "189",
        "change_message": "",
        "user": 1,
        "content_type": 51
    },
    "model": "admin.logentry",
    "pk": 257
},
{
    "fields": {
        "action_flag": 3,
        "action_time": "2015-08-29T01:36:51.492Z",
        "object_repr": "Inari Sami",
        "object_id": "188",
        "change_message": "",
        "user": 1,
        "content_type": 51
    },
    "model": "admin.logentry",
    "pk": 258
},
{
    "fields": {
        "action_flag": 3,
        "action_time": "2015-08-29T01:36:51.502Z",
        "object_repr": "Iloko",
        "object_id": "187",
        "change_message": "",
        "user": 1,
        "content_type": 51
    },
    "model": "admin.logentry",
    "pk": 259
},
{
    "fields": {
        "action_flag": 3,
        "action_time": "2015-08-29T01:36:51.510Z",
        "object_repr": "Ijo languages",
        "object_id": "186",
        "change_message": "",
        "user": 1,
        "content_type": 51
    },
    "model": "admin.logentry",
    "pk": 260
},
{
    "fields": {
        "action_flag": 3,
        "action_time": "2015-08-29T01:36:51.518Z",
        "object_repr": "Igbo",
        "object_id": "185",
        "change_message": "",
        "user": 1,
        "content_type": 51
    },
    "model": "admin.logentry",
    "pk": 261
},
{
    "fields": {
        "action_flag": 3,
        "action_time": "2015-08-29T01:36:51.528Z",
        "object_repr": "Ido",
        "object_id": "184",
        "change_message": "",
        "user": 1,
        "content_type": 51
    },
    "model": "admin.logentry",
    "pk": 262
},
{
    "fields": {
        "action_flag": 3,
        "action_time": "2015-08-29T01:36:51.537Z",
        "object_repr": "Iban",
        "object_id": "182",
        "change_message": "",
        "user": 1,
        "content_type": 51
    },
    "model": "admin.logentry",
    "pk": 263
},
{
    "fields": {
        "action_flag": 3,
        "action_time": "2015-08-29T01:36:51.545Z",
        "object_repr": "Hupa",
        "object_id": "181",
        "change_message": "",
        "user": 1,
        "content_type": 51
    },
    "model": "admin.logentry",
    "pk": 264
},
{
    "fields": {
        "action_flag": 3,
        "action_time": "2015-08-29T01:36:51.554Z",
        "object_repr": "Hmong; Mong",
        "object_id": "179",
        "change_message": "",
        "user": 1,
        "content_type": 51
    },
    "model": "admin.logentry",
    "pk": 265
},
{
    "fields": {
        "action_flag": 3,
        "action_time": "2015-08-29T01:36:51.562Z",
        "object_repr": "Hittite",
        "object_id": "178",
        "change_message": "",
        "user": 1,
        "content_type": 51
    },
    "model": "admin.logentry",
    "pk": 266
},
{
    "fields": {
        "action_flag": 3,
        "action_time": "2015-08-29T01:36:51.572Z",
        "object_repr": "Hiri Motu",
        "object_id": "177",
        "change_message": "",
        "user": 1,
        "content_type": 51
    },
    "model": "admin.logentry",
    "pk": 267
},
{
    "fields": {
        "action_flag": 3,
        "action_time": "2015-08-29T01:36:51.581Z",
        "object_repr": "Himachali languages; Western Pahari languages",
        "object_id": "175",
        "change_message": "",
        "user": 1,
        "content_type": 51
    },
    "model": "admin.logentry",
    "pk": 268
},
{
    "fields": {
        "action_flag": 3,
        "action_time": "2015-08-29T01:36:51.591Z",
        "object_repr": "Hiligaynon",
        "object_id": "174",
        "change_message": "",
        "user": 1,
        "content_type": 51
    },
    "model": "admin.logentry",
    "pk": 269
},
{
    "fields": {
        "action_flag": 3,
        "action_time": "2015-08-29T01:37:10.334Z",
        "object_repr": "Herero",
        "object_id": "173",
        "change_message": "",
        "user": 1,
        "content_type": 51
    },
    "model": "admin.logentry",
    "pk": 270
},
{
    "fields": {
        "action_flag": 3,
        "action_time": "2015-08-29T01:37:10.343Z",
        "object_repr": "Hausa",
        "object_id": "170",
        "change_message": "",
        "user": 1,
        "content_type": 51
    },
    "model": "admin.logentry",
    "pk": 271
},
{
    "fields": {
        "action_flag": 3,
        "action_time": "2015-08-29T01:37:10.354Z",
        "object_repr": "Haida",
        "object_id": "168",
        "change_message": "",
        "user": 1,
        "content_type": 51
    },
    "model": "admin.logentry",
    "pk": 272
},
{
    "fields": {
        "action_flag": 3,
        "action_time": "2015-08-29T01:37:10.362Z",
        "object_repr": "Gwich'in",
        "object_id": "167",
        "change_message": "",
        "user": 1,
        "content_type": 51
    },
    "model": "admin.logentry",
    "pk": 273
},
{
    "fields": {
        "action_flag": 3,
        "action_time": "2015-08-29T01:37:10.371Z",
        "object_repr": "Gujarati",
        "object_id": "166",
        "change_message": "",
        "user": 1,
        "content_type": 51
    },
    "model": "admin.logentry",
    "pk": 274
},
{
    "fields": {
        "action_flag": 3,
        "action_time": "2015-08-29T01:37:10.381Z",
        "object_repr": "Guarani",
        "object_id": "165",
        "change_message": "",
        "user": 1,
        "content_type": 51
    },
    "model": "admin.logentry",
    "pk": 275
},
{
    "fields": {
        "action_flag": 3,
        "action_time": "2015-08-29T01:37:10.390Z",
        "object_repr": "Greek, Modern (1453-)",
        "object_id": "164",
        "change_message": "",
        "user": 1,
        "content_type": 51
    },
    "model": "admin.logentry",
    "pk": 276
},
{
    "fields": {
        "action_flag": 3,
        "action_time": "2015-08-29T01:37:10.398Z",
        "object_repr": "Greek, Ancient (to 1453)",
        "object_id": "163",
        "change_message": "",
        "user": 1,
        "content_type": 51
    },
    "model": "admin.logentry",
    "pk": 277
},
{
    "fields": {
        "action_flag": 3,
        "action_time": "2015-08-29T01:37:10.407Z",
        "object_repr": "Grebo",
        "object_id": "162",
        "change_message": "",
        "user": 1,
        "content_type": 51
    },
    "model": "admin.logentry",
    "pk": 278
},
{
    "fields": {
        "action_flag": 3,
        "action_time": "2015-08-29T01:37:10.415Z",
        "object_repr": "Gothic",
        "object_id": "161",
        "change_message": "",
        "user": 1,
        "content_type": 51
    },
    "model": "admin.logentry",
    "pk": 279
},
{
    "fields": {
        "action_flag": 3,
        "action_time": "2015-08-29T01:37:10.424Z",
        "object_repr": "Gorontalo",
        "object_id": "160",
        "change_message": "",
        "user": 1,
        "content_type": 51
    },
    "model": "admin.logentry",
    "pk": 280
},
{
    "fields": {
        "action_flag": 3,
        "action_time": "2015-08-29T01:37:10.432Z",
        "object_repr": "Gondi",
        "object_id": "159",
        "change_message": "",
        "user": 1,
        "content_type": 51
    },
    "model": "admin.logentry",
    "pk": 281
},
{
    "fields": {
        "action_flag": 3,
        "action_time": "2015-08-29T01:38:38.153Z",
        "object_repr": "Ga",
        "object_id": "145",
        "change_message": "",
        "user": 1,
        "content_type": 51
    },
    "model": "admin.logentry",
    "pk": 282
},
{
    "fields": {
        "action_flag": 3,
        "action_time": "2015-08-29T01:38:38.162Z",
        "object_repr": "Fulah",
        "object_id": "144",
        "change_message": "",
        "user": 1,
        "content_type": 51
    },
    "model": "admin.logentry",
    "pk": 283
},
{
    "fields": {
        "action_flag": 3,
        "action_time": "2015-08-29T01:38:38.171Z",
        "object_repr": "Friulian",
        "object_id": "143",
        "change_message": "",
        "user": 1,
        "content_type": 51
    },
    "model": "admin.logentry",
    "pk": 284
},
{
    "fields": {
        "action_flag": 3,
        "action_time": "2015-08-29T01:38:38.179Z",
        "object_repr": "French, Old (842-ca. 1400)",
        "object_id": "142",
        "change_message": "",
        "user": 1,
        "content_type": 51
    },
    "model": "admin.logentry",
    "pk": 285
},
{
    "fields": {
        "action_flag": 3,
        "action_time": "2015-08-29T01:38:38.188Z",
        "object_repr": "French, Middle (ca. 1400-1600)",
        "object_id": "141",
        "change_message": "",
        "user": 1,
        "content_type": 51
    },
    "model": "admin.logentry",
    "pk": 286
},
{
    "fields": {
        "action_flag": 3,
        "action_time": "2015-08-29T01:38:38.196Z",
        "object_repr": "Fon",
        "object_id": "139",
        "change_message": "",
        "user": 1,
        "content_type": 51
    },
    "model": "admin.logentry",
    "pk": 287
},
{
    "fields": {
        "action_flag": 3,
        "action_time": "2015-08-29T01:38:38.205Z",
        "object_repr": "Fanti",
        "object_id": "133",
        "change_message": "",
        "user": 1,
        "content_type": 51
    },
    "model": "admin.logentry",
    "pk": 288
},
{
    "fields": {
        "action_flag": 3,
        "action_time": "2015-08-29T01:38:38.214Z",
        "object_repr": "Fang",
        "object_id": "132",
        "change_message": "",
        "user": 1,
        "content_type": 51
    },
    "model": "admin.logentry",
    "pk": 289
},
{
    "fields": {
        "action_flag": 3,
        "action_time": "2015-08-29T01:38:38.222Z",
        "object_repr": "Ewondo",
        "object_id": "131",
        "change_message": "",
        "user": 1,
        "content_type": 51
    },
    "model": "admin.logentry",
    "pk": 290
},
{
    "fields": {
        "action_flag": 3,
        "action_time": "2015-08-29T01:38:38.230Z",
        "object_repr": "Ewe",
        "object_id": "130",
        "change_message": "",
        "user": 1,
        "content_type": 51
    },
    "model": "admin.logentry",
    "pk": 291
},
{
    "fields": {
        "action_flag": 3,
        "action_time": "2015-08-29T01:38:38.239Z",
        "object_repr": "Esperanto",
        "object_id": "128",
        "change_message": "",
        "user": 1,
        "content_type": 51
    },
    "model": "admin.logentry",
    "pk": 292
},
{
    "fields": {
        "action_flag": 3,
        "action_time": "2015-08-29T01:38:38.247Z",
        "object_repr": "Erzya",
        "object_id": "127",
        "change_message": "",
        "user": 1,
        "content_type": 51
    },
    "model": "admin.logentry",
    "pk": 293
},
{
    "fields": {
        "action_flag": 3,
        "action_time": "2015-08-29T01:38:38.256Z",
        "object_repr": "English, Old (ca. 450-1100)",
        "object_id": "126",
        "change_message": "",
        "user": 1,
        "content_type": 51
    },
    "model": "admin.logentry",
    "pk": 294
},
{
    "fields": {
        "action_flag": 3,
        "action_time": "2015-08-29T01:38:38.264Z",
        "object_repr": "English, Middle (1100-1500)",
        "object_id": "125",
        "change_message": "",
        "user": 1,
        "content_type": 51
    },
    "model": "admin.logentry",
    "pk": 295
},
{
    "fields": {
        "action_flag": 3,
        "action_time": "2015-08-29T01:38:38.274Z",
        "object_repr": "Elamite",
        "object_id": "123",
        "change_message": "",
        "user": 1,
        "content_type": 51
    },
    "model": "admin.logentry",
    "pk": 296
},
{
    "fields": {
        "action_flag": 3,
        "action_time": "2015-08-29T01:38:38.283Z",
        "object_repr": "Ekajuk",
        "object_id": "122",
        "change_message": "",
        "user": 1,
        "content_type": 51
    },
    "model": "admin.logentry",
    "pk": 297
},
{
    "fields": {
        "action_flag": 3,
        "action_time": "2015-08-29T01:38:38.292Z",
        "object_repr": "Egyptian (Ancient)",
        "object_id": "121",
        "change_message": "",
        "user": 1,
        "content_type": 51
    },
    "model": "admin.logentry",
    "pk": 298
},
{
    "fields": {
        "action_flag": 3,
        "action_time": "2015-08-29T01:38:38.301Z",
        "object_repr": "Efik",
        "object_id": "120",
        "change_message": "",
        "user": 1,
        "content_type": 51
    },
    "model": "admin.logentry",
    "pk": 299
},
{
    "fields": {
        "action_flag": 3,
        "action_time": "2015-08-29T01:38:38.312Z",
        "object_repr": "Eastern Frisian",
        "object_id": "119",
        "change_message": "",
        "user": 1,
        "content_type": 51
    },
    "model": "admin.logentry",
    "pk": 300
},
{
    "fields": {
        "action_flag": 3,
        "action_time": "2015-08-29T01:38:38.322Z",
        "object_repr": "Dzongkha",
        "object_id": "118",
        "change_message": "",
        "user": 1,
        "content_type": 51
    },
    "model": "admin.logentry",
    "pk": 301
},
{
    "fields": {
        "action_flag": 3,
        "action_time": "2015-08-29T01:38:38.332Z",
        "object_repr": "Dyula",
        "object_id": "117",
        "change_message": "",
        "user": 1,
        "content_type": 51
    },
    "model": "admin.logentry",
    "pk": 302
},
{
    "fields": {
        "action_flag": 3,
        "action_time": "2015-08-29T01:38:38.342Z",
        "object_repr": "Duala",
        "object_id": "114",
        "change_message": "",
        "user": 1,
        "content_type": 51
    },
    "model": "admin.logentry",
    "pk": 303
},
{
    "fields": {
        "action_flag": 3,
        "action_time": "2015-08-29T01:38:38.351Z",
        "object_repr": "Dravidian languages",
        "object_id": "113",
        "change_message": "",
        "user": 1,
        "content_type": 51
    },
    "model": "admin.logentry",
    "pk": 304
},
{
    "fields": {
        "action_flag": 3,
        "action_time": "2015-08-29T01:38:38.360Z",
        "object_repr": "Dogrib",
        "object_id": "112",
        "change_message": "",
        "user": 1,
        "content_type": 51
    },
    "model": "admin.logentry",
    "pk": 305
},
{
    "fields": {
        "action_flag": 3,
        "action_time": "2015-08-29T01:38:38.368Z",
        "object_repr": "Dogri",
        "object_id": "111",
        "change_message": "",
        "user": 1,
        "content_type": 51
    },
    "model": "admin.logentry",
    "pk": 306
},
{
    "fields": {
        "action_flag": 3,
        "action_time": "2015-08-29T01:38:38.378Z",
        "object_repr": "Divehi; Dhivehi; Maldivian",
        "object_id": "110",
        "change_message": "",
        "user": 1,
        "content_type": 51
    },
    "model": "admin.logentry",
    "pk": 307
},
{
    "fields": {
        "action_flag": 3,
        "action_time": "2015-08-29T01:38:38.388Z",
        "object_repr": "Dinka",
        "object_id": "109",
        "change_message": "",
        "user": 1,
        "content_type": 51
    },
    "model": "admin.logentry",
    "pk": 308
},
{
    "fields": {
        "action_flag": 3,
        "action_time": "2015-08-29T01:38:38.397Z",
        "object_repr": "Delaware",
        "object_id": "108",
        "change_message": "",
        "user": 1,
        "content_type": 51
    },
    "model": "admin.logentry",
    "pk": 309
},
{
    "fields": {
        "action_flag": 3,
        "action_time": "2015-08-29T01:38:38.407Z",
        "object_repr": "Dargwa",
        "object_id": "107",
        "change_message": "",
        "user": 1,
        "content_type": 51
    },
    "model": "admin.logentry",
    "pk": 310
},
{
    "fields": {
        "action_flag": 3,
        "action_time": "2015-08-29T01:38:38.416Z",
        "object_repr": "Cushitic languages",
        "object_id": "103",
        "change_message": "",
        "user": 1,
        "content_type": 51
    },
    "model": "admin.logentry",
    "pk": 311
},
{
    "fields": {
        "action_flag": 3,
        "action_time": "2015-08-29T01:38:38.425Z",
        "object_repr": "Crimean Tatar; Crimean Turkish",
        "object_id": "101",
        "change_message": "",
        "user": 1,
        "content_type": 51
    },
    "model": "admin.logentry",
    "pk": 312
},
{
    "fields": {
        "action_flag": 3,
        "action_time": "2015-08-29T01:38:38.435Z",
        "object_repr": "Creoles and pidgins, Portuguese-based",
        "object_id": "100",
        "change_message": "",
        "user": 1,
        "content_type": 51
    },
    "model": "admin.logentry",
    "pk": 313
},
{
    "fields": {
        "action_flag": 3,
        "action_time": "2015-08-29T01:38:38.444Z",
        "object_repr": "Creoles and pidgins, French-based",
        "object_id": "99",
        "change_message": "",
        "user": 1,
        "content_type": 51
    },
    "model": "admin.logentry",
    "pk": 314
},
{
    "fields": {
        "action_flag": 3,
        "action_time": "2015-08-29T01:38:38.452Z",
        "object_repr": "Creoles and pidgins, English based",
        "object_id": "98",
        "change_message": "",
        "user": 1,
        "content_type": 51
    },
    "model": "admin.logentry",
    "pk": 315
},
{
    "fields": {
        "action_flag": 3,
        "action_time": "2015-08-29T01:38:38.461Z",
        "object_repr": "Creoles and pidgins",
        "object_id": "97",
        "change_message": "",
        "user": 1,
        "content_type": 51
    },
    "model": "admin.logentry",
    "pk": 316
},
{
    "fields": {
        "action_flag": 3,
        "action_time": "2015-08-29T01:38:38.469Z",
        "object_repr": "Creek",
        "object_id": "96",
        "change_message": "",
        "user": 1,
        "content_type": 51
    },
    "model": "admin.logentry",
    "pk": 317
},
{
    "fields": {
        "action_flag": 3,
        "action_time": "2015-08-29T01:38:38.478Z",
        "object_repr": "Cree",
        "object_id": "95",
        "change_message": "",
        "user": 1,
        "content_type": 51
    },
    "model": "admin.logentry",
    "pk": 318
},
{
    "fields": {
        "action_flag": 3,
        "action_time": "2015-08-29T01:38:38.487Z",
        "object_repr": "Coptic",
        "object_id": "92",
        "change_message": "",
        "user": 1,
        "content_type": 51
    },
    "model": "admin.logentry",
    "pk": 319
},
{
    "fields": {
        "action_flag": 3,
        "action_time": "2015-08-29T01:38:38.496Z",
        "object_repr": "Classical Syriac",
        "object_id": "91",
        "change_message": "",
        "user": 1,
        "content_type": 51
    },
    "model": "admin.logentry",
    "pk": 320
},
{
    "fields": {
        "action_flag": 3,
        "action_time": "2015-08-29T01:38:38.507Z",
        "object_repr": "Classical Newari; Old Newari; Classical Nepal Bhasa",
        "object_id": "90",
        "change_message": "",
        "user": 1,
        "content_type": 51
    },
    "model": "admin.logentry",
    "pk": 321
},
{
    "fields": {
        "action_flag": 3,
        "action_time": "2015-08-29T01:38:38.516Z",
        "object_repr": "Chuvash",
        "object_id": "89",
        "change_message": "",
        "user": 1,
        "content_type": 51
    },
    "model": "admin.logentry",
    "pk": 322
},
{
    "fields": {
        "action_flag": 3,
        "action_time": "2015-08-29T01:38:38.525Z",
        "object_repr": "Chuukese",
        "object_id": "88",
        "change_message": "",
        "user": 1,
        "content_type": 51
    },
    "model": "admin.logentry",
    "pk": 323
},
{
    "fields": {
        "action_flag": 3,
        "action_time": "2015-08-29T01:38:38.536Z",
        "object_repr": "Church Slavic; Old Slavonic; Church Slavonic; Old Bulgarian; Old Church Slavonic",
        "object_id": "87",
        "change_message": "",
        "user": 1,
        "content_type": 51
    },
    "model": "admin.logentry",
    "pk": 324
},
{
    "fields": {
        "action_flag": 3,
        "action_time": "2015-08-29T01:38:38.546Z",
        "object_repr": "Choctaw",
        "object_id": "86",
        "change_message": "",
        "user": 1,
        "content_type": 51
    },
    "model": "admin.logentry",
    "pk": 325
},
{
    "fields": {
        "action_flag": 3,
        "action_time": "2015-08-29T01:38:38.554Z",
        "object_repr": "Chipewyan; Dene Suline",
        "object_id": "85",
        "change_message": "",
        "user": 1,
        "content_type": 51
    },
    "model": "admin.logentry",
    "pk": 326
},
{
    "fields": {
        "action_flag": 3,
        "action_time": "2015-08-29T01:38:38.564Z",
        "object_repr": "Chinook jargon",
        "object_id": "84",
        "change_message": "",
        "user": 1,
        "content_type": 51
    },
    "model": "admin.logentry",
    "pk": 327
},
{
    "fields": {
        "action_flag": 3,
        "action_time": "2015-08-29T01:38:38.573Z",
        "object_repr": "Chichewa; Chewa; Nyanja",
        "object_id": "82",
        "change_message": "",
        "user": 1,
        "content_type": 51
    },
    "model": "admin.logentry",
    "pk": 328
},
{
    "fields": {
        "action_flag": 3,
        "action_time": "2015-08-29T01:38:38.584Z",
        "object_repr": "Chibcha",
        "object_id": "81",
        "change_message": "",
        "user": 1,
        "content_type": 51
    },
    "model": "admin.logentry",
    "pk": 329
},
{
    "fields": {
        "action_flag": 3,
        "action_time": "2015-08-29T01:38:38.598Z",
        "object_repr": "Cheyenne",
        "object_id": "80",
        "change_message": "",
        "user": 1,
        "content_type": 51
    },
    "model": "admin.logentry",
    "pk": 330
},
{
    "fields": {
        "action_flag": 3,
        "action_time": "2015-08-29T01:38:38.610Z",
        "object_repr": "Chamorro",
        "object_id": "77",
        "change_message": "",
        "user": 1,
        "content_type": 51
    },
    "model": "admin.logentry",
    "pk": 331
},
{
    "fields": {
        "action_flag": 3,
        "action_time": "2015-08-29T01:38:38.620Z",
        "object_repr": "Chamic languages",
        "object_id": "76",
        "change_message": "",
        "user": 1,
        "content_type": 51
    },
    "model": "admin.logentry",
    "pk": 332
},
{
    "fields": {
        "action_flag": 3,
        "action_time": "2015-08-29T01:38:38.632Z",
        "object_repr": "Chagatai",
        "object_id": "75",
        "change_message": "",
        "user": 1,
        "content_type": 51
    },
    "model": "admin.logentry",
    "pk": 333
},
{
    "fields": {
        "action_flag": 3,
        "action_time": "2015-08-29T01:38:38.643Z",
        "object_repr": "Central Khmer",
        "object_id": "74",
        "change_message": "",
        "user": 1,
        "content_type": 51
    },
    "model": "admin.logentry",
    "pk": 334
},
{
    "fields": {
        "action_flag": 3,
        "action_time": "2015-08-29T01:38:38.655Z",
        "object_repr": "Cebuano",
        "object_id": "71",
        "change_message": "",
        "user": 1,
        "content_type": 51
    },
    "model": "admin.logentry",
    "pk": 335
},
{
    "fields": {
        "action_flag": 3,
        "action_time": "2015-08-29T01:38:38.667Z",
        "object_repr": "Caucasian languages",
        "object_id": "70",
        "change_message": "",
        "user": 1,
        "content_type": 51
    },
    "model": "admin.logentry",
    "pk": 336
},
{
    "fields": {
        "action_flag": 3,
        "action_time": "2015-08-29T01:38:38.677Z",
        "object_repr": "Caddo",
        "object_id": "68",
        "change_message": "",
        "user": 1,
        "content_type": 51
    },
    "model": "admin.logentry",
    "pk": 337
},
{
    "fields": {
        "action_flag": 3,
        "action_time": "2015-08-29T01:38:38.686Z",
        "object_repr": "Buriat",
        "object_id": "66",
        "change_message": "",
        "user": 1,
        "content_type": 51
    },
    "model": "admin.logentry",
    "pk": 338
},
{
    "fields": {
        "action_flag": 3,
        "action_time": "2015-08-29T01:38:38.696Z",
        "object_repr": "Buginese",
        "object_id": "64",
        "change_message": "",
        "user": 1,
        "content_type": 51
    },
    "model": "admin.logentry",
    "pk": 339
},
{
    "fields": {
        "action_flag": 3,
        "action_time": "2015-08-29T01:38:38.704Z",
        "object_repr": "Braj",
        "object_id": "62",
        "change_message": "",
        "user": 1,
        "content_type": 51
    },
    "model": "admin.logentry",
    "pk": 340
},
{
    "fields": {
        "action_flag": 3,
        "action_time": "2015-08-29T01:38:38.715Z",
        "object_repr": "Bokm\u00e5l, Norwegian; Norwegian Bokm\u00e5l",
        "object_id": "60",
        "change_message": "",
        "user": 1,
        "content_type": 51
    },
    "model": "admin.logentry",
    "pk": 341
},
{
    "fields": {
        "action_flag": 3,
        "action_time": "2015-08-29T01:38:38.724Z",
        "object_repr": "Blissymbols; Blissymbolics; Bliss",
        "object_id": "59",
        "change_message": "",
        "user": 1,
        "content_type": 51
    },
    "model": "admin.logentry",
    "pk": 342
},
{
    "fields": {
        "action_flag": 3,
        "action_time": "2015-08-29T01:38:38.737Z",
        "object_repr": "Blin; Bilin",
        "object_id": "58",
        "change_message": "",
        "user": 1,
        "content_type": 51
    },
    "model": "admin.logentry",
    "pk": 343
},
{
    "fields": {
        "action_flag": 3,
        "action_time": "2015-08-29T01:38:38.748Z",
        "object_repr": "Bislama",
        "object_id": "57",
        "change_message": "",
        "user": 1,
        "content_type": 51
    },
    "model": "admin.logentry",
    "pk": 344
},
{
    "fields": {
        "action_flag": 3,
        "action_time": "2015-08-29T01:38:38.759Z",
        "object_repr": "Bini; Edo",
        "object_id": "56",
        "change_message": "",
        "user": 1,
        "content_type": 51
    },
    "model": "admin.logentry",
    "pk": 345
},
{
    "fields": {
        "action_flag": 3,
        "action_time": "2015-08-29T01:38:38.769Z",
        "object_repr": "Bikol",
        "object_id": "55",
        "change_message": "",
        "user": 1,
        "content_type": 51
    },
    "model": "admin.logentry",
    "pk": 346
},
{
    "fields": {
        "action_flag": 3,
        "action_time": "2015-08-29T01:38:38.777Z",
        "object_repr": "Bihari languages",
        "object_id": "54",
        "change_message": "",
        "user": 1,
        "content_type": 51
    },
    "model": "admin.logentry",
    "pk": 347
},
{
    "fields": {
        "action_flag": 3,
        "action_time": "2015-08-29T01:38:38.786Z",
        "object_repr": "Bhojpuri",
        "object_id": "53",
        "change_message": "",
        "user": 1,
        "content_type": 51
    },
    "model": "admin.logentry",
    "pk": 348
},
{
    "fields": {
        "action_flag": 3,
        "action_time": "2015-08-29T01:38:38.795Z",
        "object_repr": "Bemba",
        "object_id": "50",
        "change_message": "",
        "user": 1,
        "content_type": 51
    },
    "model": "admin.logentry",
    "pk": 349
},
{
    "fields": {
        "action_flag": 3,
        "action_time": "2015-08-29T01:38:38.804Z",
        "object_repr": "Beja; Bedawiyet",
        "object_id": "48",
        "change_message": "",
        "user": 1,
        "content_type": 51
    },
    "model": "admin.logentry",
    "pk": 350
},
{
    "fields": {
        "action_flag": 3,
        "action_time": "2015-08-29T01:38:38.815Z",
        "object_repr": "Batak languages",
        "object_id": "47",
        "change_message": "",
        "user": 1,
        "content_type": 51
    },
    "model": "admin.logentry",
    "pk": 351
},
{
    "fields": {
        "action_flag": 3,
        "action_time": "2015-08-29T01:39:21.200Z",
        "object_repr": "Bantu languages",
        "object_id": "43",
        "change_message": "",
        "user": 1,
        "content_type": 51
    },
    "model": "admin.logentry",
    "pk": 352
},
{
    "fields": {
        "action_flag": 3,
        "action_time": "2015-08-29T01:39:21.210Z",
        "object_repr": "Banda languages",
        "object_id": "42",
        "change_message": "",
        "user": 1,
        "content_type": 51
    },
    "model": "admin.logentry",
    "pk": 353
},
{
    "fields": {
        "action_flag": 3,
        "action_time": "2015-08-29T01:39:21.218Z",
        "object_repr": "Bamileke languages",
        "object_id": "41",
        "change_message": "",
        "user": 1,
        "content_type": 51
    },
    "model": "admin.logentry",
    "pk": 354
},
{
    "fields": {
        "action_flag": 3,
        "action_time": "2015-08-29T01:39:21.227Z",
        "object_repr": "Bambara",
        "object_id": "40",
        "change_message": "",
        "user": 1,
        "content_type": 51
    },
    "model": "admin.logentry",
    "pk": 355
},
{
    "fields": {
        "action_flag": 3,
        "action_time": "2015-08-29T01:39:21.235Z",
        "object_repr": "Baluchi",
        "object_id": "39",
        "change_message": "",
        "user": 1,
        "content_type": 51
    },
    "model": "admin.logentry",
    "pk": 356
},
{
    "fields": {
        "action_flag": 3,
        "action_time": "2015-08-29T01:39:21.244Z",
        "object_repr": "Aymara",
        "object_id": "35",
        "change_message": "",
        "user": 1,
        "content_type": 51
    },
    "model": "admin.logentry",
    "pk": 357
},
{
    "fields": {
        "action_flag": 3,
        "action_time": "2015-08-29T01:39:21.253Z",
        "object_repr": "Awadhi",
        "object_id": "34",
        "change_message": "",
        "user": 1,
        "content_type": 51
    },
    "model": "admin.logentry",
    "pk": 358
},
{
    "fields": {
        "action_flag": 3,
        "action_time": "2015-08-29T01:39:21.262Z",
        "object_repr": "Avestan",
        "object_id": "33",
        "change_message": "",
        "user": 1,
        "content_type": 51
    },
    "model": "admin.logentry",
    "pk": 359
},
{
    "fields": {
        "action_flag": 3,
        "action_time": "2015-08-29T01:39:21.272Z",
        "object_repr": "Avaric",
        "object_id": "32",
        "change_message": "",
        "user": 1,
        "content_type": 51
    },
    "model": "admin.logentry",
    "pk": 360
},
{
    "fields": {
        "action_flag": 3,
        "action_time": "2015-08-29T01:39:21.280Z",
        "object_repr": "Austronesian languages",
        "object_id": "31",
        "change_message": "",
        "user": 1,
        "content_type": 51
    },
    "model": "admin.logentry",
    "pk": 361
},
{
    "fields": {
        "action_flag": 3,
        "action_time": "2015-08-29T01:39:21.288Z",
        "object_repr": "Athapascan languages",
        "object_id": "29",
        "change_message": "",
        "user": 1,
        "content_type": 51
    },
    "model": "admin.logentry",
    "pk": 362
},
{
    "fields": {
        "action_flag": 3,
        "action_time": "2015-08-29T01:39:21.297Z",
        "object_repr": "Artificial languages",
        "object_id": "26",
        "change_message": "",
        "user": 1,
        "content_type": 51
    },
    "model": "admin.logentry",
    "pk": 363
},
{
    "fields": {
        "action_flag": 3,
        "action_time": "2015-08-29T01:39:21.305Z",
        "object_repr": "Aromanian; Arumanian; Macedo-Romanian",
        "object_id": "25",
        "change_message": "",
        "user": 1,
        "content_type": 51
    },
    "model": "admin.logentry",
    "pk": 364
},
{
    "fields": {
        "action_flag": 3,
        "action_time": "2015-08-29T01:39:21.313Z",
        "object_repr": "Arawak",
        "object_id": "23",
        "change_message": "",
        "user": 1,
        "content_type": 51
    },
    "model": "admin.logentry",
    "pk": 365
},
{
    "fields": {
        "action_flag": 3,
        "action_time": "2015-08-29T01:39:21.322Z",
        "object_repr": "Arapaho",
        "object_id": "22",
        "change_message": "",
        "user": 1,
        "content_type": 51
    },
    "model": "admin.logentry",
    "pk": 366
},
{
    "fields": {
        "action_flag": 3,
        "action_time": "2015-08-29T01:39:21.331Z",
        "object_repr": "Aragonese",
        "object_id": "21",
        "change_message": "",
        "user": 1,
        "content_type": 51
    },
    "model": "admin.logentry",
    "pk": 367
},
{
    "fields": {
        "action_flag": 3,
        "action_time": "2015-08-29T01:39:21.339Z",
        "object_repr": "Altaic languages",
        "object_id": "16",
        "change_message": "",
        "user": 1,
        "content_type": 51
    },
    "model": "admin.logentry",
    "pk": 368
},
{
    "fields": {
        "action_flag": 3,
        "action_time": "2015-08-29T01:39:21.347Z",
        "object_repr": "Algonquian languages",
        "object_id": "15",
        "change_message": "",
        "user": 1,
        "content_type": 51
    },
    "model": "admin.logentry",
    "pk": 369
},
{
    "fields": {
        "action_flag": 3,
        "action_time": "2015-08-29T01:39:21.356Z",
        "object_repr": "Aleut",
        "object_id": "14",
        "change_message": "",
        "user": 1,
        "content_type": 51
    },
    "model": "admin.logentry",
    "pk": 370
},
{
    "fields": {
        "action_flag": 3,
        "action_time": "2015-08-29T01:39:21.365Z",
        "object_repr": "Albanian",
        "object_id": "13",
        "change_message": "",
        "user": 1,
        "content_type": 51
    },
    "model": "admin.logentry",
    "pk": 371
},
{
    "fields": {
        "action_flag": 3,
        "action_time": "2015-08-29T01:39:21.375Z",
        "object_repr": "Akkadian",
        "object_id": "12",
        "change_message": "",
        "user": 1,
        "content_type": 51
    },
    "model": "admin.logentry",
    "pk": 372
},
{
    "fields": {
        "action_flag": 3,
        "action_time": "2015-08-29T01:39:21.383Z",
        "object_repr": "Akan",
        "object_id": "11",
        "change_message": "",
        "user": 1,
        "content_type": 51
    },
    "model": "admin.logentry",
    "pk": 373
},
{
    "fields": {
        "action_flag": 3,
        "action_time": "2015-08-29T01:39:21.392Z",
        "object_repr": "Ainu",
        "object_id": "10",
        "change_message": "",
        "user": 1,
        "content_type": 51
    },
    "model": "admin.logentry",
    "pk": 374
},
{
    "fields": {
        "action_flag": 3,
        "action_time": "2015-08-29T01:39:21.401Z",
        "object_repr": "Afrihili",
        "object_id": "7",
        "change_message": "",
        "user": 1,
        "content_type": 51
    },
    "model": "admin.logentry",
    "pk": 375
},
{
    "fields": {
        "action_flag": 3,
        "action_time": "2015-08-29T01:39:21.409Z",
        "object_repr": "Afar",
        "object_id": "6",
        "change_message": "",
        "user": 1,
        "content_type": 51
    },
    "model": "admin.logentry",
    "pk": 376
},
{
    "fields": {
        "action_flag": 3,
        "action_time": "2015-08-29T01:39:21.417Z",
        "object_repr": "Adyghe; Adygei",
        "object_id": "5",
        "change_message": "",
        "user": 1,
        "content_type": 51
    },
    "model": "admin.logentry",
    "pk": 377
},
{
    "fields": {
        "action_flag": 3,
        "action_time": "2015-08-29T01:39:21.426Z",
        "object_repr": "Adangme",
        "object_id": "4",
        "change_message": "",
        "user": 1,
        "content_type": 51
    },
    "model": "admin.logentry",
    "pk": 378
},
{
    "fields": {
        "action_flag": 3,
        "action_time": "2015-08-29T01:39:21.435Z",
        "object_repr": "Acoli",
        "object_id": "3",
        "change_message": "",
        "user": 1,
        "content_type": 51
    },
    "model": "admin.logentry",
    "pk": 379
},
{
    "fields": {
        "action_flag": 3,
        "action_time": "2015-08-29T01:39:21.445Z",
        "object_repr": "Achinese",
        "object_id": "2",
        "change_message": "",
        "user": 1,
        "content_type": 51
    },
    "model": "admin.logentry",
    "pk": 380
},
{
    "fields": {
        "action_flag": 1,
        "action_time": "2015-08-31T15:28:15.796Z",
        "object_repr": "copyedit_request",
        "object_id": "25",
        "change_message": "",
        "user": 1,
        "content_type": 26
    },
    "model": "admin.logentry",
    "pk": 381
},
{
    "fields": {
        "action_flag": 2,
        "action_time": "2015-08-31T16:04:59.653Z",
        "object_repr": "copyedit_request",
        "object_id": "25",
        "change_message": "Changed value.",
        "user": 1,
        "content_type": 26
    },
    "model": "admin.logentry",
    "pk": 382
},
{
    "fields": {
        "action_flag": 2,
        "action_time": "2015-08-31T16:05:03.465Z",
        "object_repr": "copyedit_request",
        "object_id": "25",
        "change_message": "Changed value.",
        "user": 1,
        "content_type": 26
    },
    "model": "admin.logentry",
    "pk": 383
},
{
    "fields": {
        "action_flag": 2,
        "action_time": "2015-08-31T16:10:46.207Z",
        "object_repr": "copyedit_request",
        "object_id": "25",
        "change_message": "Changed value.",
        "user": 1,
        "content_type": 26
    },
    "model": "admin.logentry",
    "pk": 384
},
{
    "fields": {
        "action_flag": 2,
        "action_time": "2015-08-31T16:12:57.415Z",
        "object_repr": "copyedit_request",
        "object_id": "25",
        "change_message": "Changed value.",
        "user": 1,
        "content_type": 26
    },
    "model": "admin.logentry",
    "pk": 385
},
{
    "fields": {
        "action_flag": 2,
        "action_time": "2015-08-31T16:13:27.226Z",
        "object_repr": "copyedit_request",
        "object_id": "25",
        "change_message": "Changed value.",
        "user": 1,
        "content_type": 26
    },
    "model": "admin.logentry",
    "pk": 386
},
{
    "fields": {
        "action_flag": 2,
        "action_time": "2015-08-31T16:13:58.873Z",
        "object_repr": "copyedit_request",
        "object_id": "25",
        "change_message": "Changed value.",
        "user": 1,
        "content_type": 26
    },
    "model": "admin.logentry",
    "pk": 387
},
{
    "fields": {
        "action_flag": 2,
        "action_time": "2015-08-31T16:14:38.964Z",
        "object_repr": "copyedit_request",
        "object_id": "25",
        "change_message": "Changed value.",
        "user": 1,
        "content_type": 26
    },
    "model": "admin.logentry",
    "pk": 388
},
{
    "fields": {
        "action_flag": 3,
        "action_time": "2015-08-31T16:25:54.839Z",
        "object_repr": "14 - Test 1 andy",
        "object_id": "14",
        "change_message": "",
        "user": 1,
        "content_type": 52
    },
    "model": "admin.logentry",
    "pk": 389
},
{
    "fields": {
        "action_flag": 3,
        "action_time": "2015-08-31T16:25:54.853Z",
        "object_repr": "13 - Test 1 andy",
        "object_id": "13",
        "change_message": "",
        "user": 1,
        "content_type": 52
    },
    "model": "admin.logentry",
    "pk": 390
},
{
    "fields": {
        "action_flag": 3,
        "action_time": "2015-08-31T16:25:54.867Z",
        "object_repr": "12 - Test 1 andy",
        "object_id": "12",
        "change_message": "",
        "user": 1,
        "content_type": 52
    },
    "model": "admin.logentry",
    "pk": 391
},
{
    "fields": {
        "action_flag": 3,
        "action_time": "2015-08-31T16:25:54.875Z",
        "object_repr": "11 - Test 1 andy",
        "object_id": "11",
        "change_message": "",
        "user": 1,
        "content_type": 52
    },
    "model": "admin.logentry",
    "pk": 392
},
{
    "fields": {
        "action_flag": 3,
        "action_time": "2015-08-31T16:25:54.888Z",
        "object_repr": "10 - Test 1 andy",
        "object_id": "10",
        "change_message": "",
        "user": 1,
        "content_type": 52
    },
    "model": "admin.logentry",
    "pk": 393
},
{
    "fields": {
        "action_flag": 3,
        "action_time": "2015-08-31T16:25:54.901Z",
        "object_repr": "9 - Test 1 andy",
        "object_id": "9",
        "change_message": "",
        "user": 1,
        "content_type": 52
    },
    "model": "admin.logentry",
    "pk": 394
},
{
    "fields": {
        "action_flag": 3,
        "action_time": "2015-08-31T16:25:54.913Z",
        "object_repr": "8 - Test 1 andy",
        "object_id": "8",
        "change_message": "",
        "user": 1,
        "content_type": 52
    },
    "model": "admin.logentry",
    "pk": 395
},
{
    "fields": {
        "action_flag": 3,
        "action_time": "2015-08-31T16:25:54.922Z",
        "object_repr": "7 - Test 1 andy",
        "object_id": "7",
        "change_message": "",
        "user": 1,
        "content_type": 52
    },
    "model": "admin.logentry",
    "pk": 396
},
{
    "fields": {
        "action_flag": 3,
        "action_time": "2015-08-31T16:25:54.932Z",
        "object_repr": "6 - Test 1 andy",
        "object_id": "6",
        "change_message": "",
        "user": 1,
        "content_type": 52
    },
    "model": "admin.logentry",
    "pk": 397
},
{
    "fields": {
        "action_flag": 3,
        "action_time": "2015-08-31T16:25:54.941Z",
        "object_repr": "5 - Test 1 andy",
        "object_id": "5",
        "change_message": "",
        "user": 1,
        "content_type": 52
    },
    "model": "admin.logentry",
    "pk": 398
},
{
    "fields": {
        "action_flag": 3,
        "action_time": "2015-08-31T16:25:54.950Z",
        "object_repr": "4 - Test 1 andy",
        "object_id": "4",
        "change_message": "",
        "user": 1,
        "content_type": 52
    },
    "model": "admin.logentry",
    "pk": 399
},
{
    "fields": {
        "action_flag": 3,
        "action_time": "2015-08-31T16:25:54.961Z",
        "object_repr": "3 - Test 1 andy",
        "object_id": "3",
        "change_message": "",
        "user": 1,
        "content_type": 52
    },
    "model": "admin.logentry",
    "pk": 400
},
{
    "fields": {
        "action_flag": 3,
        "action_time": "2015-08-31T16:25:54.972Z",
        "object_repr": "2 - Test 1 andy",
        "object_id": "2",
        "change_message": "",
        "user": 1,
        "content_type": 52
    },
    "model": "admin.logentry",
    "pk": 401
},
{
    "fields": {
        "action_flag": 3,
        "action_time": "2015-08-31T16:25:54.995Z",
        "object_repr": "1 - Test 1 andy",
        "object_id": "1",
        "change_message": "",
        "user": 1,
        "content_type": 52
    },
    "model": "admin.logentry",
    "pk": 402
},
{
    "fields": {
        "action_flag": 2,
        "action_time": "2015-09-01T12:23:19.511Z",
        "object_repr": "andy",
        "object_id": "2",
        "change_message": "Changed first_name, last_name and email.",
        "user": 1,
        "content_type": 5
    },
    "model": "admin.logentry",
    "pk": 403
},
{
    "fields": {
        "action_flag": 1,
        "action_time": "2015-09-01T12:23:26.616Z",
        "object_repr": "mauro",
        "object_id": "3",
        "change_message": "",
        "user": 1,
        "content_type": 5
    },
    "model": "admin.logentry",
    "pk": 404
},
{
    "fields": {
        "action_flag": 2,
        "action_time": "2015-09-01T12:23:38.310Z",
        "object_repr": "mauro",
        "object_id": "3",
        "change_message": "Changed first_name, last_name, email, is_staff and is_superuser.",
        "user": 1,
        "content_type": 5
    },
    "model": "admin.logentry",
    "pk": 405
},
{
    "fields": {
        "action_flag": 1,
        "action_time": "2015-09-01T12:24:18.871Z",
        "object_repr": "Profile object",
        "object_id": "3",
        "change_message": "",
        "user": 1,
        "content_type": 8
    },
    "model": "admin.logentry",
    "pk": 406
},
{
    "fields": {
        "action_flag": 2,
        "action_time": "2015-09-01T12:33:58.124Z",
        "object_repr": "Profile object",
        "object_id": "2",
        "change_message": "Changed institution and country.",
        "user": 1,
        "content_type": 8
    },
    "model": "admin.logentry",
    "pk": 407
},
{
    "fields": {
        "action_flag": 1,
        "action_time": "2015-09-01T12:57:01.960Z",
        "object_repr": "copyedit_instructions",
        "object_id": "26",
        "change_message": "",
        "user": 1,
        "content_type": 26
    },
    "model": "admin.logentry",
    "pk": 408
},
{
    "fields": {
        "action_flag": 2,
        "action_time": "2015-09-01T14:55:11.467Z",
        "object_repr": "18 - Test 1 ajrbyers",
        "object_id": "18",
        "change_message": "Changed completed.",
        "user": 1,
        "content_type": 52
    },
    "model": "admin.logentry",
    "pk": 409
},
{
    "fields": {
        "action_flag": 2,
        "action_time": "2015-09-01T14:58:00.227Z",
        "object_repr": "18 - Test 1 ajrbyers",
        "object_id": "18",
        "change_message": "Changed completed.",
        "user": 1,
        "content_type": 52
    },
    "model": "admin.logentry",
    "pk": 410
},
{
    "fields": {
        "action_flag": 2,
        "action_time": "2015-09-01T15:10:52.455Z",
        "object_repr": "24 - dsfsdf ajrbyers",
        "object_id": "24",
        "change_message": "Changed completed and copyedit_files.",
        "user": 1,
        "content_type": 52
    },
    "model": "admin.logentry",
    "pk": 411
},
{
    "fields": {
        "action_flag": 1,
        "action_time": "2015-09-01T19:00:21.921Z",
        "object_repr": "author_copyedit_request",
        "object_id": "27",
        "change_message": "",
        "user": 1,
        "content_type": 26
    },
    "model": "admin.logentry",
    "pk": 412
},
{
    "fields": {
        "action_flag": 2,
        "action_time": "2015-09-01T19:13:21.258Z",
        "object_repr": "author_copyedit_request",
        "object_id": "27",
        "change_message": "Changed value.",
        "user": 1,
        "content_type": 26
    },
    "model": "admin.logentry",
    "pk": 413
},
{
    "fields": {
        "action_flag": 1,
        "action_time": "2015-09-01T22:14:51.784Z",
        "object_repr": "copyedit_author_instructions",
        "object_id": "28",
        "change_message": "",
        "user": 1,
        "content_type": 26
    },
    "model": "admin.logentry",
    "pk": 414
},
{
    "fields": {
        "action_flag": 3,
        "action_time": "2015-09-01T22:33:13.951Z",
        "object_repr": "33 - Is A Test ajrbyers",
        "object_id": "33",
        "change_message": "",
        "user": 1,
        "content_type": 52
    },
    "model": "admin.logentry",
    "pk": 415
},
{
    "fields": {
        "action_flag": 3,
        "action_time": "2015-09-01T22:33:13.962Z",
        "object_repr": "32 - Is A Test andy",
        "object_id": "32",
        "change_message": "",
        "user": 1,
        "content_type": 52
    },
    "model": "admin.logentry",
    "pk": 416
},
{
    "fields": {
        "action_flag": 3,
        "action_time": "2015-09-01T22:33:13.974Z",
        "object_repr": "31 - Is A Test mauro",
        "object_id": "31",
        "change_message": "",
        "user": 1,
        "content_type": 52
    },
    "model": "admin.logentry",
    "pk": 417
},
{
    "fields": {
        "action_flag": 3,
        "action_time": "2015-09-01T22:33:13.983Z",
        "object_repr": "30 - Is A Test ajrbyers",
        "object_id": "30",
        "change_message": "",
        "user": 1,
        "content_type": 52
    },
    "model": "admin.logentry",
    "pk": 418
},
{
    "fields": {
        "action_flag": 3,
        "action_time": "2015-09-01T22:33:13.992Z",
        "object_repr": "29 - Is A Test andy",
        "object_id": "29",
        "change_message": "",
        "user": 1,
        "content_type": 52
    },
    "model": "admin.logentry",
    "pk": 419
},
{
    "fields": {
        "action_flag": 3,
        "action_time": "2015-09-01T22:33:14.001Z",
        "object_repr": "28 - Is A Test mauro",
        "object_id": "28",
        "change_message": "",
        "user": 1,
        "content_type": 52
    },
    "model": "admin.logentry",
    "pk": 420
},
{
    "fields": {
        "action_flag": 1,
        "action_time": "2015-09-01T22:44:22.991Z",
        "object_repr": "Indexer",
        "object_id": "8",
        "change_message": "",
        "user": 1,
        "content_type": 23
    },
    "model": "admin.logentry",
    "pk": 421
},
{
    "fields": {
        "action_flag": 1,
        "action_time": "2015-09-01T22:49:04.639Z",
        "object_repr": "index_request",
        "object_id": "29",
        "change_message": "",
        "user": 1,
        "content_type": 26
    },
    "model": "admin.logentry",
    "pk": 422
},
{
    "fields": {
        "action_flag": 2,
        "action_time": "2015-09-01T22:49:49.766Z",
        "object_repr": "index_request",
        "object_id": "29",
        "change_message": "Changed value.",
        "user": 1,
        "content_type": 26
    },
    "model": "admin.logentry",
    "pk": 423
},
{
    "fields": {
        "action_flag": 1,
        "action_time": "2015-09-02T00:15:11.955Z",
        "object_repr": "index_instructions",
        "object_id": "30",
        "change_message": "",
        "user": 1,
        "content_type": 26
    },
    "model": "admin.logentry",
    "pk": 424
},
{
    "fields": {
        "action_flag": 1,
        "action_time": "2015-09-02T12:18:31.435Z",
        "object_repr": "typeset_request",
        "object_id": "31",
        "change_message": "",
        "user": 1,
        "content_type": 26
    },
    "model": "admin.logentry",
    "pk": 425
},
{
    "fields": {
        "action_flag": 1,
        "action_time": "2015-09-02T12:19:54.593Z",
        "object_repr": "Typesetter",
        "object_id": "9",
        "change_message": "",
        "user": 1,
        "content_type": 23
    },
    "model": "admin.logentry",
    "pk": 426
},
{
    "fields": {
        "action_flag": 1,
        "action_time": "2015-09-02T13:29:20.718Z",
        "object_repr": "typeset_instructions",
        "object_id": "32",
        "change_message": "",
        "user": 1,
        "content_type": 26
    },
    "model": "admin.logentry",
    "pk": 427
},
{
    "fields": {
        "action_flag": 1,
        "action_time": "2015-09-02T13:49:16.949Z",
        "object_repr": "author_typeset_request",
        "object_id": "33",
        "change_message": "",
        "user": 1,
        "content_type": 26
    },
    "model": "admin.logentry",
    "pk": 428
}
]
